{"id": "00ff0a646a9f22f45da764daa8537699", "params": {"p": [2, 2, 2, 2, 2, 2, 2, 2, 2, 2], "w": [25, 20, 9, 27, 26, 16, 12, 19, 17, 11], "d1": [4, 17, 14, 15, 17, 13, 13, 7, 9, 9], "d2": [18, 19, 17, 17, 20, 18, 13, 8, 16, 16], "s1": [1, 13, 7, 12, 17, 12, 12, 4, 8, 8], "s2": [2, 14, 7, 14, 17, 12, 13, 6, 8, 9], "r": [1, 10, 7, 8, 9, 4, 5, 3, 6, 2]}, "results": {"wsrpt": {"exec_time": 0.0, "obj": 1251, "s": [1, 1, 8, 8, 6, 6, 9, 9, 4, 4, 5, 5, 2, 2, 7, 7, 10, 10, 3, 3], "ts": 1747940865}, "lp": {"solver": "highs", "exec_time": 0.42899632453918457, "ts": 1747940865, "obj": 188.0, "x": [[[0, 0, 0], 1.0], [[0, 1, 3], 1.0], [[1, 0, 13], 1.0], [[1, 1, 18], 1.0], [[2, 0, 6], 1.0], [[2, 1, 14], 1.0], [[3, 0, 11], 1.0], [[3, 1, 15], 1.0], [[4, 0, 16], 1.0], [[4, 1, 19], 1.0], [[5, 0, 10], 1.0], [[5, 1, 17], 1.0], [[6, 0, 9], 1.0], [[6, 1, 12], 1.0], [[7, 0, 2], 1.0], [[7, 1, 5], 1.0], [[8, 0, 7], 1.0], [[8, 1, 8], 1.0], [[9, 0, 1], 1.0], [[9, 1, 4], 1.0]]}, "a1": {"exec_time": 0.0, "obj": 188, "s": [1, 10, 8, 1, 10, 8, 3, 9, 9, 7, 6, 4, 7, 2, 3, 4, 5, 6, 2, 5]}, "a2": {"exec_time": 0.0, "obj": 188, "s": [1, 10, 8, 1, 10, 8, 3, 9, 9, 7, 6, 4, 7, 2, 3, 4, 5, 6, 2, 5], "ts": 1747940865}, "osp_blp": {"solver": "highs", "exec_time": 0.4649968147277832, "ts": 1747940865, "obj": 188, "x": [0, 3, 13, 18, 6, 15, 11, 14, 16, 19, 10, 17, 9, 12, 2, 5, 7, 8, 1, 4]}}}