{"id": "0171192262c212c35a177b6e2ed4498c", "params": {"p": [2, 2, 2, 2, 2, 2, 2, 2, 2, 2], "w": [7, 6, 18, 6, 4, 4, 4, 16, 8, 8], "d1": [13, 20, 5, 9, 14, 20, 13, 12, 14, 17], "d2": [20, 20, 6, 17, 19, 20, 15, 19, 16, 19], "s1": [11, 8, 3, 6, 12, 8, 9, 2, 14, 11], "s2": [11, 15, 5, 8, 12, 8, 13, 7, 14, 13], "r": [2, 5, 3, 4, 10, 6, 7, 1, 9, 8]}, "results": {"wsrpt": {"exec_time": 0.0, "obj": 605, "s": [8, 8, 3, 3, 1, 1, 2, 2, 9, 9, 10, 10, 4, 4, 5, 5, 6, 6, 7, 7], "ts": 1747940866}, "lp": {"solver": "highs", "exec_time": 0.41300511360168457, "ts": 1747940866, "obj": 119.0, "x": [[[0, 0, 1], 1.0], [[0, 1, 16], 1.0], [[1, 0, 7], 1.0], [[1, 1, 19], 1.0], [[2, 0, 2], 1.0], [[2, 1, 4], 1.0], [[3, 0, 3], 1.0], [[3, 1, 8], 1.0], [[4, 0, 9], 1.0], [[4, 1, 14], 1.0], [[5, 0, 5], 1.0], [[5, 1, 18], 1.0], [[6, 0, 6], 1.0], [[6, 1, 12], 1.0], [[7, 0, 0], 1.0], [[7, 1, 11], 1.0], [[8, 0, 13], 1.0], [[8, 1, 15], 1.0], [[9, 0, 10], 1.0], [[9, 1, 17], 1.0]]}, "a1": {"exec_time": 0.0, "obj": 119, "s": [8, 1, 3, 4, 3, 6, 7, 2, 4, 5, 10, 8, 7, 9, 5, 9, 1, 10, 6, 2]}, "a2": {"exec_time": 0.0, "obj": 119, "s": [8, 1, 3, 4, 3, 6, 7, 2, 4, 5, 10, 8, 7, 9, 5, 9, 1, 10, 6, 2], "ts": 1747940866}, "osp_blp": {"solver": "highs", "exec_time": 0.49900150299072266, "ts": 1747940867, "obj": 119, "x": [1, 16, 7, 19, 2, 4, 3, 8, 9, 15, 5, 18, 6, 12, 0, 11, 13, 14, 10, 17]}}}