{"id": "01b333bd8ff091f48d8fb6b885f59126", "params": {"p": [2, 2, 2, 2, 2, 2, 2, 2, 2, 2], "w": [26, 29, 16, 5, 9, 3, 21, 22, 28, 24], "d1": [9, 8, 12, 12, 7, 10, 12, 8, 16, 14], "d2": [20, 20, 17, 19, 18, 14, 17, 16, 18, 20], "s1": [8, 8, 3, 5, 2, 7, 11, 7, 10, 10], "s2": [9, 8, 5, 10, 2, 9, 11, 8, 10, 13], "r": [6, 5, 3, 1, 2, 7, 9, 4, 8, 10]}, "results": {"wsrpt": {"exec_time": 0.0, "obj": 1016, "s": [4, 4, 3, 3, 2, 2, 1, 1, 9, 9, 10, 10, 8, 8, 7, 7, 5, 5, 6, 6], "ts": 1747940867}, "lp": {"solver": "highs", "exec_time": 0.3930046558380127, "ts": 1747940867, "obj": 100.0, "x": [[[0, 0, 8], 1.0], [[0, 1, 18], 1.0], [[1, 0, 7], 1.0], [[1, 1, 17], 1.0], [[2, 0, 2], 1.0], [[2, 1, 14], 1.0], [[3, 0, 0], 1.0], [[3, 1, 3], 1.0], [[4, 0, 1], 1.0], [[4, 1, 4], 1.0], [[5, 0, 6], 1.0], [[5, 1, 12], 1.0], [[6, 0, 10], 1.0], [[6, 1, 16], 1.0], [[7, 0, 5], 1.0], [[7, 1, 13], 1.0], [[8, 0, 9], 1.0], [[8, 1, 15], 1.0], [[9, 0, 11], 1.0], [[9, 1, 19], 1.0]]}, "a1": {"exec_time": 0.0, "obj": 100, "s": [4, 5, 3, 4, 5, 8, 6, 2, 1, 9, 7, 10, 6, 8, 3, 9, 7, 2, 1, 10]}, "a2": {"exec_time": 0.0, "obj": 100, "s": [4, 5, 3, 4, 5, 8, 6, 2, 1, 9, 7, 10, 6, 8, 3, 9, 7, 2, 1, 10], "ts": 1747940867}, "osp_blp": {"solver": "highs", "exec_time": 0.5089988708496094, "ts": 1747940867, "obj": 100, "x": [8, 16, 7, 18, 2, 15, 0, 3, 1, 4, 6, 12, 10, 13, 5, 14, 9, 17, 11, 19]}}}