{"id": "03d8ad1fdaa0479e698e4e008994e2f5", "params": {"p": [2, 2, 2, 2, 2, 2, 2, 2, 2, 2], "w": [4, 19, 19, 29, 22, 15, 17, 2, 6, 28], "d1": [15, 18, 13, 18, 16, 10, 17, 9, 18, 10], "d2": [19, 20, 16, 18, 18, 11, 20, 14, 19, 11], "s1": [12, 18, 4, 14, 10, 9, 13, 6, 16, 8], "s2": [15, 18, 12, 14, 10, 10, 16, 9, 17, 10], "r": [10, 1, 4, 3, 8, 2, 9, 5, 7, 6]}, "results": {"wsrpt": {"exec_time": 0.0, "obj": 1990, "s": [2, 2, 4, 4, 3, 3, 10, 10, 5, 5, 7, 7, 6, 6, 9, 9, 1, 1, 8, 8], "ts": 1747940867}, "osp_blp": {"solver": "highs", "exec_time": 0.4530024528503418, "ts": 1747940868, "obj": 633, "x": [10, 11, 0, 19, 3, 12, 13, 17, 8, 15, 1, 2, 14, 16, 4, 5, 6, 18, 7, 9]}, "lp": {"solver": "highs", "exec_time": 0.462998628616333, "ts": 1747940868, "obj": 633.0, "x": [[[0, 0, 10], 1.0], [[0, 1, 11], 1.0], [[1, 0, 0], 1.0], [[1, 1, 19], 1.0], [[2, 0, 3], 1.0], [[2, 1, 14], 1.0], [[3, 0, 13], 1.0], [[3, 1, 17], 1.0], [[4, 0, 8], 1.0], [[4, 1, 15], 1.0], [[5, 0, 1], 1.0], [[5, 1, 2], 1.0], [[6, 0, 12], 1.0], [[6, 1, 16], 1.0], [[7, 0, 4], 1.0], [[7, 1, 5], 1.0], [[8, 0, 6], 1.0], [[8, 1, 18], 1.0], [[9, 0, 7], 1.0], [[9, 1, 9], 1.0]]}, "a1": {"exec_time": 0.0, "obj": 633, "s": [2, 6, 6, 3, 8, 8, 9, 10, 5, 10, 1, 1, 7, 4, 3, 5, 7, 4, 9, 2]}, "a2": {"exec_time": 0.0, "obj": 633, "s": [2, 6, 6, 3, 8, 8, 9, 10, 5, 10, 1, 1, 7, 4, 3, 5, 7, 4, 9, 2], "ts": 1747940868}}}