{"id": "041ecbb299da70479aba408902c4ba72", "params": {"p": [2, 2, 2, 2, 2, 2, 2, 2, 2, 2], "w": [18, 12, 29, 20, 11, 29, 19, 10, 20, 12], "d1": [6, 7, 8, 19, 18, 18, 12, 11, 13, 19], "d2": [19, 17, 9, 20, 20, 19, 20, 11, 18, 20], "s1": [2, 5, 4, 19, 12, 9, 9, 11, 10, 10], "s2": [5, 7, 6, 19, 16, 18, 10, 11, 12, 16], "r": [1, 4, 3, 7, 10, 2, 8, 9, 5, 6]}, "results": {"wsrpt": {"exec_time": 0.0, "obj": 1547, "s": [1, 1, 3, 3, 6, 6, 4, 4, 9, 9, 7, 7, 2, 2, 10, 10, 5, 5, 8, 8], "ts": 1747940868}, "lp": {"solver": "highs", "exec_time": 0.4219973087310791, "ts": 1747940868, "obj": 307.0, "x": [[[0, 0, 0], 1.0], [[0, 1, 1], 1.0], [[1, 0, 3], 1.0], [[1, 1, 4], 1.0], [[2, 0, 2], 1.0], [[2, 1, 6], 1.0], [[3, 0, 18], 1.0], [[3, 1, 19], 1.0], [[4, 0, 12], 1.0], [[4, 1, 15], 1.0], [[5, 0, 8], 1.0], [[5, 1, 17], 1.0], [[6, 0, 7], 1.0], [[6, 1, 14], 1.0], [[7, 0, 9], 1.0], [[7, 1, 10], 1.0], [[8, 0, 11], 1.0], [[8, 1, 13], 1.0], [[9, 0, 5], 1.0], [[9, 1, 16], 1.0]]}, "a1": {"exec_time": 0.0, "obj": 307, "s": [1, 1, 3, 2, 2, 10, 3, 7, 6, 8, 8, 9, 5, 9, 7, 5, 10, 6, 4, 4]}, "a2": {"exec_time": 0.0, "obj": 307, "s": [1, 1, 3, 2, 2, 10, 3, 7, 6, 8, 8, 9, 5, 9, 7, 5, 10, 6, 4, 4], "ts": 1747940868}, "osp_blp": {"solver": "highs", "exec_time": 0.5059967041015625, "ts": 1747940869, "obj": 307, "x": [0, 1, 3, 4, 2, 6, 18, 19, 14, 15, 8, 17, 7, 13, 9, 10, 11, 12, 5, 16]}}}