{"id": "048a7b3727e2471ebe44773cbfba558f", "params": {"p": [2, 2, 2, 2, 2, 2, 2, 2, 2, 2], "w": [25, 28, 3, 18, 15, 19, 21, 26, 12, 26], "d1": [11, 13, 14, 14, 9, 15, 19, 4, 17, 18], "d2": [15, 16, 20, 20, 14, 20, 19, 14, 18, 19], "s1": [10, 13, 9, 10, 8, 12, 17, 2, 8, 11], "s2": [11, 13, 10, 12, 9, 15, 17, 2, 10, 18], "r": [9, 10, 1, 4, 7, 6, 5, 2, 8, 3]}, "results": {"wsrpt": {"exec_time": 0.0, "obj": 1702, "s": [3, 8, 8, 10, 10, 7, 7, 6, 6, 2, 2, 1, 1, 4, 4, 5, 5, 9, 9, 3], "ts": 1747940869}, "lp": {"solver": "highs", "exec_time": 0.4380006790161133, "ts": 1747940869, "obj": 288.0, "x": [[[0, 0, 9], 1.0], [[0, 1, 11], 1.0], [[1, 0, 12], 1.0], [[1, 1, 13], 1.0], [[2, 0, 0], 1.0], [[2, 1, 2], 1.0], [[3, 0, 4], 1.0], [[3, 1, 19], 1.0], [[4, 0, 6], 1.0], [[4, 1, 8], 1.0], [[5, 0, 5], 1.0], [[5, 1, 14], 1.0], [[6, 0, 16], 1.0], [[6, 1, 18], 1.0], [[7, 0, 1], 1.0], [[7, 1, 3], 1.0], [[8, 0, 7], 1.0], [[8, 1, 15], 1.0], [[9, 0, 10], 1.0], [[9, 1, 17], 1.0]]}, "a1": {"exec_time": 0.0, "obj": 288, "s": [3, 8, 3, 8, 4, 6, 5, 9, 5, 1, 10, 1, 2, 2, 6, 9, 7, 10, 7, 4]}, "a2": {"exec_time": 0.0, "obj": 288, "s": [3, 8, 3, 8, 4, 6, 5, 9, 5, 1, 10, 1, 2, 2, 6, 9, 7, 10, 7, 4], "ts": 1747940869}, "osp_blp": {"solver": "highs", "exec_time": 0.47699904441833496, "ts": 1747940869, "obj": 288, "x": [9, 10, 12, 13, 0, 2, 4, 19, 6, 8, 5, 14, 16, 18, 1, 3, 7, 15, 11, 17]}}}