{"id": "04a253804264e21e4bafa3a88c064cc8", "params": {"p": [2, 2, 2, 2, 2, 2, 2, 2, 2, 2], "w": [11, 17, 14, 5, 24, 21, 16, 26, 10, 13], "d1": [19, 18, 13, 16, 8, 4, 18, 12, 19, 20], "d2": [20, 19, 16, 19, 19, 4, 19, 15, 19, 20], "s1": [7, 10, 7, 12, 5, 1, 15, 7, 19, 18], "s2": [9, 18, 13, 15, 7, 2, 17, 8, 19, 18], "r": [7, 3, 5, 2, 4, 1, 9, 6, 10, 8]}, "results": {"wsrpt": {"exec_time": 0.0, "obj": 1086, "s": [6, 6, 2, 2, 5, 5, 8, 8, 7, 7, 3, 3, 10, 10, 1, 1, 9, 9, 4, 4], "ts": 1747940869}, "lp": {"solver": "highs", "exec_time": 0.41900205612182617, "ts": 1747940869, "obj": 301.0, "x": [[[0, 0, 6], 1.0], [[0, 1, 18], 1.0], [[1, 0, 9], 1.0], [[1, 1, 17], 1.0], [[2, 0, 5], 1.0], [[2, 1, 12], 1.0], [[3, 0, 1], 1.0], [[3, 1, 2], 1.0], [[4, 0, 4], 1.0], [[4, 1, 8], 1.0], [[5, 0, 0], 1.0], [[5, 1, 3], 1.0], [[6, 0, 14], 1.0], [[6, 1, 16], 1.0], [[7, 0, 7], 1.0], [[7, 1, 11], 1.0], [[8, 0, 10], 0.5000001666666667], [[8, 0, 13], 0.4999998333333333], [[8, 1, 10], 0.4999998333333333], [[8, 1, 13], 0.5000001666666667], [[9, 0, 15], 1.0], [[9, 1, 19], 1.0]]}, "a1": {"exec_time": 0.0, "obj": 301, "s": [6, 4, 4, 6, 5, 3, 1, 8, 5, 2, 9, 8, 3, 9, 7, 10, 7, 2, 1, 10]}, "a2": {"exec_time": 0.0, "obj": 301, "s": [6, 4, 4, 6, 5, 3, 1, 8, 5, 2, 9, 8, 3, 9, 7, 10, 7, 2, 1, 10], "ts": 1747940869}, "osp_blp": {"solver": "highs", "exec_time": 0.4900023937225342, "ts": 1747940870, "obj": 301, "x": [6, 18, 9, 17, 5, 12, 1, 2, 4, 8, 0, 3, 14, 16, 7, 11, 10, 13, 15, 19]}}}