{"id": "04bbcadc110e78bfdf90701f577cfc17", "params": {"p": [2, 2, 2, 2, 2, 2, 2, 2, 2, 2], "w": [17, 24, 2, 1, 9, 21, 28, 16, 24, 3], "d1": [20, 14, 19, 17, 8, 11, 10, 19, 9, 12], "d2": [20, 17, 19, 18, 14, 17, 12, 19, 17, 15], "s1": [19, 10, 15, 10, 4, 3, 8, 9, 9, 10], "s2": [20, 11, 18, 12, 8, 11, 10, 18, 9, 12], "r": [7, 10, 8, 1, 2, 3, 4, 9, 5, 6]}, "results": {"wsrpt": {"exec_time": 0.0, "obj": 836, "s": [4, 5, 6, 6, 7, 7, 9, 9, 5, 2, 2, 1, 1, 8, 8, 10, 10, 3, 3, 4], "ts": 1747940870}, "lp": {"solver": "highs", "exec_time": 0.42799973487854004, "ts": 1747940870, "obj": 98.0, "x": [[[0, 0, 18], 1.0], [[0, 1, 19], 1.0], [[1, 0, 9], 1.0], [[1, 1, 15], 1.0], [[2, 0, 14], 1.0], [[2, 1, 16], 1.0], [[3, 0, 0], 1.0], [[3, 1, 1], 1.0], [[4, 0, 3], 1.0], [[4, 1, 4], 1.0], [[5, 0, 2], 1.0], [[5, 1, 12], 1.0], [[6, 0, 7], 1.0], [[6, 1, 10], 1.0], [[7, 0, 11], 1.0], [[7, 1, 17], 1.0], [[8, 0, 8], 1.0], [[8, 1, 13], 1.0], [[9, 0, 5], 1.0], [[9, 1, 6], 1.0]]}, "a1": {"exec_time": 0.0, "obj": 98, "s": [4, 4, 6, 5, 5, 10, 10, 7, 9, 2, 7, 8, 6, 9, 3, 2, 3, 8, 1, 1]}, "a2": {"exec_time": 0.0, "obj": 98, "s": [4, 4, 6, 5, 5, 10, 10, 7, 9, 2, 7, 8, 6, 9, 3, 2, 3, 8, 1, 1], "ts": 1747940870}, "osp_blp": {"solver": "highs", "exec_time": 0.4500007629394531, "ts": 1747940870, "obj": 98, "x": [18, 19, 10, 13, 15, 16, 0, 1, 3, 4, 2, 12, 7, 11, 9, 17, 8, 14, 5, 6]}}}