{"id": "04c2a5abc769b8cdc005d62d2464995b", "params": {"p": [2, 2, 2, 2, 2, 2, 2, 2, 2, 2], "w": [22, 1, 20, 12, 4, 24, 25, 18, 20, 15], "d1": [12, 5, 5, 16, 10, 16, 17, 15, 19, 17], "d2": [20, 12, 6, 19, 16, 18, 18, 20, 20, 20], "s1": [6, 3, 2, 14, 6, 12, 15, 12, 18, 13], "s2": [9, 4, 3, 16, 7, 12, 16, 15, 18, 13], "r": [1, 3, 2, 8, 6, 7, 10, 9, 4, 5]}, "results": {"wsrpt": {"exec_time": 0.0, "obj": 1667, "s": [1, 1, 3, 3, 9, 9, 6, 6, 8, 8, 7, 7, 10, 10, 4, 4, 5, 5, 2, 2], "ts": 1747940870}, "lp": {"solver": "highs", "exec_time": 0.41299867630004883, "ts": 1747940870, "obj": 355.0, "x": [[[0, 0, 0], 1.0], [[0, 1, 10], 1.0], [[1, 0, 2], 1.0], [[1, 1, 3], 1.0], [[2, 0, 1], 1.0], [[2, 1, 4], 1.0], [[3, 0, 7], 1.0], [[3, 1, 8], 1.0], [[4, 0, 5], 1.0], [[4, 1, 6], 1.0], [[5, 0, 11], 1.0], [[5, 1, 15], 1.0], [[6, 0, 14], 1.0], [[6, 1, 16], 1.0], [[7, 0, 9], 1.0], [[7, 1, 13], 1.0], [[8, 0, 17], 1.0], [[8, 1, 18], 1.0], [[9, 0, 12], 1.0], [[9, 1, 19], 1.0]]}, "a1": {"exec_time": 0.0, "obj": 355, "s": [1, 3, 2, 2, 3, 5, 5, 4, 4, 8, 1, 6, 10, 8, 7, 6, 7, 9, 9, 10]}, "a2": {"exec_time": 0.0, "obj": 355, "s": [1, 3, 2, 2, 3, 5, 5, 4, 4, 8, 1, 6, 10, 8, 7, 6, 7, 9, 9, 10], "ts": 1747940870}, "osp_blp": {"solver": "highs", "exec_time": 0.4960014820098877, "ts": 1747940870, "obj": 355, "x": [0, 10, 2, 3, 1, 4, 7, 8, 5, 6, 11, 15, 14, 16, 9, 13, 17, 19, 12, 18]}}}