{"id": "058a475f40365facdac5eb962c7b493b", "params": {"p": [2, 2, 2, 2, 2, 2, 2, 2, 2, 2], "w": [13, 13, 19, 8, 21, 2, 17, 20, 7, 21], "d1": [17, 16, 16, 12, 16, 11, 10, 9, 13, 19], "d2": [20, 19, 20, 18, 16, 20, 14, 12, 15, 19], "s1": [17, 9, 14, 11, 12, 8, 9, 9, 7, 17], "s2": [17, 14, 15, 12, 13, 8, 9, 9, 7, 17], "r": [8, 7, 3, 6, 9, 1, 5, 2, 4, 10]}, "results": {"wsrpt": {"exec_time": 0.0, "obj": 1524, "s": [6, 8, 8, 3, 3, 7, 7, 1, 1, 5, 5, 10, 10, 2, 2, 4, 4, 9, 9, 6], "ts": 1747940871}, "lp": {"solver": "highs", "exec_time": 0.38399600982666016, "ts": 1747940872, "obj": 385.0, "x": [[[0, 0, 14], 1.0], [[0, 1, 19], 1.0], [[1, 0, 6], 1.0], [[1, 1, 12], 1.0], [[2, 0, 13], 1.0], [[2, 1, 17], 1.0], [[3, 0, 5], 1.0], [[3, 1, 10], 1.0], [[4, 0, 11], 1.0], [[4, 1, 15], 1.0], [[5, 0, 0], 1.0], [[5, 1, 1], 1.0], [[6, 0, 7], 1.0], [[6, 1, 9], 1.0], [[7, 0, 2], 1.0], [[7, 1, 8], 1.0], [[8, 0, 3], 1.0], [[8, 1, 4], 1.0], [[9, 0, 16], 1.0], [[9, 1, 18], 1.0]]}, "a1": {"exec_time": 0.0, "obj": 385, "s": [6, 6, 8, 9, 9, 4, 2, 7, 8, 7, 4, 5, 2, 3, 1, 5, 10, 3, 10, 1]}, "a2": {"exec_time": 0.0, "obj": 385, "s": [6, 6, 8, 9, 9, 4, 2, 7, 8, 7, 4, 5, 2, 3, 1, 5, 10, 3, 10, 1], "ts": 1747940872}, "osp_blp": {"solver": "highs", "exec_time": 0.48000431060791016, "ts": 1747940872, "obj": 385, "x": [12, 17, 6, 14, 13, 19, 5, 10, 11, 15, 0, 1, 7, 9, 2, 8, 3, 4, 16, 18]}}}