{"id": "06b3094d7542b485121155def97fb665", "params": {"p": [2, 2, 2, 2, 2, 2, 2, 2, 2, 2], "w": [16, 6, 8, 16, 27, 17, 2, 17, 13, 21], "d1": [13, 7, 11, 17, 18, 19, 11, 12, 3, 16], "d2": [17, 17, 16, 18, 18, 20, 17, 15, 13, 16], "s1": [10, 5, 6, 9, 15, 4, 11, 10, 3, 11], "s2": [13, 6, 6, 16, 16, 4, 11, 12, 3, 15], "r": [10, 4, 2, 7, 5, 3, 8, 9, 1, 6]}, "results": {"wsrpt": {"exec_time": 0.0, "obj": 1438, "s": [9, 9, 6, 6, 5, 5, 10, 10, 8, 8, 1, 1, 4, 4, 3, 3, 2, 2, 7, 7], "ts": 1747940872}, "lp": {"solver": "highs", "exec_time": 0.404987096786499, "ts": 1747940872, "obj": 106.0, "x": [[[0, 0, 10], 1.0], [[0, 1, 12], 1.0], [[1, 0, 4], 1.0], [[1, 1, 5], 1.0], [[2, 0, 1], 1.0], [[2, 1, 6], 1.0], [[3, 0, 8], 1.0], [[3, 1, 16], 1.0], [[4, 0, 14], 1.0], [[4, 1, 17], 1.0], [[5, 0, 3], 1.0], [[5, 1, 19], 1.0], [[6, 0, 7], 1.0], [[6, 1, 18], 1.0], [[7, 0, 9], 1.0], [[7, 1, 11], 1.0], [[8, 0, 0], 1.0], [[8, 1, 2], 1.0], [[9, 0, 13], 1.0], [[9, 1, 15], 1.0]]}, "a1": {"exec_time": 0.0, "obj": 106, "s": [9, 3, 9, 6, 2, 2, 3, 7, 4, 8, 1, 8, 1, 10, 5, 10, 4, 5, 7, 6]}, "a2": {"exec_time": 0.0, "obj": 106, "s": [9, 3, 9, 6, 2, 2, 3, 7, 4, 8, 1, 8, 1, 10, 5, 10, 4, 5, 7, 6], "ts": 1747940872}, "osp_blp": {"solver": "highs", "exec_time": 0.46700000762939453, "ts": 1747940872, "obj": 106, "x": [10, 12, 4, 5, 1, 6, 8, 16, 14, 17, 3, 19, 7, 18, 9, 13, 0, 2, 11, 15]}}}