{"id": "080f62362ce679739f7822fc428eb740", "params": {"p": [2, 2, 2, 2, 2, 2, 2, 2, 2, 2], "w": [21, 11, 22, 16, 5, 29, 17, 26, 6, 22], "d1": [7, 20, 20, 12, 15, 12, 17, 15, 13, 12], "d2": [15, 20, 20, 12, 18, 14, 18, 18, 13, 12], "s1": [6, 9, 5, 7, 9, 8, 15, 11, 8, 6], "s2": [6, 11, 11, 8, 9, 10, 15, 13, 13, 7], "r": [2, 6, 4, 5, 8, 7, 10, 9, 3, 1]}, "results": {"wsrpt": {"exec_time": 0.0, "obj": 1558, "s": [10, 10, 1, 1, 3, 3, 6, 6, 8, 8, 7, 7, 4, 4, 2, 2, 9, 9, 5, 5], "ts": 1747940873}, "osp_blp": {"solver": "highs", "exec_time": 0.45799946784973145, "ts": 1747940873, "obj": 321, "x": [1, 6, 9, 18, 4, 19, 5, 10, 8, 15, 7, 13, 14, 17, 12, 16, 2, 3, 0, 11]}, "lp": {"solver": "highs", "exec_time": 0.4819982051849365, "ts": 1747940873, "obj": 321.0, "x": [[[0, 0, 1], 1.0], [[0, 1, 6], 1.0], [[1, 0, 9], 1.0], [[1, 1, 18], 1.0], [[2, 0, 4], 1.0], [[2, 1, 19], 1.0], [[3, 0, 5], 1.0], [[3, 1, 10], 1.0], [[4, 0, 8], 1.0], [[4, 1, 15], 1.0], [[5, 0, 7], 1.0], [[5, 1, 13], 1.0], [[6, 0, 14], 1.0], [[6, 1, 16], 1.0], [[7, 0, 12], 1.0], [[7, 1, 17], 1.0], [[8, 0, 2], 1.0], [[8, 1, 3], 1.0], [[9, 0, 0], 1.0], [[9, 1, 11], 1.0]]}, "a1": {"exec_time": 0.0, "obj": 321, "s": [10, 1, 9, 9, 3, 4, 1, 6, 5, 2, 4, 10, 8, 6, 7, 5, 7, 8, 2, 3]}, "a2": {"exec_time": 0.0, "obj": 321, "s": [10, 1, 9, 9, 3, 4, 1, 6, 5, 2, 4, 10, 8, 6, 7, 5, 7, 8, 2, 3], "ts": 1747940873}}}