{"id": "085443cab7a24267dac18e9b2a84fb6f", "params": {"p": [2, 2, 2, 2, 2, 2, 2, 2, 2, 2], "w": [9, 4, 20, 23, 16, 6, 3, 2, 22, 16], "d1": [19, 14, 12, 12, 9, 10, 12, 11, 16, 9], "d2": [20, 14, 13, 17, 9, 19, 18, 18, 17, 11], "s1": [6, 13, 9, 9, 5, 8, 9, 8, 12, 7], "s2": [6, 14, 9, 11, 8, 9, 11, 8, 15, 9], "r": [2, 10, 5, 7, 4, 8, 9, 1, 3, 6]}, "results": {"wsrpt": {"exec_time": 0.0, "obj": 1164, "s": [8, 1, 9, 9, 3, 3, 4, 4, 1, 5, 5, 10, 10, 6, 6, 2, 2, 8, 7, 7], "ts": 1747940873}, "lp": {"solver": "highs", "exec_time": 0.41299986839294434, "ts": 1747940874, "obj": 187.0, "x": [[[0, 0, 2], 1.0], [[0, 1, 19], 1.0], [[1, 0, 12], 1.0], [[1, 1, 13], 1.0], [[2, 0, 8], 1.0], [[2, 1, 11], 1.0], [[3, 0, 10], 1.0], [[3, 1, 16], 1.0], [[4, 0, 3], 1.0], [[4, 1, 4], 1.0], [[5, 0, 7], 1.0], [[5, 1, 18], 1.0], [[6, 0, 9], 1.0], [[6, 1, 17], 1.0], [[7, 0, 0], 1.0], [[7, 1, 1], 1.0], [[8, 0, 14], 1.0], [[8, 1, 15], 1.0], [[9, 0, 5], 1.0], [[9, 1, 6], 1.0]]}, "a1": {"exec_time": 0.0, "obj": 187, "s": [8, 8, 1, 5, 5, 10, 10, 6, 3, 7, 4, 3, 2, 2, 9, 9, 4, 7, 6, 1]}, "a2": {"exec_time": 0.0, "obj": 187, "s": [8, 8, 1, 5, 5, 10, 10, 6, 3, 7, 4, 3, 2, 2, 9, 9, 4, 7, 6, 1], "ts": 1747940874}, "osp_blp": {"solver": "highs", "exec_time": 0.46599459648132324, "ts": 1747940874, "obj": 187, "x": [2, 19, 12, 13, 8, 11, 10, 15, 3, 4, 7, 18, 9, 17, 0, 1, 14, 16, 5, 6]}}}