{"id": "09b44e56566acabf5663aa27130b4957", "params": {"p": [2, 2, 2, 2, 2, 2, 2, 2, 2, 2], "w": [11, 1, 28, 14, 2, 16, 9, 12, 24, 28], "d1": [13, 20, 6, 13, 7, 9, 10, 14, 11, 14], "d2": [19, 20, 18, 13, 18, 12, 14, 20, 20, 18], "s1": [10, 15, 3, 12, 1, 6, 10, 13, 9, 12], "s2": [12, 15, 6, 12, 2, 8, 10, 13, 11, 14], "r": [10, 4, 2, 7, 1, 5, 8, 6, 9, 3]}, "results": {"wsrpt": {"exec_time": 0.0, "obj": 863, "s": [5, 3, 3, 10, 10, 6, 6, 4, 4, 9, 9, 8, 8, 1, 1, 7, 7, 5, 2, 2], "ts": 1747940874}, "lp": {"solver": "highs", "exec_time": 0.41699934005737305, "ts": 1747940874, "obj": 94.0, "x": [[[0, 0, 10], 1.0], [[0, 1, 16], 1.0], [[1, 0, 3], 1.0], [[1, 1, 4], 1.0], [[2, 0, 2], 1.0], [[2, 1, 5], 1.0], [[3, 0, 11], 1.0], [[3, 1, 12], 1.0], [[4, 0, 0], 1.0], [[4, 1, 1], 1.0], [[5, 0, 6], 1.0], [[5, 1, 7], 1.0], [[6, 0, 9], 1.0], [[6, 1, 15], 1.0], [[7, 0, 14], 1.0], [[7, 1, 19], 1.0], [[8, 0, 8], 1.0], [[8, 1, 18], 1.0], [[9, 0, 13], 1.0], [[9, 1, 17], 1.0]]}, "a1": {"exec_time": 0.0, "obj": 94, "s": [5, 5, 3, 2, 2, 3, 6, 6, 9, 7, 1, 4, 4, 10, 8, 7, 1, 10, 9, 8]}, "a2": {"exec_time": 0.0, "obj": 94, "s": [5, 5, 3, 2, 2, 3, 6, 6, 9, 7, 1, 4, 4, 10, 8, 7, 1, 10, 9, 8], "ts": 1747940874}, "osp_blp": {"solver": "highs", "exec_time": 0.501997709274292, "ts": 1747940874, "obj": 94, "x": [10, 18, 3, 4, 2, 6, 11, 12, 0, 1, 5, 7, 9, 15, 14, 16, 8, 19, 13, 17]}}}