{"id": "09d5db986721dab5c2bbb90df778aa64", "params": {"p": [2, 2, 2, 2, 2, 2, 2, 2, 2, 2], "w": [10, 15, 12, 26, 3, 28, 30, 2, 14, 24], "d1": [16, 20, 14, 9, 15, 17, 13, 20, 13, 9], "d2": [17, 20, 19, 17, 18, 20, 14, 20, 17, 15], "s1": [16, 15, 11, 5, 5, 7, 6, 12, 13, 7], "s2": [16, 16, 11, 9, 6, 15, 7, 17, 13, 9], "r": [8, 9, 3, 4, 2, 1, 5, 6, 10, 7]}, "results": {"wsrpt": {"exec_time": 0.0, "obj": 1293, "s": [6, 6, 3, 4, 4, 7, 7, 3, 10, 10, 2, 2, 9, 9, 1, 1, 5, 5, 8, 8], "ts": 1747940874}, "lp": {"solver": "highs", "exec_time": 0.44500160217285156, "ts": 1747940875, "obj": 319.0, "x": [[[0, 0, 15], 1.0], [[0, 1, 16], 1.0], [[1, 0, 14], 1.0], [[1, 1, 19], 1.0], [[2, 0, 10], 1.0], [[2, 1, 18], 1.0], [[3, 0, 3], 1.0], [[3, 1, 9], 1.0], [[4, 0, 1], 1.0], [[4, 1, 2], 1.0], [[5, 0, 0], 1.0], [[5, 1, 17], 1.0], [[6, 0, 4], 1.0], [[6, 1, 12], 1.0], [[7, 0, 5], 1.0], [[7, 1, 7], 1.0], [[8, 0, 11], 1.0], [[8, 1, 13], 1.0], [[9, 0, 6], 1.0], [[9, 1, 8], 1.0]]}, "a1": {"exec_time": 0.0, "obj": 319, "s": [6, 5, 5, 4, 7, 8, 10, 8, 10, 4, 3, 9, 7, 9, 2, 1, 1, 6, 3, 2]}, "a2": {"exec_time": 0.0, "obj": 319, "s": [6, 5, 5, 4, 7, 8, 10, 8, 10, 4, 3, 9, 7, 9, 2, 1, 1, 6, 3, 2], "ts": 1747940875}, "osp_blp": {"solver": "highs", "exec_time": 0.46200084686279297, "ts": 1747940875, "obj": 319, "x": [15, 16, 14, 19, 10, 18, 3, 8, 1, 2, 0, 17, 4, 13, 5, 7, 11, 12, 6, 9]}}}