{"id": "0a157baf5ca588e850e330b43c31f1ee", "params": {"p": [2, 2, 2, 2, 2, 2, 2, 2, 2, 2], "w": [20, 7, 20, 2, 14, 16, 15, 2, 4, 21], "d1": [6, 12, 9, 10, 5, 19, 13, 15, 15, 17], "d2": [13, 14, 13, 18, 19, 19, 14, 20, 16, 17], "s1": [4, 5, 8, 8, 3, 4, 8, 14, 10, 13], "s2": [4, 10, 9, 8, 4, 5, 8, 15, 11, 17], "r": [4, 5, 2, 7, 1, 3, 8, 10, 9, 6]}, "results": {"wsrpt": {"exec_time": 0.0, "obj": 936, "s": [5, 5, 3, 3, 1, 1, 10, 10, 6, 6, 7, 7, 2, 2, 9, 9, 4, 4, 8, 8], "ts": 1747940875}, "lp": {"solver": "highs", "exec_time": 0.45599985122680664, "ts": 1747940875, "obj": 88.0, "x": [[[0, 0, 3], 1.0], [[0, 1, 5], 1.0], [[1, 0, 4], 1.0], [[1, 1, 11], 1.0], [[2, 0, 8], 1.0], [[2, 1, 9], 1.0], [[3, 0, 6], 1.0], [[3, 1, 17], 1.0], [[4, 0, 0], 1.0], [[4, 1, 1], 1.0], [[5, 0, 2], 1.0], [[5, 1, 18], 1.0], [[6, 0, 7], 1.0], [[6, 1, 12], 1.0], [[7, 0, 14], 1.0], [[7, 1, 19], 1.0], [[8, 0, 10], 1.0], [[8, 1, 15], 1.0], [[9, 0, 13], 1.0], [[9, 1, 16], 1.0]]}, "a1": {"exec_time": 0.0, "obj": 88, "s": [5, 5, 6, 1, 2, 1, 4, 7, 3, 3, 9, 2, 7, 10, 8, 9, 10, 4, 6, 8]}, "a2": {"exec_time": 0.0, "obj": 88, "s": [5, 5, 6, 1, 2, 1, 4, 7, 3, 3, 9, 2, 7, 10, 8, 9, 10, 4, 6, 8], "ts": 1747940875}, "osp_blp": {"solver": "highs", "exec_time": 0.46999454498291016, "ts": 1747940875, "obj": 88, "x": [3, 5, 4, 11, 8, 9, 6, 17, 0, 1, 2, 18, 7, 13, 14, 19, 10, 15, 12, 16]}}}