{"id": "0a225fbd3ae2b7782e0cd0ce84fd291d", "params": {"p": [2, 2, 2, 2, 2, 2, 2, 2, 2, 2], "w": [3, 30, 2, 9, 20, 11, 30, 27, 20, 22], "d1": [11, 9, 18, 16, 12, 19, 8, 15, 14, 15], "d2": [19, 12, 19, 20, 19, 19, 12, 17, 15, 17], "s1": [11, 7, 10, 15, 11, 10, 5, 7, 6, 7], "s2": [11, 8, 16, 15, 11, 16, 5, 13, 14, 12], "r": [1, 2, 9, 7, 8, 10, 5, 3, 4, 6]}, "results": {"wsrpt": {"exec_time": 0.0, "obj": 1024, "s": [1, 2, 2, 8, 8, 7, 7, 10, 10, 5, 5, 9, 9, 6, 6, 4, 4, 1, 3, 3], "ts": 1747940875}, "lp": {"solver": "highs", "exec_time": 0.4089982509613037, "ts": 1747940876, "obj": 227.0, "x": [[[0, 0, 0], 1.0], [[0, 1, 1], 1.0], [[1, 0, 6], 1.0], [[1, 1, 8], 1.0], [[2, 0, 9], 1.0], [[2, 1, 17], 1.0], [[3, 0, 14], 1.0], [[3, 1, 19], 1.0], [[4, 0, 10], 1.0], [[4, 1, 12], 1.0], [[5, 0, 11], 1.0], [[5, 1, 18], 1.0], [[6, 0, 4], 1.0], [[6, 1, 7], 1.0], [[7, 0, 2], 1.0], [[7, 1, 16], 1.0], [[8, 0, 3], 1.0], [[8, 1, 13], 1.0], [[9, 0, 5], 1.0], [[9, 1, 15], 1.0]]}, "a1": {"exec_time": 0.0, "obj": 227, "s": [1, 1, 8, 9, 7, 10, 2, 7, 2, 3, 5, 6, 5, 9, 4, 10, 8, 3, 6, 4]}, "a2": {"exec_time": 0.0, "obj": 227, "s": [1, 1, 8, 9, 7, 10, 2, 7, 2, 3, 5, 6, 5, 9, 4, 10, 8, 3, 6, 4], "ts": 1747940876}, "osp_blp": {"solver": "highs", "exec_time": 0.5210003852844238, "ts": 1747940876, "obj": 227, "x": [0, 1, 6, 8, 9, 17, 14, 19, 10, 12, 11, 18, 4, 7, 2, 16, 3, 13, 5, 15]}}}