{"id": "0a4c016fca1610a542d10f376d9ecc9d", "params": {"p": [2, 2, 2, 2, 2, 2, 2, 2, 2, 2], "w": [3, 24, 15, 24, 19, 22, 21, 2, 2, 23], "d1": [20, 15, 15, 14, 13, 8, 7, 13, 18, 11], "d2": [20, 15, 17, 14, 17, 17, 10, 14, 20, 16], "s1": [10, 9, 13, 10, 7, 7, 7, 10, 16, 9], "s2": [13, 12, 13, 10, 10, 8, 7, 10, 17, 9], "r": [3, 6, 7, 10, 4, 1, 5, 8, 9, 2]}, "results": {"wsrpt": {"exec_time": 0.0, "obj": 1030, "s": [6, 6, 10, 10, 7, 7, 2, 2, 5, 5, 4, 4, 3, 3, 1, 1, 8, 8, 9, 9], "ts": 1747940876}, "lp": {"solver": "highs", "exec_time": 0.4330167770385742, "ts": 1747940876, "obj": 408.0, "x": [[[0, 0, 2], 1.0], [[0, 1, 3], 1.0], [[1, 0, 11], 1.0], [[1, 1, 14], 1.0], [[2, 0, 12], 1.0], [[2, 1, 16], 1.0], [[3, 0, 9], 1.0], [[3, 1, 13], 1.0], [[4, 0, 4], 1.0], [[4, 1, 15], 1.0], [[5, 0, 0], 1.0], [[5, 1, 1], 1.0], [[6, 0, 5], 1.0], [[6, 1, 6], 1.0], [[7, 0, 7], 1.0], [[7, 1, 18], 1.0], [[8, 0, 17], 1.0], [[8, 1, 19], 1.0], [[9, 0, 8], 1.0], [[9, 1, 10], 1.0]]}, "a1": {"exec_time": 0.0, "obj": 408, "s": [6, 6, 1, 1, 5, 7, 7, 8, 10, 4, 10, 2, 3, 4, 2, 5, 3, 9, 8, 9]}, "a2": {"exec_time": 0.0, "obj": 408, "s": [6, 6, 1, 1, 5, 7, 7, 8, 10, 4, 10, 2, 3, 4, 2, 5, 3, 9, 8, 9], "ts": 1747940876}, "osp_blp": {"solver": "highs", "exec_time": 0.4749946594238281, "ts": 1747940876, "obj": 408, "x": [2, 3, 11, 14, 12, 15, 9, 13, 4, 16, 0, 1, 5, 6, 7, 17, 18, 19, 8, 10]}}}