{"id": "0b75fefc042687cbc365e41b81ad739f", "params": {"p": [2, 2, 2, 2, 2, 2, 2, 2, 2, 2], "w": [18, 26, 17, 23, 16, 10, 24, 6, 18, 7], "d1": [17, 9, 13, 17, 14, 20, 18, 14, 7, 7], "d2": [20, 10, 16, 20, 20, 20, 20, 16, 10, 17], "s1": [13, 6, 9, 3, 13, 13, 18, 10, 7, 7], "s2": [17, 8, 9, 4, 14, 18, 18, 10, 7, 7], "r": [4, 1, 8, 3, 6, 9, 10, 7, 2, 5]}, "results": {"wsrpt": {"exec_time": 0.0, "obj": 1511, "s": [2, 2, 4, 4, 1, 1, 9, 9, 3, 3, 7, 7, 5, 5, 6, 6, 10, 10, 8, 8], "ts": 1747940876}, "lp": {"solver": "highs", "exec_time": 0.4570002555847168, "ts": 1747940877, "obj": 403.0, "x": [[[0, 0, 12], 1.0], [[0, 1, 15], 1.0], [[1, 0, 0], 1.0], [[1, 1, 9], 1.0], [[2, 0, 8], 1.0], [[2, 1, 14], 1.0], [[3, 0, 2], 1.0], [[3, 1, 16], 1.0], [[4, 0, 11], 1.0], [[4, 1, 13], 1.0], [[5, 0, 10], 1.0], [[5, 1, 19], 1.0], [[6, 0, 17], 1.0], [[6, 1, 18], 1.0], [[7, 0, 6], 1.0], [[7, 1, 7], 1.0], [[8, 0, 1], 1.0], [[8, 1, 3], 1.0], [[9, 0, 4], 1.0], [[9, 1, 5], 1.0]]}, "a1": {"exec_time": 0.0, "obj": 403, "s": [2, 9, 4, 9, 10, 10, 8, 8, 3, 2, 6, 5, 1, 5, 3, 1, 4, 7, 7, 6]}, "a2": {"exec_time": 0.0, "obj": 403, "s": [2, 9, 4, 9, 10, 10, 8, 8, 3, 2, 6, 5, 1, 5, 3, 1, 4, 7, 7, 6], "ts": 1747940877}, "osp_blp": {"solver": "highs", "exec_time": 0.5189981460571289, "ts": 1747940877, "obj": 403, "x": [13, 15, 0, 9, 8, 12, 2, 16, 11, 14, 10, 19, 17, 18, 6, 7, 1, 3, 4, 5]}}}