{"id": "0bb29319755d35a297059865ba2760fb", "params": {"p": [2, 2, 2, 2, 2, 2, 2, 2, 2, 2], "w": [20, 3, 29, 29, 30, 11, 30, 24, 2, 28], "d1": [20, 19, 15, 17, 19, 16, 15, 12, 12, 14], "d2": [20, 20, 15, 20, 20, 16, 17, 19, 16, 17], "s1": [8, 9, 13, 11, 14, 16, 12, 8, 6, 11], "s2": [19, 15, 15, 14, 18, 16, 13, 10, 6, 12], "r": [3, 4, 6, 1, 10, 9, 7, 8, 5, 2]}, "results": {"wsrpt": {"exec_time": 0.0, "obj": 2616, "s": [4, 4, 10, 10, 1, 1, 7, 7, 3, 3, 5, 5, 8, 8, 6, 6, 2, 2, 9, 9], "ts": 1747940877}, "lp": {"solver": "highs", "exec_time": 0.4429965019226074, "ts": 1747940877, "obj": 874.0, "x": [[[0, 0, 2], 1.0], [[0, 1, 19], 1.0], [[1, 0, 3], 1.0], [[1, 1, 6], 1.0], [[2, 0, 12], 1.0], [[2, 1, 14], 1.0], [[3, 0, 0], 1.0], [[3, 1, 17], 1.0], [[4, 0, 15], 1.0], [[4, 1, 18], 1.0], [[5, 0, 8], 1.0], [[5, 1, 9], 1.0], [[6, 0, 11], 1.0], [[6, 1, 16], 1.0], [[7, 0, 7], 1.0], [[7, 1, 10], 1.0], [[8, 0, 4], 1.0], [[8, 1, 5], 1.0], [[9, 0, 1], 1.0], [[9, 1, 13], 1.0]]}, "a1": {"exec_time": 0.0, "obj": 874, "s": [4, 10, 1, 2, 9, 9, 2, 8, 6, 6, 8, 7, 3, 10, 3, 5, 7, 4, 5, 1]}, "a2": {"exec_time": 0.0, "obj": 874, "s": [4, 10, 1, 2, 9, 9, 2, 8, 6, 6, 8, 7, 3, 10, 3, 5, 7, 4, 5, 1], "ts": 1747940877}, "osp_blp": {"solver": "highs", "exec_time": 0.4990196228027344, "ts": 1747940877, "obj": 874, "x": [2, 19, 3, 6, 12, 14, 0, 17, 13, 18, 8, 9, 11, 15, 7, 10, 4, 5, 1, 16]}}}