{"id": "0c9ba40291432004d7b120932971a20a", "params": {"p": [2, 2, 2, 2, 2, 2, 2, 2, 2, 2], "w": [16, 29, 24, 20, 30, 20, 14, 9, 6, 26], "d1": [15, 6, 12, 20, 16, 13, 20, 16, 8, 16], "d2": [19, 10, 16, 20, 18, 20, 20, 19, 12, 19], "s1": [9, 6, 5, 13, 9, 11, 5, 11, 4, 14], "s2": [10, 6, 9, 18, 9, 11, 14, 13, 4, 14], "r": [8, 3, 4, 9, 2, 6, 5, 7, 1, 10]}, "results": {"wsrpt": {"exec_time": 0.0, "obj": 1592, "s": [9, 5, 5, 2, 2, 3, 3, 6, 6, 10, 10, 4, 4, 1, 1, 7, 7, 9, 8, 8], "ts": 1747940877}, "lp": {"solver": "highs", "exec_time": 0.43300318717956543, "ts": 1747940878, "obj": 285.0, "x": [[[0, 0, 7], 1.0], [[0, 1, 14], 1.0], [[1, 0, 2], 1.0], [[1, 1, 5], 1.0], [[2, 0, 3], 1.0], [[2, 1, 11], 1.0], [[3, 0, 12], 1.0], [[3, 1, 19], 1.0], [[4, 0, 8], 1.0], [[4, 1, 15], 1.0], [[5, 0, 10], 1.0], [[5, 1, 16], 1.0], [[6, 0, 4], 1.0], [[6, 1, 18], 1.0], [[7, 0, 6], 1.0], [[7, 1, 9], 1.0], [[8, 0, 0], 1.0], [[8, 1, 1], 1.0], [[9, 0, 13], 1.0], [[9, 1, 17], 1.0]]}, "a1": {"exec_time": 0.0, "obj": 285, "s": [9, 9, 2, 3, 7, 2, 8, 1, 5, 8, 6, 3, 4, 10, 1, 5, 6, 10, 7, 4]}, "a2": {"exec_time": 0.0, "obj": 285, "s": [9, 9, 2, 3, 7, 2, 8, 1, 5, 8, 6, 3, 4, 10, 1, 5, 6, 10, 7, 4], "ts": 1747940878}, "osp_blp": {"solver": "highs", "exec_time": 0.5099835395812988, "ts": 1747940878, "obj": 285, "x": [7, 14, 2, 5, 3, 11, 17, 19, 8, 16, 10, 12, 4, 18, 6, 9, 0, 1, 13, 15]}}}