{"id": "0cae84118d98ff3e0d84a6f0afeb3e1c", "params": {"p": [2, 2, 2, 2, 2, 2, 2, 2, 2, 2], "w": [1, 5, 15, 17, 3, 15, 15, 6, 29, 4], "d1": [17, 19, 17, 10, 20, 14, 18, 20, 15, 11], "d2": [19, 19, 20, 17, 20, 20, 20, 20, 15, 13], "s1": [9, 5, 13, 9, 9, 6, 13, 4, 14, 10], "s2": [13, 9, 17, 9, 9, 14, 13, 13, 14, 11], "r": [3, 5, 10, 7, 9, 4, 2, 1, 6, 8]}, "results": {"wsrpt": {"exec_time": 0.0, "obj": 1364, "s": [8, 7, 7, 6, 6, 9, 9, 4, 4, 3, 3, 8, 2, 2, 10, 10, 5, 5, 1, 1], "ts": 1747940878}, "lp": {"solver": "highs", "exec_time": 0.4139983654022217, "ts": 1747940878, "obj": 202.0, "x": [[[0, 0, 2], 1.0], [[0, 1, 3], 1.0], [[1, 0, 4], 1.0], [[1, 1, 18], 1.0], [[2, 0, 11], 1.0], [[2, 1, 16], 1.0], [[3, 0, 6], 1.0], [[3, 1, 9], 1.0], [[4, 0, 8], 1.0], [[4, 1, 19], 1.0], [[5, 0, 5], 1.0], [[5, 1, 15], 1.0], [[6, 0, 12], 1.0], [[6, 1, 17], 1.0], [[7, 0, 0], 1.0], [[7, 1, 1], 1.0], [[8, 0, 13], 1.0], [[8, 1, 14], 1.0], [[9, 0, 7], 1.0], [[9, 1, 10], 1.0]]}, "a1": {"exec_time": 0.0, "obj": 202, "s": [8, 8, 1, 1, 2, 6, 4, 10, 5, 4, 10, 3, 7, 9, 9, 6, 3, 7, 2, 5]}, "a2": {"exec_time": 0.0, "obj": 202, "s": [8, 8, 1, 1, 2, 6, 4, 10, 5, 4, 10, 3, 7, 9, 9, 6, 3, 7, 2, 5], "ts": 1747940878}, "osp_blp": {"solver": "highs", "exec_time": 0.48400425910949707, "ts": 1747940878, "obj": 202, "x": [2, 3, 4, 18, 11, 16, 6, 9, 8, 19, 5, 15, 12, 17, 0, 1, 13, 14, 7, 10]}}}