{"id": "0cce4e43033e28e02941143a248d845d", "params": {"p": [2, 2, 2, 2, 2, 2, 2, 2, 2, 2], "w": [23, 15, 27, 19, 3, 4, 17, 20, 5, 10], "d1": [5, 7, 14, 12, 20, 15, 12, 10, 13, 13], "d2": [9, 17, 15, 18, 20, 19, 12, 11, 13, 15], "s1": [1, 6, 12, 11, 20, 3, 8, 10, 10, 10], "s2": [5, 6, 13, 12, 20, 13, 11, 10, 13, 10], "r": [1, 5, 7, 10, 3, 2, 6, 4, 9, 8]}, "results": {"wsrpt": {"exec_time": 0.0, "obj": 867, "s": [1, 1, 6, 8, 8, 7, 7, 3, 3, 4, 4, 2, 2, 10, 10, 6, 9, 9, 5, 5], "ts": 1747940878}, "lp": {"solver": "highs", "exec_time": 0.4279975891113281, "ts": 1747940879, "obj": 200.0, "x": [[[0, 0, 0], 1.0], [[0, 1, 3], 1.0], [[1, 0, 4], 1.0], [[1, 1, 5], 1.0], [[2, 0, 12], 1.0], [[2, 1, 14], 1.0], [[3, 0, 10], 1.0], [[3, 1, 17], 1.0], [[4, 0, 18], 1.0], [[4, 1, 19], 1.0], [[5, 0, 1], 1.0], [[5, 1, 2], 1.0], [[6, 0, 6], 1.0], [[6, 1, 11], 1.0], [[7, 0, 8], 1.0], [[7, 1, 9], 1.0], [[8, 0, 13], 0.5000001666666667], [[8, 0, 16], 0.4999998333333333], [[8, 1, 13], 0.4999998333333334], [[8, 1, 16], 0.5000001666666667], [[9, 0, 7], 1.0], [[9, 1, 15], 1.0]]}, "a1": {"exec_time": 0.0, "obj": 200, "s": [1, 6, 6, 1, 2, 2, 7, 10, 8, 8, 4, 7, 3, 9, 3, 10, 9, 4, 5, 5]}, "a2": {"exec_time": 0.0, "obj": 200, "s": [1, 6, 6, 1, 2, 2, 7, 10, 8, 8, 4, 7, 3, 9, 3, 10, 9, 4, 5, 5], "ts": 1747940879}, "osp_blp": {"solver": "highs", "exec_time": 0.5019965171813965, "ts": 1747940879, "obj": 200, "x": [0, 3, 4, 5, 12, 13, 10, 17, 2, 19, 1, 18, 6, 11, 8, 9, 15, 16, 7, 14]}}}