{"id": "0d4fcf5878485107394e6937b0210c0a", "params": {"p": [2, 2, 2, 2, 2, 2, 2, 2, 2, 2], "w": [26, 2, 7, 1, 17, 16, 25, 27, 13, 25], "d1": [11, 20, 15, 19, 17, 15, 17, 20, 16, 15], "d2": [11, 20, 17, 20, 17, 15, 18, 20, 19, 16], "s1": [6, 20, 14, 15, 7, 7, 8, 15, 13, 13], "s2": [7, 20, 15, 17, 14, 8, 8, 20, 16, 13], "r": [6, 2, 7, 9, 5, 1, 4, 10, 3, 8]}, "results": {"wsrpt": {"exec_time": 0.0, "obj": 1630, "s": [6, 6, 9, 9, 7, 7, 1, 1, 10, 10, 8, 8, 5, 5, 3, 3, 2, 2, 4, 4], "ts": 1747940879}, "lp": {"solver": "highs", "exec_time": 0.43400025367736816, "ts": 1747940879, "obj": 418.0, "x": [[[0, 0, 5], 1.0], [[0, 1, 10], 1.0], [[1, 0, 1], 1.0], [[1, 1, 2], 1.0], [[2, 0, 6], 1.0], [[2, 1, 11], 1.0], [[3, 0, 8], 1.0], [[3, 1, 9], 1.0], [[4, 0, 4], 1.0], [[4, 1, 16], 1.0], [[5, 0, 0], 1.0], [[5, 1, 13], 1.0], [[6, 0, 7], 1.0], [[6, 1, 17], 1.0], [[7, 0, 14], 1.0], [[7, 1, 19], 1.0], [[8, 0, 3], 1.0], [[8, 1, 18], 1.0], [[9, 0, 12], 1.0], [[9, 1, 15], 1.0]]}, "a1": {"exec_time": 0.0, "obj": 418, "s": [6, 2, 2, 9, 5, 1, 3, 7, 4, 4, 1, 3, 10, 6, 8, 10, 5, 7, 9, 8]}, "a2": {"exec_time": 0.0, "obj": 418, "s": [6, 2, 2, 9, 5, 1, 3, 7, 4, 4, 1, 3, 10, 6, 8, 10, 5, 7, 9, 8], "ts": 1747940879}, "osp_blp": {"solver": "highs", "exec_time": 0.4809989929199219, "ts": 1747940879, "obj": 418, "x": [5, 10, 1, 2, 6, 11, 8, 9, 4, 16, 0, 13, 7, 17, 14, 19, 3, 18, 12, 15]}}}