{"id": "0d70ab0e164d3eb070779f5572bbbf29", "params": {"p": [2, 2, 2, 2, 2, 2, 2, 2, 2, 2], "w": [23, 30, 17, 22, 12, 10, 17, 14, 3, 18], "d1": [6, 13, 9, 16, 15, 17, 12, 17, 10, 16], "d2": [7, 16, 10, 18, 16, 17, 18, 18, 16, 18], "s1": [3, 12, 9, 11, 11, 13, 11, 6, 8, 12], "s2": [5, 13, 9, 16, 15, 17, 12, 13, 8, 14], "r": [2, 6, 4, 3, 9, 8, 10, 5, 7, 1]}, "results": {"wsrpt": {"exec_time": 0.0, "obj": 1245, "s": [10, 10, 1, 1, 4, 4, 2, 2, 3, 3, 7, 7, 8, 8, 5, 5, 6, 6, 9, 9], "ts": 1747940879}, "lp": {"solver": "highs", "exec_time": 0.43599939346313477, "ts": 1747940880, "obj": 534.0, "x": [[[0, 0, 1], 1.0], [[0, 1, 2], 1.0], [[1, 0, 12], 1.0], [[1, 1, 13], 1.0], [[2, 0, 3], 1.0], [[2, 1, 5], 1.0], [[3, 0, 10], 1.0], [[3, 1, 15], 1.0], [[4, 0, 8], 1.0], [[4, 1, 14], 1.0], [[5, 0, 16], 1.0], [[5, 1, 19], 1.0], [[6, 0, 9], 1.0], [[6, 1, 11], 1.0], [[7, 0, 4], 1.0], [[7, 1, 18], 1.0], [[8, 0, 6], 1.0], [[8, 1, 7], 1.0], [[9, 0, 0], 1.0], [[9, 1, 17], 1.0]]}, "a1": {"exec_time": 0.0, "obj": 534, "s": [10, 1, 1, 3, 8, 3, 9, 9, 5, 7, 4, 7, 2, 2, 5, 4, 6, 10, 8, 6]}, "a2": {"exec_time": 0.0, "obj": 534, "s": [10, 1, 1, 3, 8, 3, 9, 9, 5, 7, 4, 7, 2, 2, 5, 4, 6, 10, 8, 6], "ts": 1747940880}, "osp_blp": {"solver": "highs", "exec_time": 0.47802114486694336, "ts": 1747940880, "obj": 534, "x": [1, 2, 11, 13, 3, 5, 10, 17, 8, 14, 16, 19, 9, 12, 4, 18, 6, 7, 0, 15]}}}