{"id": "0de07484fc6db78071485d710d319af0", "params": {"p": [2, 2, 2, 2, 2, 2, 2, 2, 2, 2], "w": [10, 1, 4, 23, 23, 18, 7, 22, 20, 9], "d1": [11, 17, 19, 16, 13, 14, 14, 20, 19, 9], "d2": [14, 17, 20, 16, 16, 18, 20, 20, 20, 15], "s1": [8, 7, 8, 13, 10, 11, 14, 15, 17, 7], "s2": [8, 16, 15, 14, 12, 12, 14, 16, 19, 7], "r": [4, 2, 7, 9, 10, 6, 1, 8, 3, 5]}, "results": {"wsrpt": {"exec_time": 0.0, "obj": 1543, "s": [7, 7, 9, 9, 1, 1, 6, 6, 4, 4, 5, 5, 8, 8, 10, 10, 3, 3, 2, 2], "ts": 1747940880}, "lp": {"solver": "highs", "exec_time": 0.4589986801147461, "ts": 1747940880, "obj": 266.0, "x": [[[0, 0, 5], 1.0], [[0, 1, 10], 1.0], [[1, 0, 1], 1.0], [[1, 1, 2], 1.0], [[2, 0, 6], 1.0], [[2, 1, 7], 1.0], [[3, 0, 12], 1.0], [[3, 1, 15], 1.0], [[4, 0, 9], 1.0], [[4, 1, 13], 1.0], [[5, 0, 11], 1.0], [[5, 1, 16], 1.0], [[6, 0, 0], 1.0], [[6, 1, 3], 1.0], [[7, 0, 14], 1.0], [[7, 1, 19], 1.0], [[8, 0, 17], 1.0], [[8, 1, 18], 1.0], [[9, 0, 4], 1.0], [[9, 1, 8], 1.0]]}, "a1": {"exec_time": 0.0, "obj": 266, "s": [7, 2, 2, 7, 10, 1, 3, 3, 10, 5, 1, 6, 4, 5, 8, 4, 6, 9, 9, 8]}, "a2": {"exec_time": 0.0, "obj": 266, "s": [7, 2, 2, 7, 10, 1, 3, 3, 10, 5, 1, 6, 4, 5, 8, 4, 6, 9, 9, 8], "ts": 1747940880}, "osp_blp": {"solver": "highs", "exec_time": 0.5149998664855957, "ts": 1747940880, "obj": 266, "x": [5, 11, 1, 2, 6, 7, 12, 15, 9, 13, 10, 16, 0, 3, 14, 19, 17, 18, 4, 8]}}}