{"id": "0de35035f41dc9f47b99e4ac23b00f66", "params": {"p": [2, 2, 2, 2, 2, 2, 2, 2, 2, 2], "w": [9, 30, 24, 2, 4, 28, 4, 4, 2, 8], "d1": [16, 17, 20, 5, 14, 17, 16, 20, 12, 19], "d2": [17, 17, 20, 9, 18, 17, 20, 20, 17, 20], "s1": [13, 14, 14, 4, 12, 9, 13, 14, 9, 10], "s2": [13, 16, 16, 4, 12, 12, 14, 14, 11, 19], "r": [2, 1, 5, 3, 8, 4, 9, 6, 7, 10]}, "results": {"wsrpt": {"exec_time": 0.0, "obj": 2160, "s": [2, 2, 1, 6, 6, 3, 3, 1, 5, 5, 10, 10, 7, 7, 8, 8, 4, 4, 9, 9], "ts": 1747940880}, "lp": {"solver": "highs", "exec_time": 0.4249999523162842, "ts": 1747940881, "obj": 688.0, "x": [[[0, 0, 1], 1.0], [[0, 1, 4], 1.0], [[1, 0, 0], 1.0], [[1, 1, 16], 1.0], [[2, 0, 13], 1.0], [[2, 1, 19], 1.0], [[3, 0, 2], 1.0], [[3, 1, 3], 1.0], [[4, 0, 10], 1.0], [[4, 1, 12], 1.0], [[5, 0, 8], 1.0], [[5, 1, 15], 1.0], [[6, 0, 11], 1.0], [[6, 1, 14], 1.0], [[7, 0, 5], 1.0], [[7, 1, 17], 1.0], [[8, 0, 6], 1.0], [[8, 1, 7], 1.0], [[9, 0, 9], 1.0], [[9, 1, 18], 1.0]]}, "a1": {"exec_time": 0.0, "obj": 688, "s": [2, 1, 4, 4, 1, 8, 9, 9, 6, 10, 5, 7, 5, 3, 7, 6, 2, 8, 10, 3]}, "a2": {"exec_time": 0.0, "obj": 688, "s": [2, 1, 4, 4, 1, 8, 9, 9, 6, 10, 5, 7, 5, 3, 7, 6, 2, 8, 10, 3], "ts": 1747940881}, "osp_blp": {"solver": "highs", "exec_time": 0.4829978942871094, "ts": 1747940881, "obj": 688, "x": [1, 4, 0, 16, 13, 19, 2, 3, 10, 12, 8, 15, 11, 14, 5, 17, 6, 7, 9, 18]}}}