{"id": "0ebf5e9daabcea8f89c7322bd15d9e12", "params": {"p": [2, 2, 2, 2, 2, 2, 2, 2, 2, 2], "w": [8, 8, 27, 23, 13, 4, 6, 17, 16, 24], "d1": [4, 18, 8, 18, 18, 14, 18, 19, 10, 10], "d2": [6, 20, 19, 18, 20, 15, 18, 19, 20, 15], "s1": [3, 8, 6, 17, 9, 11, 13, 9, 8, 10], "s2": [4, 17, 8, 17, 16, 13, 14, 18, 8, 10], "r": [1, 7, 5, 3, 9, 10, 6, 4, 2, 8]}, "results": {"wsrpt": {"exec_time": 0.0, "obj": 1180, "s": [1, 1, 4, 4, 3, 3, 8, 8, 10, 10, 9, 9, 5, 5, 2, 2, 7, 7, 6, 6], "ts": 1747940881}, "lp": {"solver": "highs", "exec_time": 0.45999884605407715, "ts": 1747940882, "obj": 308.0, "x": [[[0, 0, 0], 1.0], [[0, 1, 1], 1.0], [[1, 0, 6], 1.0], [[1, 1, 15], 1.0], [[2, 0, 4], 1.0], [[2, 1, 7], 1.0], [[3, 0, 16], 1.0], [[3, 1, 17], 1.0], [[4, 0, 8], 1.0], [[4, 1, 19], 1.0], [[5, 0, 11], 1.0], [[5, 1, 13], 1.0], [[6, 0, 5], 1.0], [[6, 1, 14], 1.0], [[7, 0, 3], 1.0], [[7, 1, 18], 1.0], [[8, 0, 2], 1.0], [[8, 1, 12], 1.0], [[9, 0, 9], 1.0], [[9, 1, 10], 1.0]]}, "a1": {"exec_time": 0.0, "obj": 308, "s": [1, 1, 9, 8, 3, 7, 2, 3, 5, 10, 10, 6, 9, 6, 7, 2, 4, 4, 8, 5]}, "a2": {"exec_time": 0.0, "obj": 308, "s": [1, 1, 9, 8, 3, 7, 2, 3, 5, 10, 10, 6, 9, 6, 7, 2, 4, 4, 8, 5], "ts": 1747940882}, "osp_blp": {"solver": "highs", "exec_time": 0.49100232124328613, "ts": 1747940882, "obj": 308, "x": [0, 1, 6, 15, 4, 7, 16, 17, 8, 19, 10, 13, 5, 14, 3, 18, 2, 11, 9, 12]}}}