{"id": "0f39f28495d72cba4a0b61ceacc193e9", "params": {"p": [2, 2, 2, 2, 2, 2, 2, 2, 2, 2], "w": [2, 30, 14, 21, 2, 21, 22, 8, 28, 13], "d1": [12, 19, 13, 11, 3, 14, 20, 12, 17, 17], "d2": [18, 20, 17, 12, 19, 16, 20, 17, 18, 17], "s1": [9, 10, 12, 8, 2, 10, 5, 12, 10, 15], "s2": [12, 14, 12, 10, 2, 14, 14, 12, 10, 17], "r": [7, 4, 5, 8, 1, 10, 2, 3, 9, 6]}, "results": {"wsrpt": {"exec_time": 0.0, "obj": 1530, "s": [5, 7, 7, 2, 2, 3, 3, 4, 4, 9, 9, 6, 6, 10, 10, 8, 8, 5, 1, 1], "ts": 1747940882}, "lp": {"solver": "highs", "exec_time": 0.40799856185913086, "ts": 1747940882, "obj": 234.0, "x": [[[0, 0, 6], 1.0], [[0, 1, 8], 1.0], [[1, 0, 12], 1.0], [[1, 1, 18], 1.0], [[2, 0, 5], 1.0], [[2, 1, 14], 1.0], [[3, 0, 7], 1.0], [[3, 1, 10], 1.0], [[4, 0, 0], 1.0], [[4, 1, 1], 1.0], [[5, 0, 11], 1.0], [[5, 1, 13], 1.0], [[6, 0, 4], 1.0], [[6, 1, 19], 1.0], [[7, 0, 2], 1.0], [[7, 1, 3], 1.0], [[8, 0, 9], 1.0], [[8, 1, 17], 1.0], [[9, 0, 15], 1.0], [[9, 1, 16], 1.0]]}, "a1": {"exec_time": 0.0, "obj": 234, "s": [5, 5, 8, 8, 7, 3, 1, 4, 1, 9, 4, 6, 2, 6, 3, 10, 10, 9, 2, 7]}, "a2": {"exec_time": 0.0, "obj": 234, "s": [5, 5, 8, 8, 7, 3, 1, 4, 1, 9, 4, 6, 2, 6, 3, 10, 10, 9, 2, 7], "ts": 1747940882}, "osp_blp": {"solver": "highs", "exec_time": 0.47099757194519043, "ts": 1747940882, "obj": 234, "x": [6, 8, 13, 18, 5, 12, 7, 11, 0, 1, 10, 14, 4, 19, 2, 3, 9, 17, 15, 16]}}}