{"id": "0f73ef1a6bb496130e670bc8a02b9c67", "params": {"p": [2, 2, 2, 2, 2, 2, 2, 2, 2, 2], "w": [27, 28, 26, 27, 16, 5, 8, 28, 22, 11], "d1": [15, 14, 20, 11, 10, 7, 13, 9, 14, 20], "d2": [16, 17, 20, 13, 17, 14, 17, 20, 20, 20], "s1": [11, 9, 18, 9, 10, 5, 4, 7, 14, 20], "s2": [15, 12, 20, 10, 10, 7, 13, 9, 14, 20], "r": [9, 4, 6, 7, 1, 3, 2, 5, 8, 10]}, "results": {"wsrpt": {"exec_time": 0.0, "obj": 1455, "s": [5, 5, 7, 2, 2, 8, 8, 4, 4, 1, 1, 3, 3, 9, 9, 7, 10, 10, 6, 6], "ts": 1747940882}, "lp": {"solver": "highs", "exec_time": 0.4779994487762451, "ts": 1747940883, "obj": 406.0, "x": [[[0, 0, 11], 1.0], [[0, 1, 14], 1.0], [[1, 0, 8], 1.0], [[1, 1, 15], 1.0], [[2, 0, 17], 1.0], [[2, 1, 19], 1.0], [[3, 0, 7], 1.0], [[3, 1, 10], 1.0], [[4, 0, 0], 1.0], [[4, 1, 5], 1.0], [[5, 0, 2], 1.0], [[5, 1, 3], 1.0], [[6, 0, 1], 1.0], [[6, 1, 4], 1.0], [[7, 0, 6], 1.0], [[7, 1, 9], 1.0], [[8, 0, 12], 1.0], [[8, 1, 13], 1.0], [[9, 0, 16], 0.5000002499999998], [[9, 0, 18], 0.4999997500000002], [[9, 1, 16], 0.4999997500000002], [[9, 1, 18], 0.5000002499999998]]}, "a1": {"exec_time": 0.0, "obj": 406, "s": [5, 7, 6, 6, 7, 5, 8, 4, 2, 8, 4, 1, 9, 9, 1, 2, 10, 3, 10, 3]}, "a2": {"exec_time": 0.0, "obj": 406, "s": [5, 7, 6, 6, 7, 5, 8, 4, 2, 8, 4, 1, 9, 9, 1, 2, 10, 3, 10, 3], "ts": 1747940883}, "osp_blp": {"solver": "highs", "exec_time": 0.5159969329833984, "ts": 1747940883, "obj": 406, "x": [10, 15, 8, 13, 17, 19, 7, 11, 0, 5, 2, 3, 1, 4, 6, 9, 12, 14, 16, 18]}}}