{"id": "0fe2418143e5cec2c03b2cfcd2fd9473", "params": {"p": [2, 2, 2, 2, 2, 2, 2, 2, 2, 2], "w": [21, 23, 5, 15, 4, 26, 29, 19, 13, 7], "d1": [16, 11, 16, 4, 5, 18, 13, 20, 18, 19], "d2": [17, 15, 20, 18, 19, 20, 18, 20, 20, 19], "s1": [16, 7, 11, 4, 2, 11, 11, 14, 3, 13], "s2": [16, 9, 13, 4, 3, 15, 11, 14, 4, 13], "r": [7, 6, 5, 2, 1, 8, 9, 4, 3, 10]}, "results": {"wsrpt": {"exec_time": 0.0, "obj": 1419, "s": [5, 4, 4, 8, 8, 2, 2, 6, 6, 7, 7, 1, 1, 9, 9, 5, 10, 10, 3, 3], "ts": 1747940883}, "lp": {"solver": "highs", "exec_time": 0.4350004196166992, "ts": 1747940883, "obj": 176.0, "x": [[[0, 0, 15], 1.0], [[0, 1, 16], 1.0], [[1, 0, 6], 1.0], [[1, 1, 8], 1.0], [[2, 0, 5], 0.5000002499999998], [[2, 0, 7], 0.4999997500000002], [[2, 1, 5], 0.4999997500000002], [[2, 1, 7], 0.5000002499999998], [[3, 0, 3], 1.0], [[3, 1, 4], 1.0], [[4, 0, 0], 1.0], [[4, 1, 1], 1.0], [[5, 0, 11], 1.0], [[5, 1, 17], 1.0], [[6, 0, 10], 1.0], [[6, 1, 12], 1.0], [[7, 0, 13], 1.0], [[7, 1, 19], 1.0], [[8, 0, 2], 1.0], [[8, 1, 18], 1.0], [[9, 0, 9], 1.0], [[9, 1, 14], 1.0]]}, "a1": {"exec_time": 0.0, "obj": 176, "s": [5, 5, 9, 4, 4, 3, 2, 3, 2, 10, 7, 6, 7, 8, 10, 1, 1, 6, 9, 8]}, "a2": {"exec_time": 0.0, "obj": 176, "s": [5, 5, 9, 4, 4, 3, 2, 3, 2, 10, 7, 6, 7, 8, 10, 1, 1, 6, 9, 8], "ts": 1747940883}, "osp_blp": {"solver": "highs", "exec_time": 0.48099493980407715, "ts": 1747940883, "obj": 176, "x": [15, 16, 6, 8, 5, 7, 3, 4, 0, 1, 11, 17, 10, 12, 13, 19, 2, 18, 9, 14]}}}