{"id": "0ff7460909083ae595ebb9074075019d", "params": {"p": [2, 2, 2, 2, 2, 2, 2, 2, 2, 2], "w": [17, 16, 15, 13, 20, 15, 6, 21, 4, 23], "d1": [8, 5, 20, 8, 20, 13, 13, 13, 4, 14], "d2": [8, 5, 20, 14, 20, 20, 15, 20, 18, 15], "s1": [2, 4, 10, 4, 15, 12, 6, 13, 3, 14], "s2": [5, 4, 17, 4, 16, 13, 11, 13, 4, 14], "r": [2, 3, 10, 4, 6, 8, 5, 7, 1, 9]}, "results": {"wsrpt": {"exec_time": 0.0, "obj": 1276, "s": [9, 1, 1, 2, 2, 5, 5, 8, 8, 10, 10, 3, 3, 6, 6, 4, 4, 9, 7, 7], "ts": 1747940883}, "lp": {"solver": "highs", "exec_time": 0.42600321769714355, "ts": 1747940884, "obj": 51.0, "x": [[[0, 0, 1], 1.0], [[0, 1, 7], 1.0], [[1, 0, 2], 1.0], [[1, 1, 4], 1.0], [[2, 0, 9], 1.0], [[2, 1, 18], 1.0], [[3, 0, 3], 1.0], [[3, 1, 8], 1.0], [[4, 0, 15], 1.0], [[4, 1, 19], 1.0], [[5, 0, 11], 1.0], [[5, 1, 16], 1.0], [[6, 0, 6], 1.0], [[6, 1, 10], 1.0], [[7, 0, 12], 1.0], [[7, 1, 17], 1.0], [[8, 0, 0], 1.0], [[8, 1, 5], 1.0], [[9, 0, 13], 1.0], [[9, 1, 14], 1.0]]}, "a1": {"exec_time": 0.0, "obj": 51, "s": [9, 1, 2, 4, 2, 9, 7, 1, 4, 3, 7, 6, 8, 10, 10, 5, 6, 8, 3, 5]}, "a2": {"exec_time": 0.0, "obj": 51, "s": [9, 1, 2, 4, 2, 9, 7, 1, 4, 3, 7, 6, 8, 10, 10, 5, 6, 8, 3, 5], "ts": 1747940884}, "osp_blp": {"solver": "highs", "exec_time": 0.5070004463195801, "ts": 1747940884, "obj": 51, "x": [1, 7, 2, 4, 9, 18, 3, 8, 15, 19, 11, 17, 6, 10, 12, 16, 0, 5, 13, 14]}}}