{"id": "0ffd6d747d92cc4ca477eaeb7a34f188", "params": {"p": [2, 2, 2, 2, 2, 2, 2, 2, 2, 2], "w": [2, 22, 21, 16, 16, 13, 22, 3, 21, 7], "d1": [17, 9, 12, 14, 14, 17, 13, 16, 12, 11], "d2": [17, 10, 16, 16, 20, 20, 16, 20, 14, 11], "s1": [13, 2, 12, 11, 14, 7, 7, 10, 5, 8], "s2": [16, 3, 12, 14, 14, 14, 12, 12, 7, 10], "r": [10, 1, 9, 7, 2, 3, 5, 6, 4, 8]}, "results": {"wsrpt": {"exec_time": 0.0, "obj": 1067, "s": [2, 2, 5, 5, 7, 7, 9, 9, 3, 3, 4, 4, 6, 6, 10, 10, 8, 8, 1, 1], "ts": 1747940884}, "lp": {"solver": "highs", "exec_time": 0.43898749351501465, "ts": 1747940884, "obj": 370.0, "x": [[[0, 0, 9], 1.0], [[0, 1, 17], 1.0], [[1, 0, 0], 1.0], [[1, 1, 1], 1.0], [[2, 0, 11], 1.0], [[2, 1, 14], 1.0], [[3, 0, 10], 1.0], [[3, 1, 16], 1.0], [[4, 0, 13], 1.0], [[4, 1, 18], 1.0], [[5, 0, 2], 1.0], [[5, 1, 19], 1.0], [[6, 0, 4], 1.0], [[6, 1, 15], 1.0], [[7, 0, 5], 1.0], [[7, 1, 6], 1.0], [[8, 0, 3], 1.0], [[8, 1, 12], 1.0], [[9, 0, 7], 1.0], [[9, 1, 8], 1.0]]}, "a1": {"exec_time": 0.0, "obj": 370, "s": [2, 2, 6, 9, 7, 8, 8, 10, 10, 1, 4, 3, 9, 5, 3, 7, 4, 1, 5, 6]}, "a2": {"exec_time": 0.0, "obj": 370, "s": [2, 2, 6, 9, 7, 8, 8, 10, 10, 1, 4, 3, 9, 5, 3, 7, 4, 1, 5, 6], "ts": 1747940884}, "osp_blp": {"solver": "highs", "exec_time": 0.4899864196777344, "ts": 1747940884, "obj": 370, "x": [9, 17, 0, 1, 11, 15, 10, 16, 13, 19, 2, 18, 4, 14, 5, 6, 3, 12, 7, 8]}}}