{"id": "104ec57162da48798ea1614d5b4eb8fd", "params": {"p": [2, 2, 2, 2, 2, 2, 2, 2, 2, 2], "w": [3, 10, 6, 26, 18, 9, 10, 16, 4, 30], "d1": [20, 15, 10, 11, 14, 17, 16, 14, 12, 15], "d2": [20, 20, 19, 16, 20, 18, 17, 20, 15, 18], "s1": [20, 9, 9, 11, 7, 17, 11, 8, 1, 8], "s2": [20, 11, 10, 11, 13, 17, 16, 11, 9, 9], "r": [7, 8, 5, 6, 4, 10, 9, 2, 1, 3]}, "results": {"wsrpt": {"exec_time": 0.0, "obj": 1180, "s": [9, 8, 8, 10, 10, 4, 4, 5, 5, 2, 2, 7, 7, 6, 6, 9, 3, 3, 1, 1], "ts": 1747940884}, "lp": {"solver": "highs", "exec_time": 0.4339935779571533, "ts": 1747940885, "obj": 287.0, "x": [[[0, 0, 6], 1.0], [[0, 1, 19], 1.0], [[1, 0, 8], 1.0], [[1, 1, 18], 1.0], [[2, 0, 4], 1.0], [[2, 1, 5], 1.0], [[3, 0, 10], 1.0], [[3, 1, 11], 1.0], [[4, 0, 3], 1.0], [[4, 1, 13], 1.0], [[5, 0, 16], 1.0], [[5, 1, 17], 1.0], [[6, 0, 9], 1.0], [[6, 1, 15], 1.0], [[7, 0, 2], 1.0], [[7, 1, 12], 1.0], [[8, 0, 0], 1.0], [[8, 1, 1], 1.0], [[9, 0, 7], 1.0], [[9, 1, 14], 1.0]]}, "a1": {"exec_time": 0.0, "obj": 287, "s": [9, 9, 8, 5, 3, 3, 1, 10, 2, 7, 4, 4, 8, 5, 10, 7, 6, 6, 2, 1]}, "a2": {"exec_time": 0.0, "obj": 287, "s": [9, 9, 8, 5, 3, 3, 1, 10, 2, 7, 4, 4, 8, 5, 10, 7, 6, 6, 2, 1], "ts": 1747940885}, "osp_blp": {"solver": "highs", "exec_time": 0.5100080966949463, "ts": 1747940885, "obj": 287, "x": [6, 19, 8, 18, 4, 5, 10, 11, 3, 13, 16, 17, 9, 15, 2, 12, 0, 1, 7, 14]}}}