{"id": "1075109e9b9cf5f081816008898fcf02", "params": {"p": [2, 2, 2, 2, 2, 2, 2, 2, 2, 2], "w": [20, 7, 23, 22, 11, 18, 26, 14, 26, 1], "d1": [16, 10, 16, 19, 17, 14, 7, 10, 16, 14], "d2": [17, 13, 17, 20, 19, 18, 13, 11, 18, 19], "s1": [10, 6, 10, 10, 15, 10, 6, 8, 16, 5], "s2": [14, 7, 13, 14, 15, 14, 6, 10, 16, 11], "r": [8, 5, 9, 10, 1, 3, 4, 6, 7, 2]}, "results": {"wsrpt": {"exec_time": 0.0, "obj": 1728, "s": [5, 5, 6, 6, 7, 7, 9, 9, 3, 3, 4, 4, 1, 1, 8, 8, 2, 2, 10, 10], "ts": 1747940885}, "lp": {"solver": "highs", "exec_time": 0.43599677085876465, "ts": 1747940885, "obj": 289.0, "x": [[[0, 0, 12], 1.0], [[0, 1, 14], 1.0], [[1, 0, 4], 1.0], [[1, 1, 5], 1.0], [[2, 0, 9], 1.0], [[2, 1, 16], 1.0], [[3, 0, 10], 1.0], [[3, 1, 19], 1.0], [[4, 0, 0], 1.0], [[4, 1, 18], 1.0], [[5, 0, 11], 1.0], [[5, 1, 13], 1.0], [[6, 0, 3], 1.0], [[6, 1, 6], 1.0], [[7, 0, 7], 1.0], [[7, 1, 8], 1.0], [[8, 0, 15], 1.0], [[8, 1, 17], 1.0], [[9, 0, 1], 1.0], [[9, 1, 2], 1.0]]}, "a1": {"exec_time": 0.0, "obj": 289, "s": [5, 10, 10, 7, 2, 2, 7, 8, 8, 3, 4, 6, 1, 6, 1, 9, 3, 9, 5, 4]}, "a2": {"exec_time": 0.0, "obj": 289, "s": [5, 10, 10, 7, 2, 2, 7, 8, 8, 3, 4, 6, 1, 6, 1, 9, 3, 9, 5, 4], "ts": 1747940885}, "osp_blp": {"solver": "highs", "exec_time": 0.504995584487915, "ts": 1747940885, "obj": 289, "x": [12, 14, 4, 5, 9, 16, 10, 19, 0, 18, 11, 13, 3, 6, 7, 8, 15, 17, 1, 2]}}}