{"id": "10cd6fb53ad893cab97ef024b2722c6b", "params": {"p": [2, 2, 2, 2, 2, 2, 2, 2, 2, 2], "w": [19, 11, 3, 15, 10, 15, 9, 3, 3, 1], "d1": [20, 15, 11, 16, 17, 17, 20, 16, 19, 14], "d2": [20, 20, 17, 16, 18, 20, 20, 16, 19, 18], "s1": [9, 13, 9, 15, 13, 8, 20, 3, 19, 9], "s2": [20, 14, 10, 15, 16, 10, 20, 8, 19, 10], "r": [8, 7, 6, 10, 4, 5, 3, 1, 2, 9]}, "results": {"wsrpt": {"exec_time": 0.0, "obj": 1073, "s": [8, 8, 7, 7, 6, 6, 2, 2, 1, 1, 4, 4, 5, 5, 3, 3, 9, 9, 10, 10], "ts": 1747940886}, "lp": {"solver": "highs", "exec_time": 0.42200255393981934, "ts": 1747940886, "obj": 330.0, "x": [[[0, 0, 9], 1.0], [[0, 1, 19], 1.0], [[1, 0, 12], 1.0], [[1, 1, 13], 1.0], [[2, 0, 5], 1.0], [[2, 1, 6], 1.0], [[3, 0, 14], 1.0], [[3, 1, 15], 1.0], [[4, 0, 11], 1.0], [[4, 1, 17], 1.0], [[5, 0, 7], 1.0], [[5, 1, 16], 1.0], [[6, 0, 4], 0.5000000357142858], [[6, 0, 18], 0.4999999642857143], [[6, 1, 4], 0.4999999642857142], [[6, 1, 18], 0.5000000357142858], [[7, 0, 0], 1.0], [[7, 1, 1], 1.0], [[8, 0, 2], 1.0], [[8, 1, 3], 1.0], [[9, 0, 8], 1.0], [[9, 1, 10], 1.0]]}, "a1": {"exec_time": 0.0, "obj": 330, "s": [8, 8, 9, 9, 7, 3, 3, 6, 10, 1, 10, 5, 2, 2, 4, 4, 6, 5, 7, 1]}, "a2": {"exec_time": 0.0, "obj": 330, "s": [8, 8, 9, 9, 7, 3, 3, 6, 10, 1, 10, 5, 2, 2, 4, 4, 6, 5, 7, 1], "ts": 1747940886}, "osp_blp": {"solver": "highs", "exec_time": 0.47197794914245605, "ts": 1747940886, "obj": 330, "x": [8, 19, 12, 13, 5, 6, 14, 15, 11, 17, 7, 16, 4, 18, 0, 2, 1, 3, 9, 10]}}}