{"id": "11aa9967dc36e062a0ea2836c44f402e", "params": {"p": [2, 2, 2, 2, 2, 2, 2, 2, 2, 2], "w": [12, 10, 25, 12, 12, 24, 25, 5, 23, 8], "d1": [16, 13, 17, 14, 10, 18, 10, 6, 13, 12], "d2": [19, 17, 20, 14, 11, 18, 11, 15, 19, 17], "s1": [11, 12, 14, 11, 10, 14, 8, 4, 11, 8], "s2": [15, 13, 14, 13, 10, 15, 10, 6, 11, 10], "r": [5, 2, 10, 7, 6, 3, 8, 4, 9, 1]}, "results": {"wsrpt": {"exec_time": 0.0, "obj": 1581, "s": [10, 10, 6, 6, 1, 1, 4, 7, 7, 3, 3, 4, 9, 9, 5, 5, 2, 2, 8, 8], "ts": 1747940886}, "lp": {"solver": "highs", "exec_time": 0.4419984817504883, "ts": 1747940887, "obj": 351.0, "x": [[[0, 0, 6], 1.0], [[0, 1, 15], 1.0], [[1, 0, 2], 1.0], [[1, 1, 16], 1.0], [[2, 0, 13], 1.0], [[2, 1, 19], 1.0], [[3, 0, 11], 1.0], [[3, 1, 12], 1.0], [[4, 0, 5], 1.0], [[4, 1, 8], 1.0], [[5, 0, 14], 1.0], [[5, 1, 17], 1.0], [[6, 0, 7], 1.0], [[6, 1, 9], 1.0], [[7, 0, 3], 1.0], [[7, 1, 4], 1.0], [[8, 0, 10], 1.0], [[8, 1, 18], 1.0], [[9, 0, 0], 1.0], [[9, 1, 1], 1.0]]}, "a1": {"exec_time": 0.0, "obj": 351, "s": [10, 10, 2, 8, 8, 5, 1, 7, 5, 7, 9, 4, 4, 3, 6, 1, 2, 6, 9, 3]}, "a2": {"exec_time": 0.0, "obj": 351, "s": [10, 10, 2, 8, 8, 5, 1, 7, 5, 7, 9, 4, 4, 3, 6, 1, 2, 6, 9, 3], "ts": 1747940887}, "osp_blp": {"solver": "highs", "exec_time": 0.48399806022644043, "ts": 1747940887, "obj": 351, "x": [6, 16, 2, 15, 13, 19, 11, 12, 5, 8, 14, 17, 7, 9, 3, 4, 10, 18, 0, 1]}}}