{"id": "11bcfdaad86a8db06b96cc282d88e969", "params": {"p": [2, 2, 2, 2, 2, 2, 2, 2, 2, 2], "w": [18, 20, 30, 13, 30, 7, 13, 29, 13, 27], "d1": [10, 20, 14, 13, 9, 10, 11, 17, 20, 11], "d2": [11, 20, 17, 16, 12, 20, 12, 17, 20, 15], "s1": [8, 20, 4, 10, 6, 9, 11, 15, 5, 7], "s2": [10, 20, 9, 11, 6, 10, 11, 15, 12, 9], "r": [5, 9, 4, 8, 1, 6, 7, 10, 3, 2]}, "results": {"wsrpt": {"exec_time": 0.0, "obj": 1916, "s": [5, 5, 10, 10, 3, 3, 1, 1, 2, 2, 8, 8, 4, 4, 7, 7, 9, 9, 6, 6], "ts": 1747940887}, "osp_blp": {"solver": "highs", "exec_time": 0.4510021209716797, "ts": 1747940887, "obj": 479, "x": [4, 9, 18, 19, 3, 15, 7, 13, 0, 8, 5, 6, 10, 11, 14, 16, 2, 17, 1, 12]}, "lp": {"solver": "highs", "exec_time": 0.508000373840332, "ts": 1747940887, "obj": 479.0, "x": [[[0, 0, 4], 1.0], [[0, 1, 9], 1.0], [[1, 0, 18], 1.0], [[1, 1, 19], 1.0], [[2, 0, 3], 1.0], [[2, 1, 15], 1.0], [[3, 0, 7], 1.0], [[3, 1, 13], 1.0], [[4, 0, 0], 1.0], [[4, 1, 8], 1.0], [[5, 0, 5], 1.0], [[5, 1, 6], 1.0], [[6, 0, 10], 1.0], [[6, 1, 11], 1.0], [[7, 0, 14], 1.0], [[7, 1, 16], 1.0], [[8, 0, 2], 1.0], [[8, 1, 17], 1.0], [[9, 0, 1], 1.0], [[9, 1, 12], 1.0]]}, "a1": {"exec_time": 0.0, "obj": 479, "s": [5, 10, 9, 3, 1, 6, 6, 4, 5, 1, 7, 7, 10, 4, 8, 3, 8, 9, 2, 2]}, "a2": {"exec_time": 0.0, "obj": 479, "s": [5, 10, 9, 3, 1, 6, 6, 4, 5, 1, 7, 7, 10, 4, 8, 3, 8, 9, 2, 2], "ts": 1747940887}}}