{"id": "11ff1544739a3cf6c10fcb5213844beb", "params": {"p": [2, 2, 2, 2, 2, 2, 2, 2, 2, 2], "w": [6, 5, 9, 29, 1, 28, 12, 3, 12, 19], "d1": [19, 19, 7, 8, 15, 12, 7, 10, 13, 15], "d2": [20, 19, 10, 20, 17, 19, 18, 15, 17, 16], "s1": [11, 17, 3, 8, 11, 9, 4, 8, 13, 12], "s2": [14, 17, 4, 8, 13, 12, 6, 10, 13, 13], "r": [9, 6, 3, 5, 4, 8, 1, 7, 10, 2]}, "results": {"wsrpt": {"exec_time": 0.0, "obj": 890, "s": [7, 7, 10, 10, 4, 4, 3, 6, 6, 3, 9, 9, 1, 1, 2, 2, 8, 8, 5, 5], "ts": 1747940887}, "lp": {"solver": "highs", "exec_time": 0.4069972038269043, "ts": 1747940888, "obj": 125.0, "x": [[[0, 0, 10], 1.0], [[0, 1, 19], 1.0], [[1, 0, 16], 1.0], [[1, 1, 18], 1.0], [[2, 0, 2], 1.0], [[2, 1, 5], 1.0], [[3, 0, 7], 1.0], [[3, 1, 13], 1.0], [[4, 0, 3], 1.0], [[4, 1, 4], 1.0], [[5, 0, 8], 1.0], [[5, 1, 17], 1.0], [[6, 0, 0], 1.0], [[6, 1, 1], 1.0], [[7, 0, 6], 1.0], [[7, 1, 9], 1.0], [[8, 0, 12], 1.0], [[8, 1, 15], 1.0], [[9, 0, 11], 1.0], [[9, 1, 14], 1.0]]}, "a1": {"exec_time": 0.0, "obj": 125, "s": [7, 7, 3, 5, 5, 3, 8, 4, 6, 8, 1, 10, 9, 4, 10, 9, 2, 6, 2, 1]}, "a2": {"exec_time": 0.0, "obj": 125, "s": [7, 7, 3, 5, 5, 3, 8, 4, 6, 8, 1, 10, 9, 4, 10, 9, 2, 6, 2, 1], "ts": 1747940888}, "osp_blp": {"solver": "highs", "exec_time": 0.46399760246276855, "ts": 1747940888, "obj": 125, "x": [13, 19, 16, 18, 2, 5, 7, 10, 3, 4, 8, 17, 0, 1, 6, 9, 12, 14, 11, 15]}}}