{"id": "121c99635b6f55b8a5dacbc009e06902", "params": {"p": [2, 2, 2, 2, 2, 2, 2, 2, 2, 2], "w": [11, 9, 29, 11, 13, 10, 27, 22, 4, 3], "d1": [12, 19, 11, 12, 13, 6, 13, 10, 16, 13], "d2": [20, 19, 18, 20, 13, 16, 13, 14, 19, 16], "s1": [7, 7, 10, 7, 12, 3, 1, 5, 14, 9], "s2": [8, 14, 10, 9, 13, 5, 12, 5, 14, 13], "r": [6, 5, 9, 7, 10, 2, 1, 4, 8, 3]}, "results": {"wsrpt": {"exec_time": 0.0, "obj": 679, "s": [7, 7, 6, 8, 8, 6, 1, 1, 3, 3, 5, 5, 4, 4, 2, 2, 9, 9, 10, 10], "ts": 1747940888}, "osp_blp": {"solver": "highs", "exec_time": 0.4420042037963867, "ts": 1747940888, "obj": 72, "x": [7, 16, 6, 18, 9, 15, 8, 19, 11, 13, 1, 5, 0, 12, 4, 10, 14, 17, 2, 3]}, "lp": {"solver": "highs", "exec_time": 0.47899913787841797, "ts": 1747940888, "obj": 72.0, "x": [[[0, 0, 6], 1.0], [[0, 1, 19], 1.0], [[1, 0, 8], 1.0], [[1, 1, 18], 1.0], [[2, 0, 9], 1.0], [[2, 1, 16], 1.0], [[3, 0, 7], 1.0], [[3, 1, 17], 1.0], [[4, 0, 11], 1.0], [[4, 1, 13], 1.0], [[5, 0, 1], 1.0], [[5, 1, 5], 1.0], [[6, 0, 0], 1.0], [[6, 1, 12], 1.0], [[7, 0, 4], 1.0], [[7, 1, 10], 1.0], [[8, 0, 14], 1.0], [[8, 1, 15], 1.0], [[9, 0, 2], 1.0], [[9, 1, 3], 1.0]]}, "a1": {"exec_time": 0.0, "obj": 72, "s": [7, 6, 10, 10, 8, 6, 1, 4, 2, 3, 8, 5, 7, 5, 9, 9, 3, 4, 2, 1]}, "a2": {"exec_time": 0.0, "obj": 72, "s": [7, 6, 10, 10, 8, 6, 1, 4, 2, 3, 8, 5, 7, 5, 9, 9, 3, 4, 2, 1], "ts": 1747940888}}}