{"id": "12c7286c620e7ac8842c1454ef9b84ab", "params": {"p": [2, 2, 2, 2, 2, 2, 2, 2, 2, 2], "w": [29, 9, 17, 29, 6, 25, 15, 29, 9, 14], "d1": [17, 18, 11, 18, 15, 12, 19, 16, 20, 16], "d2": [18, 18, 11, 18, 18, 12, 19, 18, 20, 19], "s1": [16, 18, 9, 13, 10, 9, 16, 10, 10, 11], "s2": [16, 18, 11, 16, 10, 9, 16, 11, 18, 15], "r": [3, 1, 6, 10, 4, 7, 2, 5, 9, 8]}, "results": {"wsrpt": {"exec_time": 0.0, "obj": 2089, "s": [2, 2, 1, 1, 8, 8, 6, 6, 3, 3, 4, 4, 7, 7, 10, 10, 9, 9, 5, 5], "ts": 1747940888}, "lp": {"solver": "highs", "exec_time": 0.42499637603759766, "ts": 1747940889, "obj": 797.0, "x": [[[0, 0, 14], 1.0], [[0, 1, 16], 1.0], [[1, 0, 0], 1.0], [[1, 1, 1], 1.0], [[2, 0, 5], 1.0], [[2, 1, 10], 1.0], [[3, 0, 12], 1.0], [[3, 1, 17], 1.0], [[4, 0, 3], 1.0], [[4, 1, 4], 1.0], [[5, 0, 6], 1.0], [[5, 1, 11], 1.0], [[6, 0, 2], 1.0], [[6, 1, 18], 1.0], [[7, 0, 9], 1.0], [[7, 1, 15], 1.0], [[8, 0, 8], 1.0], [[8, 1, 19], 1.0], [[9, 0, 7], 1.0], [[9, 1, 13], 1.0]]}, "a1": {"exec_time": 0.0, "obj": 797, "s": [2, 2, 7, 5, 5, 3, 6, 10, 9, 8, 3, 6, 4, 10, 1, 8, 1, 4, 7, 9]}, "a2": {"exec_time": 0.0, "obj": 797, "s": [2, 2, 7, 5, 5, 3, 6, 10, 9, 8, 3, 6, 4, 10, 1, 8, 1, 4, 7, 9], "ts": 1747940889}, "osp_blp": {"solver": "highs", "exec_time": 0.5320022106170654, "ts": 1747940889, "obj": 797, "x": [15, 16, 0, 1, 5, 10, 12, 17, 3, 4, 6, 11, 2, 18, 9, 14, 8, 19, 7, 13]}}}