{"id": "13cc5c4aeeb26f45aa9d9a74a2da397f", "params": {"p": [2, 2, 2, 2, 2, 2, 2, 2, 2, 2], "w": [18, 10, 27, 3, 20, 8, 24, 5, 24, 23], "d1": [17, 7, 7, 17, 11, 10, 12, 18, 20, 13], "d2": [17, 18, 13, 17, 14, 17, 20, 18, 20, 13], "s1": [9, 5, 6, 15, 6, 7, 10, 13, 14, 8], "s2": [12, 7, 6, 16, 6, 8, 11, 15, 18, 13], "r": [2, 5, 4, 9, 3, 6, 10, 8, 7, 1]}, "results": {"wsrpt": {"exec_time": 0.0, "obj": 1394, "s": [10, 10, 5, 5, 3, 3, 9, 9, 1, 1, 7, 7, 2, 2, 6, 6, 8, 8, 4, 4], "ts": 1747940889}, "lp": {"solver": "highs", "exec_time": 0.4440031051635742, "ts": 1747940890, "obj": 423.0, "x": [[[0, 0, 1], 1.0], [[0, 1, 16], 1.0], [[1, 0, 4], 1.0], [[1, 1, 6], 1.0], [[2, 0, 3], 1.0], [[2, 1, 7], 1.0], [[3, 0, 15], 1.0], [[3, 1, 18], 1.0], [[4, 0, 2], 1.0], [[4, 1, 10], 1.0], [[5, 0, 5], 1.0], [[5, 1, 8], 1.0], [[6, 0, 9], 1.0], [[6, 1, 11], 1.0], [[7, 0, 13], 1.0], [[7, 1, 17], 1.0], [[8, 0, 14], 1.0], [[8, 1, 19], 1.0], [[9, 0, 0], 1.0], [[9, 1, 12], 1.0]]}, "a1": {"exec_time": 0.0, "obj": 423, "s": [10, 1, 5, 3, 2, 6, 2, 3, 6, 7, 5, 7, 10, 8, 9, 4, 1, 8, 4, 9]}, "a2": {"exec_time": 0.0, "obj": 423, "s": [10, 1, 5, 3, 2, 6, 2, 3, 6, 7, 5, 7, 10, 8, 9, 4, 1, 8, 4, 9], "ts": 1747940890}, "osp_blp": {"solver": "highs", "exec_time": 0.4959990978240967, "ts": 1747940890, "obj": 423, "x": [1, 16, 4, 7, 3, 6, 15, 18, 2, 10, 5, 8, 9, 11, 14, 17, 13, 19, 0, 12]}}}