{"id": "13eb0e9d11ed0f20c37653e5d0f83449", "params": {"p": [2, 2, 2, 2, 2, 2, 2, 2, 2, 2], "w": [14, 7, 22, 4, 16, 10, 18, 12, 18, 17], "d1": [10, 16, 18, 12, 17, 9, 17, 13, 11, 17], "d2": [17, 19, 20, 13, 18, 13, 18, 18, 12, 18], "s1": [9, 8, 16, 11, 9, 2, 12, 12, 10, 10], "s2": [10, 13, 17, 12, 16, 9, 16, 13, 11, 17], "r": [1, 8, 6, 10, 3, 2, 5, 9, 4, 7]}, "results": {"wsrpt": {"exec_time": 0.0, "obj": 1565, "s": [1, 1, 5, 5, 7, 7, 3, 3, 9, 9, 10, 10, 8, 8, 6, 6, 2, 2, 4, 4], "ts": 1747940890}, "lp": {"solver": "highs", "exec_time": 0.4150047302246094, "ts": 1747940890, "obj": 506.0, "x": [[[0, 0, 0], 1.0], [[0, 1, 3], 1.0], [[1, 0, 7], 1.0], [[1, 1, 14], 1.0], [[2, 0, 15], 1.0], [[2, 1, 19], 1.0], [[3, 0, 9], 1.0], [[3, 1, 11], 1.0], [[4, 0, 4], 1.0], [[4, 1, 18], 1.0], [[5, 0, 1], 1.0], [[5, 1, 2], 1.0], [[6, 0, 12], 1.0], [[6, 1, 16], 1.0], [[7, 0, 8], 1.0], [[7, 1, 13], 1.0], [[8, 0, 5], 1.0], [[8, 1, 10], 1.0], [[9, 0, 6], 1.0], [[9, 1, 17], 1.0]]}, "a1": {"exec_time": 0.0, "obj": 506, "s": [1, 6, 6, 1, 5, 9, 10, 2, 8, 4, 9, 4, 7, 8, 2, 3, 7, 10, 5, 3]}, "a2": {"exec_time": 0.0, "obj": 506, "s": [1, 6, 6, 1, 5, 9, 10, 2, 8, 4, 9, 4, 7, 8, 2, 3, 7, 10, 5, 3], "ts": 1747940890}, "osp_blp": {"solver": "highs", "exec_time": 0.5220026969909668, "ts": 1747940890, "obj": 506, "x": [0, 3, 7, 14, 15, 19, 9, 11, 4, 18, 1, 2, 12, 16, 8, 13, 5, 10, 6, 17]}}}