{"id": "13f2e93c6ddf9bc6cdf228cd73e9efe5", "params": {"p": [2, 2, 2, 2, 2, 2, 2, 2, 2, 2], "w": [18, 16, 19, 22, 29, 27, 27, 8, 8, 5], "d1": [14, 17, 20, 15, 19, 17, 13, 12, 11, 8], "d2": [17, 20, 20, 18, 19, 18, 14, 14, 11, 20], "s1": [11, 10, 19, 10, 4, 9, 9, 9, 8, 5], "s2": [13, 11, 20, 14, 11, 10, 9, 10, 8, 5], "r": [2, 3, 8, 10, 1, 6, 7, 9, 4, 5]}, "results": {"wsrpt": {"exec_time": 0.0, "obj": 2086, "s": [5, 5, 1, 1, 2, 2, 6, 6, 7, 7, 4, 4, 3, 3, 8, 8, 9, 9, 10, 10], "ts": 1747940890}, "osp_blp": {"solver": "highs", "exec_time": 0.5850040912628174, "ts": 1747940891, "obj": 497, "x": [1, 13, 2, 15, 17, 19, 10, 14, 0, 18, 8, 16, 7, 12, 9, 11, 3, 6, 4, 5]}, "lp": {"solver": "highs", "exec_time": 0.5819766521453857, "ts": 1747940891, "obj": 497.0, "x": [[[0, 0, 1], 1.0], [[0, 1, 13], 1.0], [[1, 0, 2], 1.0], [[1, 1, 15], 1.0], [[2, 0, 17], 1.0], [[2, 1, 19], 1.0], [[3, 0, 10], 1.0], [[3, 1, 14], 1.0], [[4, 0, 0], 1.0], [[4, 1, 18], 1.0], [[5, 0, 7], 1.0], [[5, 1, 16], 1.0], [[6, 0, 8], 1.0], [[6, 1, 12], 1.0], [[7, 0, 9], 1.0], [[7, 1, 11], 1.0], [[8, 0, 3], 1.0], [[8, 1, 6], 1.0], [[9, 0, 4], 1.0], [[9, 1, 5], 1.0]]}, "a1": {"exec_time": 0.0, "obj": 497, "s": [5, 1, 2, 9, 10, 10, 9, 6, 7, 8, 4, 8, 7, 1, 4, 2, 6, 3, 5, 3]}, "a2": {"exec_time": 0.0, "obj": 497, "s": [5, 1, 2, 9, 10, 10, 9, 6, 7, 8, 4, 8, 7, 1, 4, 2, 6, 3, 5, 3], "ts": 1747940891}}}