{"id": "140102407be6404a25d51797a49722fe", "params": {"p": [2, 2, 2, 2, 2, 2, 2, 2, 2, 2], "w": [13, 23, 10, 1, 27, 2, 1, 21, 29, 6], "d1": [5, 13, 16, 16, 13, 14, 13, 20, 12, 10], "d2": [17, 19, 19, 16, 16, 20, 20, 20, 13, 12], "s1": [4, 8, 13, 11, 9, 10, 8, 10, 9, 4], "s2": [5, 13, 13, 15, 9, 12, 8, 17, 9, 5], "r": [1, 5, 9, 10, 2, 6, 3, 7, 8, 4]}, "results": {"wsrpt": {"exec_time": 0.0, "obj": 1255, "s": [1, 5, 5, 1, 2, 2, 8, 8, 9, 9, 3, 3, 10, 10, 6, 6, 4, 4, 7, 7], "ts": 1747940891}, "lp": {"solver": "highs", "exec_time": 0.4139988422393799, "ts": 1747940891, "obj": 140.0, "x": [[[0, 0, 0], 1.0], [[0, 1, 1], 1.0], [[1, 0, 9], 1.0], [[1, 1, 17], 1.0], [[2, 0, 12], 1.0], [[2, 1, 18], 1.0], [[3, 0, 13], 1.0], [[3, 1, 15], 1.0], [[4, 0, 7], 1.0], [[4, 1, 14], 1.0], [[5, 0, 5], 1.0], [[5, 1, 6], 1.0], [[6, 0, 2], 1.0], [[6, 1, 4], 1.0], [[7, 0, 16], 1.0], [[7, 1, 19], 1.0], [[8, 0, 8], 1.0], [[8, 1, 11], 1.0], [[9, 0, 3], 1.0], [[9, 1, 10], 1.0]]}, "a1": {"exec_time": 0.0, "obj": 140, "s": [1, 1, 7, 10, 7, 6, 6, 5, 9, 2, 10, 9, 3, 4, 5, 4, 8, 2, 3, 8]}, "a2": {"exec_time": 0.0, "obj": 140, "s": [1, 1, 7, 10, 7, 6, 6, 5, 9, 2, 10, 9, 3, 4, 5, 4, 8, 2, 3, 8], "ts": 1747940891}, "osp_blp": {"solver": "highs", "exec_time": 0.477999210357666, "ts": 1747940891, "obj": 140, "x": [0, 1, 9, 18, 12, 17, 14, 15, 7, 13, 5, 6, 2, 4, 16, 19, 8, 11, 3, 10]}}}