{"id": "14d34839e4a710094ade937d9dce0428", "params": {"p": [2, 2, 2, 2, 2, 2, 2, 2, 2, 2], "w": [4, 16, 23, 26, 26, 6, 21, 15, 10, 11], "d1": [17, 18, 13, 13, 19, 13, 14, 10, 19, 11], "d2": [19, 20, 14, 19, 19, 15, 15, 16, 20, 14], "s1": [2, 11, 7, 9, 12, 12, 8, 5, 18, 7], "s2": [7, 11, 9, 11, 17, 13, 11, 6, 18, 9], "r": [2, 8, 1, 7, 4, 9, 6, 5, 10, 3]}, "results": {"wsrpt": {"exec_time": 0.0, "obj": 1683, "s": [3, 3, 10, 5, 5, 10, 4, 4, 7, 7, 2, 2, 8, 8, 9, 9, 6, 6, 1, 1], "ts": 1747940891}, "lp": {"solver": "highs", "exec_time": 0.4389958381652832, "ts": 1747940892, "obj": 349.0, "x": [[[0, 0, 1], 1.0], [[0, 1, 2], 1.0], [[1, 0, 10], 1.0], [[1, 1, 17], 1.0], [[2, 0, 0], 1.0], [[2, 1, 12], 1.0], [[3, 0, 8], 1.0], [[3, 1, 15], 1.0], [[4, 0, 11], 1.0], [[4, 1, 18], 1.0], [[5, 0, 9], 1.0], [[5, 1, 14], 1.0], [[6, 0, 7], 1.0], [[6, 1, 13], 1.0], [[7, 0, 4], 1.0], [[7, 1, 6], 1.0], [[8, 0, 16], 1.0], [[8, 1, 19], 1.0], [[9, 0, 3], 0.5000002500000001], [[9, 0, 5], 0.49999975], [[9, 1, 3], 0.4999997499999999], [[9, 1, 5], 0.50000025]]}, "a1": {"exec_time": 0.0, "obj": 349, "s": [3, 1, 1, 10, 8, 10, 8, 7, 4, 6, 2, 5, 3, 7, 6, 4, 9, 2, 5, 9]}, "a2": {"exec_time": 0.0, "obj": 349, "s": [3, 1, 1, 10, 8, 10, 8, 7, 4, 6, 2, 5, 3, 7, 6, 4, 9, 2, 5, 9], "ts": 1747940892}, "osp_blp": {"solver": "highs", "exec_time": 0.48199915885925293, "ts": 1747940892, "obj": 349, "x": [1, 2, 10, 17, 0, 13, 8, 15, 11, 18, 9, 12, 7, 14, 4, 6, 16, 19, 3, 5]}}}