{"id": "15ab49ec92387f0d7c54989ed838cb65", "params": {"p": [2, 2, 2, 2, 2, 2, 2, 2, 2, 2], "w": [12, 11, 21, 16, 7, 14, 3, 20, 19, 5], "d1": [10, 13, 9, 5, 18, 7, 19, 17, 20, 17], "d2": [20, 19, 12, 9, 20, 10, 19, 18, 20, 20], "s1": [8, 13, 7, 4, 15, 5, 6, 12, 20, 10], "s2": [9, 13, 8, 5, 18, 6, 16, 17, 20, 15], "r": [5, 7, 1, 3, 6, 4, 2, 8, 9, 10]}, "results": {"wsrpt": {"exec_time": 0.0, "obj": 914, "s": [3, 3, 4, 4, 6, 6, 1, 1, 8, 8, 9, 9, 2, 2, 5, 5, 10, 10, 7, 7], "ts": 1747940892}, "lp": {"solver": "highs", "exec_time": 0.4239997863769531, "ts": 1747940893, "obj": 210.0, "x": [[[0, 0, 7], 1.0], [[0, 1, 9], 1.0], [[1, 0, 12], 1.0], [[1, 1, 13], 1.0], [[2, 0, 0], 1.0], [[2, 1, 8], 1.0], [[3, 0, 3], 1.0], [[3, 1, 5], 1.0], [[4, 0, 14], 1.0], [[4, 1, 17], 1.0], [[5, 0, 4], 1.0], [[5, 1, 6], 1.0], [[6, 0, 1], 1.0], [[6, 1, 2], 1.0], [[7, 0, 11], 1.0], [[7, 1, 16], 1.0], [[8, 0, 18], 1.0], [[8, 1, 19], 1.0], [[9, 0, 10], 1.0], [[9, 1, 15], 1.0]]}, "a1": {"exec_time": 0.0, "obj": 210, "s": [3, 7, 7, 4, 6, 4, 6, 1, 3, 1, 10, 8, 2, 2, 5, 10, 8, 5, 9, 9]}, "a2": {"exec_time": 0.0, "obj": 210, "s": [3, 7, 7, 4, 6, 4, 6, 1, 3, 1, 10, 8, 2, 2, 5, 10, 8, 5, 9, 9], "ts": 1747940893}, "osp_blp": {"solver": "highs", "exec_time": 0.46799612045288086, "ts": 1747940893, "obj": 210, "x": [7, 10, 12, 13, 0, 8, 3, 4, 14, 17, 5, 6, 1, 2, 11, 16, 18, 19, 9, 15]}}}