{"id": "15d5397d7a4cf7670a0648fc785c97d8", "params": {"p": [2, 2, 2, 2, 2, 2, 2, 2, 2, 2], "w": [12, 14, 24, 18, 5, 5, 4, 30, 27, 18], "d1": [13, 12, 6, 20, 18, 6, 13, 13, 20, 19], "d2": [14, 17, 9, 20, 18, 11, 14, 16, 20, 19], "s1": [6, 11, 4, 9, 7, 4, 13, 10, 16, 11], "s2": [13, 11, 6, 14, 13, 4, 13, 13, 20, 17], "r": [6, 10, 2, 8, 7, 3, 5, 9, 4, 1]}, "results": {"wsrpt": {"exec_time": 0.0, "obj": 1753, "s": [10, 10, 3, 3, 9, 9, 1, 1, 8, 8, 4, 4, 2, 2, 5, 5, 6, 6, 7, 7], "ts": 1747940893}, "lp": {"solver": "highs", "exec_time": 0.4139995574951172, "ts": 1747940893, "obj": 316.0, "x": [[[0, 0, 6], 1.0], [[0, 1, 13], 1.0], [[1, 0, 10], 1.0], [[1, 1, 11], 1.0], [[2, 0, 1], 1.0], [[2, 1, 5], 1.0], [[3, 0, 8], 1.0], [[3, 1, 18], 1.0], [[4, 0, 7], 1.0], [[4, 1, 16], 1.0], [[5, 0, 2], 1.0], [[5, 1, 3], 1.0], [[6, 0, 4], 1.0], [[6, 1, 12], 1.0], [[7, 0, 9], 1.0], [[7, 1, 14], 1.0], [[8, 0, 15], 1.0], [[8, 1, 19], 1.0], [[9, 0, 0], 1.0], [[9, 1, 17], 1.0]]}, "a1": {"exec_time": 0.0, "obj": 316, "s": [10, 3, 6, 6, 7, 3, 1, 5, 4, 8, 2, 2, 7, 1, 8, 9, 5, 10, 4, 9]}, "a2": {"exec_time": 0.0, "obj": 316, "s": [10, 3, 6, 6, 7, 3, 1, 5, 4, 8, 2, 2, 7, 1, 8, 9, 5, 10, 4, 9], "ts": 1747940893}, "osp_blp": {"solver": "highs", "exec_time": 0.4730033874511719, "ts": 1747940893, "obj": 316, "x": [6, 12, 10, 11, 1, 5, 8, 18, 7, 16, 2, 3, 4, 13, 9, 14, 15, 19, 0, 17]}}}