{"id": "18429e79be0236b138bf91ffc0d9bc6c", "params": {"p": [2, 2, 2, 2, 2, 2, 2, 2, 2, 2], "w": [26, 16, 8, 6, 28, 15, 30, 20, 3, 1], "d1": [19, 14, 15, 14, 17, 7, 15, 10, 12, 12], "d2": [19, 15, 17, 15, 20, 8, 18, 19, 14, 14], "s1": [15, 7, 8, 14, 8, 7, 10, 10, 11, 9], "s2": [18, 8, 9, 14, 8, 7, 14, 10, 11, 10], "r": [5, 6, 8, 10, 1, 3, 7, 4, 2, 9]}, "results": {"wsrpt": {"exec_time": 0.0, "obj": 1816, "s": [5, 5, 6, 6, 1, 1, 7, 7, 8, 8, 2, 2, 3, 3, 4, 4, 9, 9, 10, 10], "ts": 1747940893}, "lp": {"solver": "highs", "exec_time": 0.45097899436950684, "ts": 1747940894, "obj": 407.0, "x": [[[0, 0, 17], 1.0], [[0, 1, 18], 1.0], [[1, 0, 5], 1.0], [[1, 1, 13], 1.0], [[2, 0, 7], 1.0], [[2, 1, 15], 1.0], [[3, 0, 12], 1.0], [[3, 1, 14], 1.0], [[4, 0, 0], 1.0], [[4, 1, 19], 1.0], [[5, 0, 3], 1.0], [[5, 1, 4], 1.0], [[6, 0, 9], 1.0], [[6, 1, 16], 1.0], [[7, 0, 6], 1.0], [[7, 1, 10], 1.0], [[8, 0, 1], 1.0], [[8, 1, 2], 1.0], [[9, 0, 8], 1.0], [[9, 1, 11], 1.0]]}, "a1": {"exec_time": 0.0, "obj": 407, "s": [5, 9, 9, 6, 6, 2, 8, 3, 10, 7, 8, 10, 4, 2, 4, 3, 7, 1, 1, 5]}, "a2": {"exec_time": 0.0, "obj": 407, "s": [5, 9, 9, 6, 6, 2, 8, 3, 10, 7, 8, 10, 4, 2, 4, 3, 7, 1, 1, 5], "ts": 1747940894}, "osp_blp": {"solver": "highs", "exec_time": 0.525998592376709, "ts": 1747940894, "obj": 407, "x": [16, 18, 5, 13, 7, 15, 12, 14, 0, 19, 3, 4, 10, 17, 6, 9, 1, 2, 8, 11]}}}