{"id": "1889c75dd3faf2c89712f31b4fa98083", "params": {"p": [2, 2, 2, 2, 2, 2, 2, 2, 2, 2], "w": [15, 24, 22, 23, 19, 4, 1, 8, 29, 21], "d1": [19, 20, 20, 16, 20, 19, 6, 12, 13, 11], "d2": [20, 20, 20, 17, 20, 19, 13, 20, 14, 15], "s1": [17, 17, 3, 9, 18, 15, 5, 6, 2, 8], "s2": [18, 17, 8, 9, 19, 16, 5, 7, 8, 10], "r": [10, 7, 2, 9, 8, 6, 3, 4, 1, 5]}, "results": {"wsrpt": {"exec_time": 0.0, "obj": 2047, "s": [9, 9, 3, 3, 10, 10, 2, 2, 4, 4, 5, 5, 1, 1, 8, 8, 6, 6, 7, 7], "ts": 1747940894}, "lp": {"solver": "highs", "exec_time": 0.40700221061706543, "ts": 1747940894, "obj": 430.0, "x": [[[0, 0, 11], 0.5000002499999994], [[0, 0, 13], 0.4999997500000006], [[0, 1, 11], 0.4999997500000006], [[0, 1, 13], 0.5000002499999994], [[1, 0, 16], 1.0], [[1, 1, 19], 1.0], [[2, 0, 1], 1.0], [[2, 1, 18], 1.0], [[3, 0, 8], 1.0], [[3, 1, 15], 1.0], [[4, 0, 14], 1.0], [[4, 1, 17], 1.0], [[5, 0, 5], 1.0], [[5, 1, 6], 1.0], [[6, 0, 2], 1.0], [[6, 1, 3], 1.0], [[7, 0, 4], 1.0], [[7, 1, 9], 1.0], [[8, 0, 0], 1.0], [[8, 1, 12], 1.0], [[9, 0, 7], 1.0], [[9, 1, 10], 1.0]]}, "a1": {"exec_time": 0.0, "obj": 430, "s": [9, 3, 7, 7, 8, 6, 6, 10, 4, 8, 10, 1, 9, 1, 5, 4, 2, 5, 3, 2]}, "a2": {"exec_time": 0.0, "obj": 430, "s": [9, 3, 7, 7, 8, 6, 6, 10, 4, 8, 10, 1, 9, 1, 5, 4, 2, 5, 3, 2], "ts": 1747940894}, "osp_blp": {"solver": "highs", "exec_time": 0.48900604248046875, "ts": 1747940894, "obj": 430, "x": [11, 13, 16, 19, 1, 18, 8, 15, 14, 17, 5, 6, 2, 3, 4, 9, 0, 12, 7, 10]}}}