{"id": "19431b3da3cd72a4e4caf2ce1f3a0c56", "params": {"p": [2, 2, 2, 2, 2, 2, 2, 2, 2, 2], "w": [25, 4, 30, 3, 14, 9, 24, 1, 7, 15], "d1": [17, 14, 10, 9, 13, 11, 19, 13, 16, 17], "d2": [20, 18, 10, 17, 13, 17, 20, 17, 17, 20], "s1": [12, 14, 9, 7, 12, 10, 17, 9, 6, 17], "s2": [12, 14, 9, 7, 12, 11, 18, 10, 7, 17], "r": [6, 4, 8, 7, 10, 2, 9, 1, 5, 3]}, "results": {"wsrpt": {"exec_time": 0.0, "obj": 1453, "s": [8, 6, 6, 10, 10, 1, 1, 3, 3, 7, 7, 5, 5, 9, 9, 2, 2, 4, 4, 8], "ts": 1747940894}, "lp": {"solver": "highs", "exec_time": 0.42999935150146484, "ts": 1747940895, "obj": 197.0, "x": [[[0, 0, 11], 1.0], [[0, 1, 19], 1.0], [[1, 0, 3], 1.0], [[1, 1, 4], 1.0], [[2, 0, 8], 1.0], [[2, 1, 9], 1.0], [[3, 0, 6], 1.0], [[3, 1, 7], 1.0], [[4, 0, 10], 1.0], [[4, 1, 12], 1.0], [[5, 0, 2], 1.0], [[5, 1, 13], 1.0], [[6, 0, 17], 1.0], [[6, 1, 18], 1.0], [[7, 0, 0], 1.0], [[7, 1, 1], 1.0], [[8, 0, 5], 1.0], [[8, 1, 14], 1.0], [[9, 0, 15], 1.0], [[9, 1, 16], 1.0]]}, "a1": {"exec_time": 0.0, "obj": 197, "s": [8, 8, 6, 2, 2, 9, 4, 4, 3, 3, 5, 1, 5, 6, 9, 10, 10, 7, 7, 1]}, "a2": {"exec_time": 0.0, "obj": 197, "s": [8, 8, 6, 2, 2, 9, 4, 4, 3, 3, 5, 1, 5, 6, 9, 10, 10, 7, 7, 1], "ts": 1747940895}, "osp_blp": {"solver": "highs", "exec_time": 0.4629995822906494, "ts": 1747940895, "obj": 197, "x": [11, 16, 3, 4, 8, 9, 6, 7, 10, 12, 2, 13, 17, 18, 0, 1, 5, 14, 15, 19]}}}