{"id": "1b6a4bd039105b7d96e31c63251d1f1c", "params": {"p": [2, 2, 2, 2, 2, 2, 2, 2, 2, 2], "w": [4, 3, 10, 27, 26, 23, 13, 12, 27, 27], "d1": [14, 3, 17, 18, 9, 20, 10, 20, 17, 10], "d2": [15, 17, 20, 18, 20, 20, 17, 20, 17, 17], "s1": [13, 3, 16, 18, 6, 10, 8, 14, 10, 9], "s2": [13, 3, 17, 18, 9, 17, 10, 19, 10, 10], "r": [10, 1, 9, 5, 4, 2, 7, 3, 8, 6]}, "results": {"wsrpt": {"exec_time": 0.0, "obj": 1761, "s": [2, 6, 6, 5, 5, 4, 4, 9, 9, 10, 10, 7, 7, 8, 8, 3, 3, 2, 1, 1], "ts": 1747940895}, "lp": {"solver": "highs", "exec_time": 0.4289991855621338, "ts": 1747940896, "obj": 523.0, "x": [[[0, 0, 12], 1.0], [[0, 1, 13], 1.0], [[1, 0, 0], 1.0], [[1, 1, 1], 1.0], [[2, 0, 14], 1.0], [[2, 1, 15], 1.0], [[3, 0, 17], 1.0], [[3, 1, 18], 1.0], [[4, 0, 4], 1.0], [[4, 1, 5], 1.0], [[5, 0, 11], 1.0], [[5, 1, 19], 1.0], [[6, 0, 6], 1.0], [[6, 1, 7], 1.0], [[7, 0, 2], 1.0], [[7, 1, 3], 1.0], [[8, 0, 9], 1.0], [[8, 1, 16], 1.0], [[9, 0, 8], 1.0], [[9, 1, 10], 1.0]]}, "a1": {"exec_time": 0.0, "obj": 523, "s": [2, 2, 8, 8, 5, 5, 7, 7, 10, 9, 10, 6, 1, 1, 3, 3, 9, 4, 4, 6]}, "a2": {"exec_time": 0.0, "obj": 523, "s": [2, 2, 8, 8, 5, 5, 7, 7, 10, 9, 10, 6, 1, 1, 3, 3, 9, 4, 4, 6], "ts": 1747940896}, "osp_blp": {"solver": "highs", "exec_time": 0.4570040702819824, "ts": 1747940896, "obj": 523, "x": [12, 13, 0, 1, 14, 15, 17, 18, 4, 5, 11, 19, 6, 7, 2, 3, 9, 16, 8, 10]}}}