{"id": "1c4dee50833076facd5b8a633f550f97", "params": {"p": [2, 2, 2, 2, 2, 2, 2, 2, 2, 2], "w": [20, 9, 7, 8, 4, 9, 9, 15, 2, 22], "d1": [10, 18, 11, 14, 20, 16, 9, 9, 16, 15], "d2": [13, 20, 13, 15, 20, 20, 12, 9, 17, 17], "s1": [8, 15, 5, 11, 17, 12, 9, 9, 11, 13], "s2": [8, 16, 11, 11, 19, 14, 9, 9, 16, 13], "r": [7, 5, 1, 8, 10, 4, 6, 2, 9, 3]}, "results": {"wsrpt": {"exec_time": 0.0, "obj": 1021, "s": [3, 8, 8, 10, 10, 3, 1, 1, 2, 2, 6, 6, 7, 7, 4, 4, 5, 5, 9, 9], "ts": 1747940896}, "lp": {"solver": "highs", "exec_time": 0.44499802589416504, "ts": 1747940896, "obj": 370.0, "x": [[[0, 0, 7], 1.0], [[0, 1, 9], 1.0], [[1, 0, 14], 1.0], [[1, 1, 18], 1.0], [[2, 0, 0], 1.0], [[2, 1, 1], 1.0], [[3, 0, 10], 1.0], [[3, 1, 13], 1.0], [[4, 0, 17], 1.0], [[4, 1, 19], 1.0], [[5, 0, 3], 1.0], [[5, 1, 16], 1.0], [[6, 0, 5], 1.0], [[6, 1, 6], 1.0], [[7, 0, 2], 0.5000002499999998], [[7, 0, 4], 0.4999997500000002], [[7, 1, 2], 0.4999997500000002], [[7, 1, 4], 0.5000002499999998], [[8, 0, 8], 1.0], [[8, 1, 11], 1.0], [[9, 0, 12], 1.0], [[9, 1, 15], 1.0]]}, "a1": {"exec_time": 0.0, "obj": 370, "s": [3, 3, 8, 6, 8, 7, 7, 1, 9, 1, 4, 9, 10, 4, 2, 10, 6, 5, 2, 5]}, "a2": {"exec_time": 0.0, "obj": 370, "s": [3, 3, 8, 6, 8, 7, 7, 1, 9, 1, 4, 9, 10, 4, 2, 10, 6, 5, 2, 5], "ts": 1747940896}, "osp_blp": {"solver": "highs", "exec_time": 0.5169973373413086, "ts": 1747940896, "obj": 370, "x": [7, 9, 15, 18, 0, 1, 10, 13, 16, 19, 3, 17, 5, 6, 2, 4, 8, 11, 12, 14]}}}