{"id": "1c5f908b8aac17cf78b7b34e62ce435b", "params": {"p": [2, 2, 2, 2, 2, 2, 2, 2, 2, 2], "w": [20, 2, 12, 13, 15, 29, 29, 11, 13, 7], "d1": [12, 20, 13, 17, 13, 19, 5, 11, 6, 7], "d2": [17, 20, 16, 20, 13, 19, 11, 17, 18, 13], "s1": [9, 18, 8, 12, 10, 18, 3, 6, 2, 7], "s2": [10, 20, 9, 13, 10, 18, 3, 11, 3, 7], "r": [7, 9, 5, 4, 10, 8, 1, 6, 2, 3]}, "results": {"wsrpt": {"exec_time": 0.0, "obj": 1274, "s": [7, 7, 9, 9, 4, 4, 1, 1, 6, 6, 5, 5, 3, 3, 8, 8, 10, 10, 2, 2], "ts": 1747940896}, "lp": {"solver": "highs", "exec_time": 0.4200015068054199, "ts": 1747940897, "obj": 111.0, "x": [[[0, 0, 8], 1.0], [[0, 1, 13], 1.0], [[1, 0, 15], 1.0], [[1, 1, 19], 1.0], [[2, 0, 7], 1.0], [[2, 1, 14], 1.0], [[3, 0, 11], 1.0], [[3, 1, 16], 1.0], [[4, 0, 9], 1.0], [[4, 1, 12], 1.0], [[5, 0, 17], 1.0], [[5, 1, 18], 1.0], [[6, 0, 0], 1.0], [[6, 1, 4], 1.0], [[7, 0, 5], 1.0], [[7, 1, 10], 1.0], [[8, 0, 1], 1.0], [[8, 1, 6], 1.0], [[9, 0, 2], 1.0], [[9, 1, 3], 1.0]]}, "a1": {"exec_time": 0.0, "obj": 111, "s": [7, 9, 10, 10, 7, 8, 9, 3, 1, 5, 8, 4, 5, 1, 3, 2, 4, 6, 6, 2]}, "a2": {"exec_time": 0.0, "obj": 111, "s": [7, 9, 10, 10, 7, 8, 9, 3, 1, 5, 8, 4, 5, 1, 3, 2, 4, 6, 6, 2], "ts": 1747940897}, "osp_blp": {"solver": "highs", "exec_time": 0.4610023498535156, "ts": 1747940897, "obj": 111, "x": [8, 14, 15, 19, 7, 13, 11, 16, 9, 12, 17, 18, 0, 4, 5, 10, 1, 6, 2, 3]}}}