{"id": "1d28b4ad2aff775bf15d359167da05c1", "params": {"p": [2, 2, 2, 2, 2, 2, 2, 2, 2, 2], "w": [13, 11, 7, 6, 29, 24, 23, 21, 26, 19], "d1": [12, 20, 4, 12, 19, 15, 13, 14, 17, 18], "d2": [17, 20, 14, 17, 20, 17, 14, 17, 17, 19], "s1": [6, 14, 3, 9, 11, 8, 9, 13, 15, 12], "s2": [8, 20, 3, 12, 13, 10, 9, 13, 16, 16], "r": [5, 4, 2, 1, 10, 6, 8, 3, 9, 7]}, "results": {"wsrpt": {"exec_time": 0.015625, "obj": 1658, "s": [4, 4, 8, 8, 1, 1, 6, 6, 9, 9, 5, 5, 7, 7, 10, 10, 2, 2, 3, 3], "ts": 1747940897}, "lp": {"solver": "highs", "exec_time": 0.41300225257873535, "ts": 1747940898, "obj": 331.0, "x": [[[0, 0, 5], 1.0], [[0, 1, 6], 1.0], [[1, 0, 4], 1.0], [[1, 1, 19], 1.0], [[2, 0, 2], 1.0], [[2, 1, 3], 1.0], [[3, 0, 0], 1.0], [[3, 1, 1], 1.0], [[4, 0, 10], 1.0], [[4, 1, 18], 1.0], [[5, 0, 7], 1.0], [[5, 1, 15], 1.0], [[6, 0, 8], 1.0], [[6, 1, 12], 1.0], [[7, 0, 11], 1.0], [[7, 1, 13], 1.0], [[8, 0, 14], 1.0], [[8, 1, 16], 1.0], [[9, 0, 9], 1.0], [[9, 1, 17], 1.0]]}, "a1": {"exec_time": 0.0, "obj": 331, "s": [4, 4, 3, 3, 2, 1, 1, 6, 7, 10, 5, 8, 7, 8, 9, 6, 9, 10, 5, 2]}, "a2": {"exec_time": 0.0, "obj": 331, "s": [4, 4, 3, 3, 2, 1, 1, 6, 7, 10, 5, 8, 7, 8, 9, 6, 9, 10, 5, 2], "ts": 1747940898}, "osp_blp": {"solver": "highs", "exec_time": 0.47299790382385254, "ts": 1747940898, "obj": 331, "x": [5, 6, 4, 19, 2, 3, 0, 1, 10, 18, 7, 14, 8, 12, 11, 13, 15, 16, 9, 17]}}}