{"id": "1f1c202f4605c358f51ed8e4d19bc749", "params": {"p": [2, 2, 2, 2, 2, 2, 2, 2, 2, 2], "w": [17, 10, 23, 11, 1, 19, 13, 27, 18, 30], "d1": [15, 12, 16, 12, 7, 19, 12, 15, 9, 17], "d2": [17, 13, 16, 12, 11, 19, 12, 16, 13, 19], "s1": [12, 12, 12, 11, 5, 17, 6, 14, 9, 10], "s2": [14, 12, 16, 12, 7, 18, 9, 15, 9, 12], "r": [3, 7, 2, 8, 1, 10, 4, 9, 5, 6]}, "results": {"wsrpt": {"exec_time": 0.0, "obj": 2034, "s": [5, 3, 3, 1, 1, 10, 10, 9, 9, 8, 8, 6, 6, 7, 7, 4, 4, 2, 2, 5], "ts": 1747940898}, "lp": {"solver": "highs", "exec_time": 0.4309983253479004, "ts": 1747940898, "obj": 442.0, "x": [[[0, 0, 2], 1.0], [[0, 1, 16], 1.0], [[1, 0, 6], 1.0], [[1, 1, 7], 1.0], [[2, 0, 12], 1.0], [[2, 1, 15], 1.0], [[3, 0, 10], 1.0], [[3, 1, 11], 1.0], [[4, 0, 0], 1.0], [[4, 1, 1], 1.0], [[5, 0, 17], 1.0], [[5, 1, 19], 1.0], [[6, 0, 3], 1.0], [[6, 1, 4], 1.0], [[7, 0, 13], 1.0], [[7, 1, 14], 1.0], [[8, 0, 5], 1.0], [[8, 1, 8], 1.0], [[9, 0, 9], 1.0], [[9, 1, 18], 1.0]]}, "a1": {"exec_time": 0.0, "obj": 442, "s": [5, 5, 1, 7, 7, 9, 2, 2, 9, 10, 4, 4, 3, 8, 8, 3, 1, 6, 10, 6]}, "a2": {"exec_time": 0.0, "obj": 442, "s": [5, 5, 1, 7, 7, 9, 2, 2, 9, 10, 4, 4, 3, 8, 8, 3, 1, 6, 10, 6], "ts": 1747940898}, "osp_blp": {"solver": "highs", "exec_time": 0.49199414253234863, "ts": 1747940898, "obj": 442, "x": [2, 16, 6, 7, 12, 15, 10, 11, 0, 1, 17, 19, 3, 4, 13, 14, 5, 8, 9, 18]}}}