{"id": "1f25ac9f02e2147e44e7500c292a701d", "params": {"p": [2, 2, 2, 2, 2, 2, 2, 2, 2, 2], "w": [27, 17, 27, 9, 13, 8, 19, 27, 15, 20], "d1": [16, 18, 10, 18, 11, 18, 13, 18, 17, 17], "d2": [20, 18, 19, 20, 19, 19, 19, 20, 19, 20], "s1": [3, 17, 10, 9, 8, 13, 7, 9, 8, 5], "s2": [4, 18, 10, 10, 11, 18, 13, 16, 14, 11], "r": [1, 10, 8, 6, 2, 4, 7, 9, 5, 3]}, "results": {"wsrpt": {"exec_time": 0.0, "obj": 1493, "s": [1, 1, 10, 10, 9, 9, 7, 7, 3, 3, 8, 8, 2, 2, 5, 5, 4, 4, 6, 6], "ts": 1747940898}, "lp": {"solver": "highs", "exec_time": 0.40599918365478516, "ts": 1747940899, "obj": 441.0, "x": [[[0, 0, 0], 1.0], [[0, 1, 15], 1.0], [[1, 0, 16], 1.0], [[1, 1, 17], 1.0], [[2, 0, 9], 1.0], [[2, 1, 11], 1.0], [[3, 0, 5], 1.0], [[3, 1, 13], 1.0], [[4, 0, 1], 1.0], [[4, 1, 10], 1.0], [[5, 0, 3], 1.0], [[5, 1, 4], 1.0], [[6, 0, 6], 1.0], [[6, 1, 12], 1.0], [[7, 0, 8], 1.0], [[7, 1, 19], 1.0], [[8, 0, 7], 1.0], [[8, 1, 14], 1.0], [[9, 0, 2], 1.0], [[9, 1, 18], 1.0]]}, "a1": {"exec_time": 0.0, "obj": 441, "s": [1, 5, 10, 6, 6, 4, 7, 9, 8, 3, 5, 3, 7, 4, 9, 1, 2, 2, 10, 8]}, "a2": {"exec_time": 0.0, "obj": 441, "s": [1, 5, 10, 6, 6, 4, 7, 9, 8, 3, 5, 3, 7, 4, 9, 1, 2, 2, 10, 8], "ts": 1747940899}, "osp_blp": {"solver": "highs", "exec_time": 0.4770023822784424, "ts": 1747940899, "obj": 441, "x": [0, 15, 16, 17, 9, 10, 5, 13, 1, 11, 3, 4, 6, 12, 8, 18, 7, 14, 2, 19]}}}