{"id": "1f34c7469d20983818b50fa5827d9562", "params": {"p": [2, 2, 2, 2, 2, 2, 2, 2, 2, 2], "w": [14, 15, 14, 17, 26, 24, 20, 19, 17, 15], "d1": [10, 11, 12, 13, 11, 9, 16, 19, 15, 19], "d2": [14, 15, 13, 16, 12, 10, 17, 19, 18, 20], "s1": [3, 2, 11, 11, 11, 7, 11, 18, 13, 14], "s2": [8, 8, 12, 12, 11, 8, 14, 19, 14, 19], "r": [3, 2, 6, 5, 7, 1, 9, 4, 8, 10]}, "results": {"wsrpt": {"exec_time": 0.0, "obj": 1710, "s": [6, 6, 2, 2, 8, 8, 5, 5, 7, 7, 4, 4, 9, 9, 10, 10, 1, 1, 3, 3], "ts": 1747940899}, "lp": {"solver": "highs", "exec_time": 0.4349985122680664, "ts": 1747940899, "obj": 529.0, "x": [[[0, 0, 2], 1.0], [[0, 1, 3], 1.0], [[1, 0, 1], 1.0], [[1, 1, 4], 1.0], [[2, 0, 5], 1.0], [[2, 1, 6], 1.0], [[3, 0, 7], 1.0], [[3, 1, 12], 1.0], [[4, 0, 10], 1.0], [[4, 1, 11], 1.0], [[5, 0, 0], 1.0], [[5, 1, 8], 1.0], [[6, 0, 9], 1.0], [[6, 1, 16], 1.0], [[7, 0, 17], 1.0], [[7, 1, 18], 1.0], [[8, 0, 13], 1.0], [[8, 1, 15], 1.0], [[9, 0, 14], 1.0], [[9, 1, 19], 1.0]]}, "a1": {"exec_time": 0.0, "obj": 529, "s": [6, 2, 1, 1, 2, 3, 3, 4, 6, 7, 5, 5, 4, 9, 10, 9, 7, 8, 8, 10]}, "a2": {"exec_time": 0.0, "obj": 529, "s": [6, 2, 1, 1, 2, 3, 3, 4, 6, 7, 5, 5, 4, 9, 10, 9, 7, 8, 8, 10], "ts": 1747940899}, "osp_blp": {"solver": "highs", "exec_time": 0.4559943675994873, "ts": 1747940899, "obj": 529, "x": [2, 3, 1, 4, 5, 6, 7, 13, 10, 11, 0, 8, 9, 16, 17, 18, 12, 14, 15, 19]}}}