{"id": "1ff753c20632f91a7ce204bc81d3d535", "params": {"p": [2, 2, 2, 2, 2, 2, 2, 2, 2, 2], "w": [4, 7, 6, 24, 6, 16, 11, 2, 7, 23], "d1": [11, 9, 20, 18, 7, 7, 13, 10, 16, 11], "d2": [14, 10, 20, 19, 15, 14, 20, 20, 19, 11], "s1": [2, 4, 11, 16, 5, 3, 13, 9, 16, 4], "s2": [7, 4, 11, 18, 6, 7, 13, 10, 16, 7], "r": [2, 1, 10, 6, 5, 3, 7, 8, 9, 4]}, "results": {"wsrpt": {"exec_time": 0.0, "obj": 1011, "s": [2, 2, 6, 6, 10, 10, 4, 4, 7, 7, 9, 9, 3, 3, 5, 5, 1, 1, 8, 8], "ts": 1747940899}, "lp": {"solver": "highs", "exec_time": 0.4680006504058838, "ts": 1747940900, "obj": 35.0, "x": [[[0, 0, 1], 1.0], [[0, 1, 11], 1.0], [[1, 0, 0], 1.0], [[1, 1, 8], 1.0], [[2, 0, 9], 1.0], [[2, 1, 19], 1.0], [[3, 0, 17], 1.0], [[3, 1, 18], 1.0], [[4, 0, 4], 1.0], [[4, 1, 5], 1.0], [[5, 0, 2], 1.0], [[5, 1, 6], 1.0], [[6, 0, 12], 1.0], [[6, 1, 13], 1.0], [[7, 0, 7], 1.0], [[7, 1, 14], 1.0], [[8, 0, 15], 1.0], [[8, 1, 16], 1.0], [[9, 0, 3], 1.0], [[9, 1, 10], 1.0]]}, "a1": {"exec_time": 0.0, "obj": 35, "s": [2, 1, 6, 10, 5, 5, 6, 8, 2, 3, 10, 1, 7, 7, 8, 9, 9, 4, 4, 3]}, "a2": {"exec_time": 0.0, "obj": 35, "s": [2, 1, 6, 10, 5, 5, 6, 8, 2, 3, 10, 1, 7, 7, 8, 9, 9, 4, 4, 3], "ts": 1747940900}, "osp_blp": {"solver": "highs", "exec_time": 0.49699974060058594, "ts": 1747940900, "obj": 35, "x": [1, 13, 0, 8, 9, 19, 16, 17, 4, 5, 2, 6, 12, 14, 7, 11, 15, 18, 3, 10]}}}