{"id": "201026adc62c2fa52bc06f46428f66c7", "params": {"p": [2, 2, 2, 2, 2, 2, 2, 2, 2, 2], "w": [14, 19, 29, 25, 25, 19, 11, 4, 30, 11], "d1": [12, 18, 18, 14, 19, 17, 7, 16, 13, 18], "d2": [15, 18, 19, 18, 19, 20, 9, 18, 18, 20], "s1": [7, 11, 14, 9, 15, 11, 4, 13, 6, 6], "s2": [12, 18, 14, 11, 16, 14, 7, 14, 7, 16], "r": [5, 10, 9, 4, 8, 7, 1, 3, 6, 2]}, "results": {"wsrpt": {"exec_time": 0.0, "obj": 1715, "s": [7, 7, 10, 4, 4, 9, 9, 5, 5, 3, 3, 10, 2, 2, 6, 6, 1, 1, 8, 8], "ts": 1747940900}, "lp": {"solver": "highs", "exec_time": 0.4199965000152588, "ts": 1747940900, "obj": 335.0, "x": [[[0, 0, 6], 1.0], [[0, 1, 11], 1.0], [[1, 0, 9], 1.0], [[1, 1, 16], 1.0], [[2, 0, 13], 1.0], [[2, 1, 17], 1.0], [[3, 0, 8], 1.0], [[3, 1, 15], 1.0], [[4, 0, 14], 1.0], [[4, 1, 18], 1.0], [[5, 0, 10], 1.0], [[5, 1, 19], 1.0], [[6, 0, 0], 1.0], [[6, 1, 1], 1.0], [[7, 0, 2], 1.0], [[7, 1, 3], 1.0], [[8, 0, 5], 1.0], [[8, 1, 12], 1.0], [[9, 0, 4], 1.0], [[9, 1, 7], 1.0]]}, "a1": {"exec_time": 0.0, "obj": 335, "s": [7, 7, 8, 8, 10, 9, 1, 10, 4, 2, 6, 1, 9, 3, 5, 4, 2, 3, 5, 6]}, "a2": {"exec_time": 0.0, "obj": 335, "s": [7, 7, 8, 8, 10, 9, 1, 10, 4, 2, 6, 1, 9, 3, 5, 4, 2, 3, 5, 6], "ts": 1747940900}, "osp_blp": {"solver": "highs", "exec_time": 0.48299360275268555, "ts": 1747940900, "obj": 335, "x": [6, 11, 9, 16, 13, 17, 8, 15, 14, 18, 10, 19, 0, 4, 2, 3, 5, 12, 1, 7]}}}