{"id": "217643383f63e6f8cbc142b5e76d0f75", "params": {"p": [2, 2, 2, 2, 2, 2, 2, 2, 2, 2], "w": [20, 24, 4, 12, 20, 11, 26, 12, 28, 22], "d1": [12, 8, 6, 17, 10, 20, 14, 19, 16, 12], "d2": [16, 17, 14, 17, 20, 20, 19, 19, 18, 14], "s1": [12, 6, 4, 13, 4, 20, 10, 12, 10, 10], "s2": [12, 7, 5, 13, 7, 20, 13, 18, 13, 11], "r": [9, 5, 4, 1, 2, 6, 8, 7, 3, 10]}, "results": {"wsrpt": {"exec_time": 0.0, "obj": 1289, "s": [4, 4, 9, 9, 2, 2, 5, 5, 7, 7, 10, 10, 1, 1, 8, 8, 6, 6, 3, 3], "ts": 1747940901}, "lp": {"solver": "highs", "exec_time": 0.4309995174407959, "ts": 1747940901, "obj": 436.0, "x": [[[0, 0, 11], 1.0], [[0, 1, 12], 1.0], [[1, 0, 5], 1.0], [[1, 1, 7], 1.0], [[2, 0, 3], 1.0], [[2, 1, 4], 1.0], [[3, 0, 0], 1.0], [[3, 1, 16], 1.0], [[4, 0, 1], 1.0], [[4, 1, 2], 1.0], [[5, 0, 17], 1.0], [[5, 1, 19], 1.0], [[6, 0, 8], 1.0], [[6, 1, 14], 1.0], [[7, 0, 6], 1.0], [[7, 1, 18], 1.0], [[8, 0, 9], 1.0], [[8, 1, 15], 1.0], [[9, 0, 10], 1.0], [[9, 1, 13], 1.0]]}, "a1": {"exec_time": 0.0, "obj": 436, "s": [4, 5, 5, 3, 3, 2, 8, 2, 7, 9, 10, 1, 1, 10, 7, 9, 4, 6, 8, 6]}, "a2": {"exec_time": 0.0, "obj": 436, "s": [4, 5, 5, 3, 3, 2, 8, 2, 7, 9, 10, 1, 1, 10, 7, 9, 4, 6, 8, 6], "ts": 1747940901}, "osp_blp": {"solver": "highs", "exec_time": 0.4629993438720703, "ts": 1747940901, "obj": 436, "x": [11, 14, 5, 7, 3, 4, 0, 16, 1, 2, 17, 19, 8, 13, 6, 18, 10, 15, 9, 12]}}}