{"id": "227f17031e221bf91e35a54239d7b42b", "params": {"p": [2, 2, 2, 2, 2, 2, 2, 2, 2, 2], "w": [2, 3, 15, 24, 29, 3, 3, 28, 23, 8], "d1": [13, 15, 3, 19, 14, 10, 11, 12, 20, 8], "d2": [20, 15, 16, 19, 18, 15, 18, 13, 20, 13], "s1": [7, 12, 1, 12, 11, 8, 11, 3, 16, 5], "s2": [12, 13, 1, 15, 12, 10, 11, 9, 18, 8], "r": [6, 9, 1, 7, 10, 8, 4, 3, 5, 2]}, "results": {"wsrpt": {"exec_time": 0.0, "obj": 1375, "s": [3, 3, 8, 8, 9, 9, 4, 4, 10, 5, 5, 10, 2, 2, 6, 6, 7, 7, 1, 1], "ts": 1747940901}, "lp": {"solver": "highs", "exec_time": 0.417006254196167, "ts": 1747940901, "obj": 50.0, "x": [[[0, 0, 5], 1.0], [[0, 1, 6], 1.0], [[1, 0, 12], 1.0], [[1, 1, 14], 1.0], [[2, 0, 0], 1.0], [[2, 1, 1], 1.0], [[3, 0, 13], 1.0], [[3, 1, 18], 1.0], [[4, 0, 10], 1.0], [[4, 1, 15], 1.0], [[5, 0, 7], 1.0], [[5, 1, 9], 1.0], [[6, 0, 3], 1.0], [[6, 1, 16], 1.0], [[7, 0, 2], 1.0], [[7, 1, 11], 1.0], [[8, 0, 17], 1.0], [[8, 1, 19], 1.0], [[9, 0, 4], 1.0], [[9, 1, 8], 1.0]]}, "a1": {"exec_time": 0.0, "obj": 50, "s": [3, 3, 8, 7, 10, 1, 1, 6, 10, 6, 5, 8, 2, 4, 2, 5, 7, 9, 4, 9]}, "a2": {"exec_time": 0.0, "obj": 50, "s": [3, 3, 8, 7, 10, 1, 1, 6, 10, 6, 5, 8, 2, 4, 2, 5, 7, 9, 4, 9], "ts": 1747940901}, "osp_blp": {"solver": "highs", "exec_time": 0.48099446296691895, "ts": 1747940902, "obj": 50, "x": [5, 6, 12, 14, 0, 1, 13, 18, 10, 16, 8, 9, 3, 15, 2, 11, 17, 19, 4, 7]}}}