{"id": "235148b7533f117233e354326c1857f0", "params": {"p": [2, 2, 2, 2, 2, 2, 2, 2, 2, 2], "w": [1, 24, 17, 11, 30, 9, 8, 12, 4, 20], "d1": [16, 13, 13, 17, 9, 12, 19, 14, 19, 16], "d2": [17, 14, 14, 18, 19, 16, 19, 20, 20, 20], "s1": [11, 13, 10, 12, 8, 2, 16, 8, 9, 10], "s2": [12, 13, 12, 16, 9, 12, 19, 13, 19, 10], "r": [8, 10, 3, 6, 7, 1, 9, 5, 4, 2]}, "results": {"wsrpt": {"exec_time": 0.0, "obj": 988, "s": [6, 10, 10, 6, 3, 3, 5, 5, 8, 2, 2, 8, 4, 4, 7, 7, 9, 9, 1, 1], "ts": 1747940902}, "lp": {"solver": "highs", "exec_time": 0.40399909019470215, "ts": 1747940902, "obj": 373.0, "x": [[[0, 0, 7], 1.0], [[0, 1, 10], 1.0], [[1, 0, 12], 1.0], [[1, 1, 13], 1.0], [[2, 0, 2], 1.0], [[2, 1, 14], 1.0], [[3, 0, 11], 1.0], [[3, 1, 17], 1.0], [[4, 0, 6], 1.0], [[4, 1, 8], 1.0], [[5, 0, 0], 1.0], [[5, 1, 1], 1.0], [[6, 0, 15], 1.0], [[6, 1, 18], 1.0], [[7, 0, 5], 1.0], [[7, 1, 16], 1.0], [[8, 0, 3], 1.0], [[8, 1, 4], 1.0], [[9, 0, 9], 1.0], [[9, 1, 19], 1.0]]}, "a1": {"exec_time": 0.0, "obj": 373, "s": [6, 6, 3, 9, 9, 8, 5, 1, 5, 10, 1, 4, 2, 2, 3, 7, 8, 4, 7, 10]}, "a2": {"exec_time": 0.0, "obj": 373, "s": [6, 6, 3, 9, 9, 8, 5, 1, 5, 10, 1, 4, 2, 2, 3, 7, 8, 4, 7, 10], "ts": 1747940902}, "osp_blp": {"solver": "highs", "exec_time": 0.47499823570251465, "ts": 1747940902, "obj": 373, "x": [7, 10, 12, 13, 2, 11, 14, 17, 6, 8, 0, 1, 15, 18, 5, 16, 3, 4, 9, 19]}}}