{"id": "2395c5290284a44855b3d6b4a4444dbe", "params": {"p": [2, 2, 2, 2, 2, 2, 2, 2, 2, 2], "w": [19, 12, 11, 27, 24, 26, 23, 9, 22, 24], "d1": [20, 9, 10, 10, 13, 16, 15, 19, 13, 14], "d2": [20, 14, 16, 10, 20, 18, 15, 20, 20, 15], "s1": [16, 5, 9, 7, 9, 10, 6, 15, 11, 12], "s2": [20, 7, 9, 9, 9, 14, 6, 17, 12, 13], "r": [10, 5, 8, 1, 7, 4, 3, 6, 2, 9]}, "results": {"wsrpt": {"exec_time": 0.0, "obj": 1867, "s": [4, 4, 7, 7, 6, 6, 5, 5, 10, 10, 9, 9, 1, 1, 2, 2, 3, 3, 8, 8], "ts": 1747940902}, "lp": {"solver": "highs", "exec_time": 0.37599992752075195, "ts": 1747940902, "obj": 701.0, "x": [[[0, 0, 16], 1.0], [[0, 1, 19], 1.0], [[1, 0, 4], 1.0], [[1, 1, 6], 1.0], [[2, 0, 7], 1.0], [[2, 1, 10], 1.0], [[3, 0, 0], 1.0], [[3, 1, 9], 1.0], [[4, 0, 8], 1.0], [[4, 1, 15], 1.0], [[5, 0, 3], 1.0], [[5, 1, 17], 1.0], [[6, 0, 2], 1.0], [[6, 1, 14], 1.0], [[7, 0, 5], 1.0], [[7, 1, 18], 1.0], [[8, 0, 1], 1.0], [[8, 1, 12], 1.0], [[9, 0, 11], 1.0], [[9, 1, 13], 1.0]]}, "a1": {"exec_time": 0.0, "obj": 701, "s": [4, 9, 7, 6, 2, 8, 2, 3, 5, 4, 3, 10, 9, 10, 7, 5, 1, 6, 8, 1]}, "a2": {"exec_time": 0.0, "obj": 701, "s": [4, 9, 7, 6, 2, 8, 2, 3, 5, 4, 3, 10, 9, 10, 7, 5, 1, 6, 8, 1], "ts": 1747940902}, "osp_blp": {"solver": "highs", "exec_time": 0.4740021228790283, "ts": 1747940902, "obj": 701, "x": [16, 19, 4, 6, 7, 10, 0, 9, 8, 12, 3, 15, 2, 14, 5, 18, 1, 17, 11, 13]}}}