{"id": "2427c8b7aeea86b43f8c24b3bb790f59", "params": {"p": [2, 2, 2, 2, 2, 2, 2, 2, 2, 2], "w": [6, 25, 2, 26, 15, 19, 11, 17, 28, 2], "d1": [15, 14, 14, 12, 20, 17, 11, 18, 19, 17], "d2": [17, 16, 15, 20, 20, 20, 12, 19, 19, 17], "s1": [9, 14, 12, 12, 9, 12, 11, 9, 17, 17], "s2": [9, 14, 14, 12, 12, 17, 11, 15, 17, 17], "r": [7, 4, 6, 9, 1, 2, 5, 3, 10, 8]}, "results": {"wsrpt": {"exec_time": 0.0, "obj": 2033, "s": [5, 5, 6, 6, 2, 2, 8, 8, 4, 4, 9, 9, 7, 7, 1, 1, 3, 3, 10, 10], "ts": 1747940902}, "lp": {"solver": "highs", "exec_time": 0.4770030975341797, "ts": 1747940903, "obj": 768.0, "x": [[[0, 0, 8], 1.0], [[0, 1, 14], 1.0], [[1, 0, 13], 1.0], [[1, 1, 15], 1.0], [[2, 0, 5], 1.0], [[2, 1, 6], 1.0], [[3, 0, 11], 1.0], [[3, 1, 12], 1.0], [[4, 0, 0], 1.0], [[4, 1, 1], 1.0], [[5, 0, 3], 1.0], [[5, 1, 19], 1.0], [[6, 0, 4], 1.0], [[6, 1, 10], 1.0], [[7, 0, 2], 1.0], [[7, 1, 17], 1.0], [[8, 0, 16], 1.0], [[8, 1, 18], 1.0], [[9, 0, 7], 1.0], [[9, 1, 9], 1.0]]}, "a1": {"exec_time": 0.0, "obj": 768, "s": [5, 5, 8, 6, 7, 3, 3, 10, 1, 10, 7, 4, 4, 2, 1, 2, 9, 8, 9, 6]}, "a2": {"exec_time": 0.0, "obj": 768, "s": [5, 5, 8, 6, 7, 3, 3, 10, 1, 10, 7, 4, 4, 2, 1, 2, 9, 8, 9, 6], "ts": 1747940903}, "osp_blp": {"solver": "highs", "exec_time": 0.48798084259033203, "ts": 1747940903, "obj": 768, "x": [8, 14, 13, 15, 5, 6, 11, 12, 0, 1, 3, 19, 4, 10, 2, 17, 16, 18, 7, 9]}}}