{"id": "243cb54f3316129902408f81df499196", "params": {"p": [2, 2, 2, 2, 2, 2, 2, 2, 2, 2], "w": [12, 5, 19, 6, 30, 25, 15, 18, 22, 11], "d1": [5, 13, 13, 12, 12, 16, 6, 17, 11, 8], "d2": [15, 17, 18, 20, 15, 16, 19, 19, 19, 9], "s1": [2, 10, 9, 8, 10, 7, 6, 8, 11, 8], "s2": [5, 10, 13, 11, 12, 7, 6, 9, 11, 8], "r": [2, 3, 7, 5, 10, 6, 1, 8, 9, 4]}, "results": {"wsrpt": {"exec_time": 0.0, "obj": 718, "s": [7, 7, 1, 1, 10, 6, 6, 10, 9, 9, 5, 5, 3, 3, 8, 8, 4, 4, 2, 2], "ts": 1747940903}, "lp": {"solver": "highs", "exec_time": 0.4669969081878662, "ts": 1747940903, "obj": 151.0, "x": [[[0, 0, 1], 1.0], [[0, 1, 3], 1.0], [[1, 0, 2], 1.0], [[1, 1, 13], 1.0], [[2, 0, 12], 1.0], [[2, 1, 17], 1.0], [[3, 0, 4], 1.0], [[3, 1, 19], 1.0], [[4, 0, 11], 1.0], [[4, 1, 14], 1.0], [[5, 0, 6], 1.0], [[5, 1, 15], 1.0], [[6, 0, 0], 1.0], [[6, 1, 5], 1.0], [[7, 0, 8], 1.0], [[7, 1, 16], 1.0], [[8, 0, 10], 1.0], [[8, 1, 18], 1.0], [[9, 0, 7], 1.0], [[9, 1, 9], 1.0]]}, "a1": {"exec_time": 0.0, "obj": 151, "s": [7, 1, 2, 1, 4, 7, 6, 10, 8, 10, 9, 5, 3, 2, 5, 6, 8, 3, 9, 4]}, "a2": {"exec_time": 0.0, "obj": 151, "s": [7, 1, 2, 1, 4, 7, 6, 10, 8, 10, 9, 5, 3, 2, 5, 6, 8, 3, 9, 4], "ts": 1747940903}, "osp_blp": {"solver": "highs", "exec_time": 0.476001501083374, "ts": 1747940903, "obj": 151, "x": [1, 3, 2, 16, 12, 17, 4, 19, 11, 13, 6, 15, 0, 5, 8, 18, 10, 14, 7, 9]}}}