{"id": "2562d41ad95cf57ad392d07611a7d5dd", "params": {"p": [2, 2, 2, 2, 2, 2, 2, 2, 2, 2], "w": [11, 4, 5, 15, 9, 28, 26, 22, 11, 14], "d1": [9, 12, 20, 14, 17, 20, 17, 19, 8, 19], "d2": [16, 12, 20, 19, 18, 20, 18, 20, 12, 19], "s1": [7, 9, 20, 10, 10, 14, 4, 14, 7, 13], "s2": [7, 11, 20, 10, 17, 14, 13, 18, 7, 17], "r": [5, 3, 4, 9, 10, 7, 2, 8, 6, 1]}, "results": {"wsrpt": {"exec_time": 0.0, "obj": 1896, "s": [10, 10, 7, 7, 1, 1, 6, 6, 8, 8, 4, 4, 9, 9, 5, 5, 3, 3, 2, 2], "ts": 1747940903}, "lp": {"solver": "highs", "exec_time": 0.4419980049133301, "ts": 1747940904, "obj": 440.0, "x": [[[0, 0, 6], 1.0], [[0, 1, 8], 1.0], [[1, 0, 2], 1.0], [[1, 1, 3], 1.0], [[2, 0, 4], 0.5000000714285714], [[2, 0, 11], 0.4999999285714287], [[2, 1, 4], 0.4999999285714286], [[2, 1, 11], 0.5000000714285715], [[3, 0, 9], 1.0], [[3, 1, 12], 1.0], [[4, 0, 10], 1.0], [[4, 1, 15], 1.0], [[5, 0, 13], 1.0], [[5, 1, 19], 1.0], [[6, 0, 1], 1.0], [[6, 1, 16], 1.0], [[7, 0, 14], 1.0], [[7, 1, 18], 1.0], [[8, 0, 5], 1.0], [[8, 1, 7], 1.0], [[9, 0, 0], 1.0], [[9, 1, 17], 1.0]]}, "a1": {"exec_time": 0.0, "obj": 440, "s": [10, 7, 2, 2, 3, 9, 1, 9, 1, 4, 5, 3, 4, 6, 8, 5, 7, 10, 8, 6]}, "a2": {"exec_time": 0.0, "obj": 440, "s": [10, 7, 2, 2, 3, 9, 1, 9, 1, 4, 5, 3, 4, 6, 8, 5, 7, 10, 8, 6], "ts": 1747940904}, "osp_blp": {"solver": "highs", "exec_time": 0.4609956741333008, "ts": 1747940904, "obj": 440, "x": [6, 8, 2, 3, 4, 11, 9, 12, 10, 15, 13, 19, 1, 16, 14, 18, 5, 7, 0, 17]}}}