{"id": "261406652ac3ad1090fdf62c7b8b1ddd", "params": {"p": [2, 2, 2, 2, 2, 2, 2, 2, 2, 2], "w": [8, 30, 11, 3, 16, 26, 9, 19, 29, 26], "d1": [17, 11, 4, 18, 8, 5, 15, 18, 11, 20], "d2": [18, 12, 12, 18, 20, 17, 18, 20, 18, 20], "s1": [5, 9, 4, 16, 6, 5, 13, 10, 8, 11], "s2": [9, 9, 4, 17, 7, 5, 15, 14, 9, 20], "r": [4, 8, 1, 9, 6, 3, 2, 5, 7, 10]}, "results": {"wsrpt": {"exec_time": 0.0, "obj": 982, "s": [3, 3, 6, 6, 8, 8, 9, 9, 2, 2, 10, 10, 5, 5, 7, 7, 1, 1, 4, 4], "ts": 1747940904}, "lp": {"solver": "highs", "exec_time": 0.4219963550567627, "ts": 1747940904, "obj": 131.0, "x": [[[0, 0, 3], 1.0], [[0, 1, 16], 1.0], [[1, 0, 8], 1.0], [[1, 1, 11], 1.0], [[2, 0, 0], 1.0], [[2, 1, 1], 1.0], [[3, 0, 15], 1.0], [[3, 1, 17], 1.0], [[4, 0, 5], 1.0], [[4, 1, 6], 1.0], [[5, 0, 2], 1.0], [[5, 1, 4], 1.0], [[6, 0, 12], 1.0], [[6, 1, 14], 1.0], [[7, 0, 9], 1.0], [[7, 1, 18], 1.0], [[8, 0, 7], 1.0], [[8, 1, 13], 1.0], [[9, 0, 10], 1.0], [[9, 1, 19], 1.0]]}, "a1": {"exec_time": 0.0, "obj": 131, "s": [3, 3, 6, 1, 6, 5, 5, 9, 2, 8, 10, 2, 7, 9, 7, 4, 1, 4, 8, 10]}, "a2": {"exec_time": 0.0, "obj": 131, "s": [3, 3, 6, 1, 6, 5, 5, 9, 2, 8, 10, 2, 7, 9, 7, 4, 1, 4, 8, 10], "ts": 1747940904}, "osp_blp": {"solver": "highs", "exec_time": 0.46199846267700195, "ts": 1747940904, "obj": 131, "x": [3, 16, 8, 10, 0, 1, 15, 17, 5, 6, 2, 4, 13, 14, 9, 18, 7, 11, 12, 19]}}}