{"id": "26cd663e15d48a75775c0165e24d062b", "params": {"p": [2, 2, 2, 2, 2, 2, 2, 2, 2, 2], "w": [2, 12, 24, 23, 4, 16, 4, 28, 28, 27], "d1": [13, 11, 15, 12, 18, 11, 6, 7, 19, 9], "d2": [18, 17, 20, 20, 20, 11, 9, 13, 20, 16], "s1": [7, 11, 3, 12, 17, 9, 6, 6, 17, 9], "s2": [8, 11, 11, 12, 17, 10, 6, 7, 19, 9], "r": [5, 9, 1, 2, 6, 8, 3, 4, 10, 7]}, "results": {"wsrpt": {"exec_time": 0.0, "obj": 1414, "s": [3, 3, 4, 4, 8, 8, 10, 10, 6, 6, 9, 9, 2, 2, 5, 5, 7, 7, 1, 1], "ts": 1747940904}, "lp": {"solver": "highs", "exec_time": 0.4010000228881836, "ts": 1747940905, "obj": 324.0, "x": [[[0, 0, 4], 1.0], [[0, 1, 7], 1.0], [[1, 0, 11], 1.0], [[1, 1, 15], 1.0], [[2, 0, 0], 1.0], [[2, 1, 14], 1.0], [[3, 0, 1], 1.0], [[3, 1, 13], 1.0], [[4, 0, 16], 1.0], [[4, 1, 19], 1.0], [[5, 0, 9], 1.0], [[5, 1, 10], 1.0], [[6, 0, 2], 1.0], [[6, 1, 3], 1.0], [[7, 0, 5], 1.0], [[7, 1, 6], 1.0], [[8, 0, 17], 1.0], [[8, 1, 18], 1.0], [[9, 0, 8], 1.0], [[9, 1, 12], 1.0]]}, "a1": {"exec_time": 0.0, "obj": 324, "s": [3, 4, 7, 7, 1, 8, 8, 1, 10, 6, 6, 2, 10, 4, 3, 2, 5, 9, 9, 5]}, "a2": {"exec_time": 0.0, "obj": 324, "s": [3, 4, 7, 7, 1, 8, 8, 1, 10, 6, 6, 2, 10, 4, 3, 2, 5, 9, 9, 5], "ts": 1747940905}, "osp_blp": {"solver": "highs", "exec_time": 0.4849998950958252, "ts": 1747940905, "obj": 324, "x": [4, 7, 11, 13, 0, 14, 1, 12, 16, 18, 9, 10, 2, 3, 5, 6, 17, 19, 8, 15]}}}