{"id": "26e293c2da472360cbe706df71ddf3b3", "params": {"p": [2, 2, 2, 2, 2, 2, 2, 2, 2, 2], "w": [30, 23, 3, 16, 8, 22, 16, 26, 15, 7], "d1": [4, 17, 7, 13, 9, 11, 14, 10, 15, 17], "d2": [14, 20, 8, 20, 12, 13, 15, 10, 16, 17], "s1": [3, 10, 6, 1, 9, 11, 11, 7, 12, 13], "s2": [4, 15, 6, 6, 9, 11, 14, 7, 13, 17], "r": [2, 8, 5, 1, 3, 9, 4, 7, 6, 10]}, "results": {"wsrpt": {"exec_time": 0.0, "obj": 813, "s": [4, 4, 1, 1, 7, 7, 8, 8, 2, 2, 6, 6, 9, 9, 5, 5, 10, 10, 3, 3], "ts": 1747940905}, "lp": {"solver": "highs", "exec_time": 0.464000940322876, "ts": 1747940905, "obj": 122.0, "x": [[[0, 0, 1], 1.0], [[0, 1, 3], 1.0], [[1, 0, 8], 1.0], [[1, 1, 18], 1.0], [[2, 0, 4], 1.0], [[2, 1, 5], 1.0], [[3, 0, 0], 1.0], [[3, 1, 19], 1.0], [[4, 0, 2], 1.0], [[4, 1, 7], 1.0], [[5, 0, 10], 1.0], [[5, 1, 12], 1.0], [[6, 0, 13], 1.0], [[6, 1, 14], 1.0], [[7, 0, 6], 1.0], [[7, 1, 9], 1.0], [[8, 0, 11], 1.0], [[8, 1, 15], 1.0], [[9, 0, 16], 0.5000004999999993], [[9, 0, 17], 0.4999995000000008], [[9, 1, 16], 0.4999995000000008], [[9, 1, 17], 0.5000004999999993]]}, "a1": {"exec_time": 0.0, "obj": 122, "s": [4, 1, 5, 1, 3, 3, 8, 5, 2, 8, 6, 9, 6, 7, 7, 9, 10, 10, 2, 4]}, "a2": {"exec_time": 0.0, "obj": 122, "s": [4, 1, 5, 1, 3, 3, 8, 5, 2, 8, 6, 9, 6, 7, 7, 9, 10, 10, 2, 4], "ts": 1747940905}, "osp_blp": {"solver": "highs", "exec_time": 0.5370004177093506, "ts": 1747940905, "obj": 122, "x": [1, 3, 8, 18, 4, 5, 0, 19, 2, 7, 10, 12, 13, 14, 6, 9, 11, 15, 16, 17]}}}