{"id": "26f2e20aafdf7e394693bd6eea2b92ce", "params": {"p": [2, 2, 2, 2, 2, 2, 2, 2, 2, 2], "w": [27, 14, 4, 2, 17, 28, 9, 11, 26, 7], "d1": [17, 18, 14, 9, 13, 11, 16, 16, 18, 9], "d2": [17, 19, 18, 11, 19, 14, 20, 18, 18, 17], "s1": [9, 16, 13, 8, 9, 5, 16, 11, 16, 7], "s2": [13, 17, 13, 9, 12, 7, 16, 14, 18, 8], "r": [1, 8, 10, 6, 7, 3, 9, 4, 5, 2]}, "results": {"wsrpt": {"exec_time": 0.0, "obj": 1992, "s": [1, 1, 6, 6, 9, 9, 5, 5, 2, 2, 8, 8, 7, 7, 10, 10, 3, 3, 4, 4], "ts": 1747940905}, "lp": {"solver": "highs", "exec_time": 0.4239997863769531, "ts": 1747940906, "obj": 514.0, "x": [[[0, 0, 0], 1.0], [[0, 1, 16], 1.0], [[1, 0, 14], 1.0], [[1, 1, 18], 1.0], [[2, 0, 9], 1.0], [[2, 1, 11], 1.0], [[3, 0, 5], 1.0], [[3, 1, 6], 1.0], [[4, 0, 7], 1.0], [[4, 1, 12], 1.0], [[5, 0, 4], 1.0], [[5, 1, 10], 1.0], [[6, 0, 8], 1.0], [[6, 1, 19], 1.0], [[7, 0, 3], 1.0], [[7, 1, 13], 1.0], [[8, 0, 15], 1.0], [[8, 1, 17], 1.0], [[9, 0, 1], 1.0], [[9, 1, 2], 1.0]]}, "a1": {"exec_time": 0.0, "obj": 514, "s": [1, 10, 10, 8, 6, 4, 4, 5, 7, 3, 6, 3, 5, 8, 2, 9, 1, 9, 2, 7]}, "a2": {"exec_time": 0.0, "obj": 514, "s": [1, 10, 10, 8, 6, 4, 4, 5, 7, 3, 6, 3, 5, 8, 2, 9, 1, 9, 2, 7], "ts": 1747940906}, "osp_blp": {"solver": "highs", "exec_time": 0.46198296546936035, "ts": 1747940906, "obj": 514, "x": [0, 16, 14, 18, 9, 11, 5, 6, 7, 12, 4, 10, 8, 19, 3, 13, 15, 17, 1, 2]}}}