{"id": "27246acaaf05459bf96021f8ce2cc398", "params": {"p": [2, 2, 2, 2, 2, 2, 2, 2, 2, 2], "w": [1, 9, 17, 19, 24, 12, 16, 2, 15, 12], "d1": [16, 20, 12, 20, 20, 12, 10, 18, 10, 19], "d2": [16, 20, 13, 20, 20, 17, 18, 19, 19, 20], "s1": [11, 20, 8, 6, 5, 12, 10, 10, 10, 10], "s2": [11, 20, 8, 15, 7, 12, 10, 16, 10, 18], "r": [10, 3, 2, 5, 1, 4, 7, 6, 8, 9]}, "results": {"wsrpt": {"exec_time": 0.0, "obj": 1296, "s": [5, 5, 3, 3, 4, 4, 7, 7, 9, 9, 6, 6, 10, 10, 2, 2, 8, 8, 1, 1], "ts": 1747940906}, "lp": {"solver": "highs", "exec_time": 0.4759964942932129, "ts": 1747940906, "obj": 596.0, "x": [[[0, 0, 10], 1.0], [[0, 1, 15], 1.0], [[1, 0, 2], 1.0], [[1, 1, 16], 1.0], [[2, 0, 1], 1.0], [[2, 1, 12], 1.0], [[3, 0, 4], 1.0], [[3, 1, 18], 1.0], [[4, 0, 0], 1.0], [[4, 1, 19], 1.0], [[5, 0, 3], 1.0], [[5, 1, 14], 1.0], [[6, 0, 9], 1.0], [[6, 1, 11], 1.0], [[7, 0, 5], 1.0], [[7, 1, 6], 1.0], [[8, 0, 7], 1.0], [[8, 1, 13], 1.0], [[9, 0, 8], 1.0], [[9, 1, 17], 1.0]]}, "a1": {"exec_time": 0.0, "obj": 596, "s": [5, 3, 2, 6, 4, 8, 8, 9, 10, 7, 1, 7, 3, 9, 6, 1, 2, 10, 4, 5]}, "a2": {"exec_time": 0.0, "obj": 596, "s": [5, 3, 2, 6, 4, 8, 8, 9, 10, 7, 1, 7, 3, 9, 6, 1, 2, 10, 4, 5], "ts": 1747940906}, "osp_blp": {"solver": "highs", "exec_time": 0.527998685836792, "ts": 1747940906, "obj": 596, "x": [10, 15, 2, 16, 1, 11, 4, 18, 0, 19, 3, 12, 9, 13, 5, 6, 7, 14, 8, 17]}}}