{"id": "27e646ccbdbebac45282a6436e58a19e", "params": {"p": [2, 2, 2, 2, 2, 2, 2, 2, 2, 2], "w": [7, 8, 21, 10, 14, 16, 10, 21, 15, 12], "d1": [15, 18, 11, 15, 10, 9, 13, 14, 15, 18], "d2": [17, 19, 12, 15, 12, 13, 17, 18, 16, 18], "s1": [11, 14, 10, 10, 9, 9, 10, 8, 14, 18], "s2": [11, 18, 10, 14, 9, 9, 10, 8, 14, 18], "r": [3, 1, 9, 8, 7, 4, 10, 5, 2, 6]}, "results": {"wsrpt": {"exec_time": 0.0, "obj": 1196, "s": [2, 2, 9, 9, 8, 8, 6, 6, 3, 3, 5, 5, 10, 10, 4, 4, 7, 7, 1, 1], "ts": 1747940906}, "lp": {"solver": "highs", "exec_time": 0.42401599884033203, "ts": 1747940907, "obj": 562.0, "x": [[[0, 0, 2], 1.0], [[0, 1, 3], 1.0], [[1, 0, 0], 1.0], [[1, 1, 1], 1.0], [[2, 0, 8], 1.0], [[2, 1, 10], 1.0], [[3, 0, 12], 1.0], [[3, 1, 14], 1.0], [[4, 0, 6], 1.0], [[4, 1, 11], 1.0], [[5, 0, 4], 0.5000005], [[5, 0, 5], 0.4999995000000001], [[5, 1, 4], 0.4999995], [[5, 1, 5], 0.5000005], [[5, 1, 8], 4.934324553889584e-17], [[6, 0, 9], 1.0], [[6, 1, 16], 1.0], [[7, 0, 7], 1.0], [[7, 1, 17], 1.0], [[8, 0, 13], 1.0], [[8, 1, 15], 1.0], [[9, 0, 18], 1.0], [[9, 1, 19], 1.0]]}, "a1": {"exec_time": 0.0, "obj": 562, "s": [2, 2, 1, 1, 6, 6, 5, 8, 3, 7, 3, 5, 4, 9, 4, 9, 7, 8, 10, 10]}, "a2": {"exec_time": 0.0, "obj": 562, "s": [2, 2, 1, 1, 6, 6, 5, 8, 3, 7, 3, 5, 4, 9, 4, 9, 7, 8, 10, 10], "ts": 1747940907}, "osp_blp": {"solver": "highs", "exec_time": 0.4760000705718994, "ts": 1747940907, "obj": 562, "x": [2, 3, 0, 1, 8, 10, 12, 14, 6, 11, 4, 5, 9, 16, 7, 17, 13, 15, 18, 19]}}}