{"id": "27f148fc70f57f948b0f6daadde43e8a", "params": {"p": [2, 2, 2, 2, 2, 2, 2, 2, 2, 2], "w": [22, 4, 29, 22, 8, 26, 21, 30, 27, 8], "d1": [17, 18, 7, 19, 18, 10, 15, 16, 17, 18], "d2": [18, 20, 17, 19, 18, 19, 18, 19, 20, 20], "s1": [14, 12, 6, 9, 11, 9, 4, 16, 12, 13], "s2": [16, 13, 7, 18, 17, 10, 4, 16, 15, 15], "r": [8, 10, 1, 2, 9, 7, 4, 3, 6, 5]}, "results": {"wsrpt": {"exec_time": 0.0, "obj": 2234, "s": [3, 3, 8, 8, 4, 4, 9, 9, 6, 6, 1, 1, 7, 7, 5, 5, 10, 10, 2, 2], "ts": 1747940907}, "lp": {"solver": "highs", "exec_time": 0.40999865531921387, "ts": 1747940907, "obj": 771.0, "x": [[[0, 0, 13], 1.0], [[0, 1, 16], 1.0], [[1, 0, 9], 1.0], [[1, 1, 10], 1.0], [[2, 0, 0], 1.0], [[2, 1, 2], 1.0], [[3, 0, 1], 1.0], [[3, 1, 18], 1.0], [[4, 0, 8], 1.0], [[4, 1, 12], 1.0], [[5, 0, 6], 1.0], [[5, 1, 7], 1.0], [[6, 0, 3], 1.0], [[6, 1, 14], 1.0], [[7, 0, 15], 1.0], [[7, 1, 17], 1.0], [[8, 0, 11], 1.0], [[8, 1, 19], 1.0], [[9, 0, 4], 1.0], [[9, 1, 5], 1.0]]}, "a1": {"exec_time": 0.0, "obj": 771, "s": [3, 4, 3, 7, 10, 10, 6, 6, 5, 2, 2, 9, 5, 1, 7, 8, 1, 8, 4, 9]}, "a2": {"exec_time": 0.0, "obj": 771, "s": [3, 4, 3, 7, 10, 10, 6, 6, 5, 2, 2, 9, 5, 1, 7, 8, 1, 8, 4, 9], "ts": 1747940907}, "osp_blp": {"solver": "highs", "exec_time": 0.4609994888305664, "ts": 1747940907, "obj": 771, "x": [13, 17, 9, 10, 0, 2, 1, 18, 8, 12, 6, 7, 3, 14, 15, 16, 11, 19, 4, 5]}}}