{"id": "27f20a210d9f0153b5d6473b95186b8e", "params": {"p": [2, 2, 2, 2, 2, 2, 2, 2, 2, 2], "w": [29, 7, 24, 13, 29, 9, 25, 1, 18, 4], "d1": [9, 14, 18, 10, 14, 4, 8, 15, 15, 16], "d2": [11, 19, 19, 14, 17, 18, 16, 18, 18, 18], "s1": [7, 12, 12, 9, 12, 1, 7, 9, 15, 13], "s2": [7, 14, 18, 10, 13, 4, 8, 10, 15, 16], "r": [6, 10, 7, 3, 8, 1, 4, 2, 9, 5]}, "results": {"wsrpt": {"exec_time": 0.0, "obj": 750, "s": [6, 6, 4, 4, 7, 7, 1, 1, 5, 5, 3, 3, 9, 9, 2, 2, 10, 10, 8, 8], "ts": 1747940907}, "lp": {"solver": "highs", "exec_time": 0.3939940929412842, "ts": 1747940908, "obj": 83.0, "x": [[[0, 0, 6], 1.0], [[0, 1, 8], 1.0], [[1, 0, 11], 1.0], [[1, 1, 19], 1.0], [[2, 0, 17], 1.0], [[2, 1, 18], 1.0], [[3, 0, 9], 1.0], [[3, 1, 10], 1.0], [[4, 0, 12], 1.0], [[4, 1, 13], 1.0], [[5, 0, 0], 1.0], [[5, 1, 3], 1.0], [[6, 0, 5], 1.0], [[6, 1, 7], 1.0], [[7, 0, 1], 1.0], [[7, 1, 2], 1.0], [[8, 0, 14], 1.0], [[8, 1, 15], 1.0], [[9, 0, 4], 1.0], [[9, 1, 16], 1.0]]}, "a1": {"exec_time": 0.0, "obj": 83, "s": [6, 8, 8, 6, 10, 7, 1, 7, 1, 4, 4, 2, 5, 5, 9, 9, 10, 3, 3, 2]}, "a2": {"exec_time": 0.0, "obj": 83, "s": [6, 8, 8, 6, 10, 7, 1, 7, 1, 4, 4, 2, 5, 5, 9, 9, 10, 3, 3, 2], "ts": 1747940908}, "osp_blp": {"solver": "highs", "exec_time": 0.4779946804046631, "ts": 1747940908, "obj": 83, "x": [6, 10, 11, 19, 15, 18, 8, 9, 12, 13, 0, 3, 5, 7, 1, 2, 14, 17, 4, 16]}}}