{"id": "287a345ff199be6d32368600952c736c", "params": {"p": [2, 2, 2, 2, 2, 2, 2, 2, 2, 2], "w": [9, 30, 25, 30, 20, 10, 2, 9, 13, 19], "d1": [10, 15, 15, 13, 5, 17, 10, 19, 7, 13], "d2": [18, 15, 15, 13, 5, 19, 20, 19, 11, 20], "s1": [6, 14, 10, 11, 4, 15, 9, 14, 6, 8], "s2": [8, 14, 15, 12, 4, 15, 10, 18, 6, 11], "r": [6, 4, 3, 8, 2, 9, 7, 10, 5, 1]}, "results": {"wsrpt": {"exec_time": 0.0, "obj": 1820, "s": [10, 10, 3, 3, 2, 2, 5, 5, 4, 4, 9, 9, 6, 6, 1, 1, 8, 8, 7, 7], "ts": 1747940908}, "lp": {"solver": "highs", "exec_time": 0.42000365257263184, "ts": 1747940908, "obj": 435.0, "x": [[[0, 0, 5], 1.0], [[0, 1, 9], 1.0], [[1, 0, 13], 1.0], [[1, 1, 14], 1.0], [[2, 0, 3], 1.0], [[2, 1, 15], 1.0], [[3, 0, 10], 1.0], [[3, 1, 12], 1.0], [[4, 0, 1], 1.0], [[4, 1, 2], 1.0], [[5, 0, 11], 1.0], [[5, 1, 16], 1.0], [[6, 0, 7], 1.0], [[6, 1, 8], 1.0], [[7, 0, 17], 1.0], [[7, 1, 18], 1.0], [[8, 0, 4], 1.0], [[8, 1, 6], 1.0], [[9, 0, 0], 1.0], [[9, 1, 19], 1.0]]}, "a1": {"exec_time": 0.0, "obj": 435, "s": [10, 5, 5, 3, 9, 1, 9, 7, 7, 1, 4, 6, 4, 2, 2, 3, 6, 8, 8, 10]}, "a2": {"exec_time": 0.0, "obj": 435, "s": [10, 5, 5, 3, 9, 1, 9, 7, 7, 1, 4, 6, 4, 2, 2, 3, 6, 8, 8, 10], "ts": 1747940908}, "osp_blp": {"solver": "highs", "exec_time": 0.5209972858428955, "ts": 1747940908, "obj": 435, "x": [5, 9, 13, 14, 3, 15, 10, 12, 1, 2, 11, 16, 7, 8, 17, 18, 4, 6, 0, 19]}}}