{"id": "29f8ec4cc5fbb1406ba18f36db1d844c", "params": {"p": [2, 2, 2, 2, 2, 2, 2, 2, 2, 2], "w": [4, 25, 2, 7, 20, 4, 28, 7, 18, 3], "d1": [9, 9, 15, 18, 16, 9, 12, 20, 12, 15], "d2": [15, 14, 16, 18, 16, 18, 12, 20, 19, 16], "s1": [7, 2, 8, 7, 9, 6, 8, 20, 8, 10], "s2": [9, 7, 10, 9, 10, 9, 10, 20, 10, 15], "r": [5, 2, 1, 6, 9, 4, 7, 10, 8, 3]}, "results": {"wsrpt": {"exec_time": 0.0, "obj": 659, "s": [3, 2, 2, 3, 1, 1, 7, 7, 5, 5, 9, 9, 4, 4, 8, 8, 6, 6, 10, 10], "ts": 1747940908}, "lp": {"solver": "highs", "exec_time": 0.45499634742736816, "ts": 1747940909, "obj": 71.0, "x": [[[0, 0, 5], 1.0], [[0, 1, 10], 1.0], [[1, 0, 1], 1.0], [[1, 1, 12], 1.0], [[2, 0, 0], 1.0], [[2, 1, 2], 1.0], [[3, 0, 6], 1.0], [[3, 1, 17], 1.0], [[4, 0, 9], 1.0], [[4, 1, 15], 1.0], [[5, 0, 4], 1.0], [[5, 1, 16], 1.0], [[6, 0, 8], 1.0], [[6, 1, 11], 1.0], [[7, 0, 18], 1.0], [[7, 1, 19], 1.0], [[8, 0, 7], 1.0], [[8, 1, 13], 1.0], [[9, 0, 3], 1.0], [[9, 1, 14], 1.0]]}, "a1": {"exec_time": 0.0, "obj": 71, "s": [3, 2, 3, 10, 6, 1, 4, 9, 7, 5, 1, 7, 2, 9, 10, 5, 6, 4, 8, 8]}, "a2": {"exec_time": 0.0, "obj": 71, "s": [3, 2, 3, 10, 6, 1, 4, 9, 7, 5, 1, 7, 2, 9, 10, 5, 6, 4, 8, 8], "ts": 1747940909}, "osp_blp": {"solver": "highs", "exec_time": 0.4629971981048584, "ts": 1747940909, "obj": 71, "x": [5, 10, 1, 13, 0, 2, 6, 17, 8, 15, 4, 12, 9, 11, 18, 19, 7, 16, 3, 14]}}}