{"id": "29fd03346c165da9250ca21676ce65ef", "params": {"p": [2, 2, 2, 2, 2, 2, 2, 2, 2, 2], "w": [29, 14, 21, 14, 14, 9, 13, 2, 15, 17], "d1": [8, 14, 12, 13, 18, 12, 15, 9, 15, 14], "d2": [13, 18, 13, 19, 20, 16, 15, 19, 15, 14], "s1": [7, 13, 12, 11, 11, 11, 11, 7, 14, 11], "s2": [7, 13, 12, 12, 14, 11, 12, 7, 15, 13], "r": [3, 5, 1, 9, 4, 8, 10, 2, 6, 7]}, "results": {"wsrpt": {"exec_time": 0.0, "obj": 1437, "s": [3, 3, 1, 1, 2, 2, 10, 10, 9, 9, 4, 4, 5, 5, 7, 7, 6, 6, 8, 8], "ts": 1747940909}, "lp": {"solver": "highs", "exec_time": 0.4180018901824951, "ts": 1747940909, "obj": 626.0, "x": [[[0, 0, 5], 1.0], [[0, 1, 6], 1.0], [[1, 0, 4], 1.0], [[1, 1, 17], 1.0], [[2, 0, 0], 1.0], [[2, 1, 11], 1.0], [[3, 0, 8], 1.0], [[3, 1, 18], 1.0], [[4, 0, 3], 1.0], [[4, 1, 19], 1.0], [[5, 0, 7], 1.0], [[5, 1, 16], 1.0], [[6, 0, 9], 1.0], [[6, 1, 15], 1.0], [[7, 0, 1], 1.0], [[7, 1, 2], 1.0], [[8, 0, 12], 1.0], [[8, 1, 14], 1.0], [[9, 0, 10], 1.0], [[9, 1, 13], 1.0]]}, "a1": {"exec_time": 0.0, "obj": 626, "s": [3, 8, 8, 5, 2, 1, 1, 6, 4, 7, 10, 3, 9, 10, 9, 7, 6, 2, 4, 5]}, "a2": {"exec_time": 0.0, "obj": 626, "s": [3, 8, 8, 5, 2, 1, 1, 6, 4, 7, 10, 3, 9, 10, 9, 7, 6, 2, 4, 5], "ts": 1747940909}, "osp_blp": {"solver": "highs", "exec_time": 0.5020222663879395, "ts": 1747940909, "obj": 626, "x": [5, 6, 4, 17, 0, 11, 8, 18, 3, 19, 7, 16, 9, 15, 1, 2, 12, 14, 10, 13]}}}