{"id": "2a0213f6d184b371ca3367cbb2f76eac", "params": {"p": [2, 2, 2, 2, 2, 2, 2, 2, 2, 2], "w": [5, 8, 30, 12, 27, 23, 17, 10, 7, 21], "d1": [12, 12, 19, 16, 17, 13, 14, 15, 7, 15], "d2": [15, 15, 19, 20, 20, 16, 14, 16, 16, 20], "s1": [12, 11, 11, 12, 16, 13, 9, 3, 4, 11], "s2": [12, 11, 13, 13, 16, 13, 14, 14, 7, 15], "r": [2, 3, 6, 5, 8, 9, 7, 1, 4, 10]}, "results": {"wsrpt": {"exec_time": 0.0, "obj": 1661, "s": [8, 8, 2, 2, 4, 3, 3, 5, 5, 4, 6, 6, 10, 10, 7, 7, 9, 9, 1, 1], "ts": 1747940909}, "lp": {"solver": "highs", "exec_time": 0.4019782543182373, "ts": 1747940910, "obj": 300.0, "x": [[[0, 0, 1], 1.0], [[0, 1, 2], 1.0], [[1, 0, 5], 0.5000004999999998], [[1, 0, 6], 0.4999995000000002], [[1, 1, 5], 0.4999995000000001], [[1, 1, 6], 0.5000004999999998], [[2, 0, 10], 1.0], [[2, 1, 18], 1.0], [[3, 0, 11], 1.0], [[3, 1, 19], 1.0], [[4, 0, 15], 1.0], [[4, 1, 17], 1.0], [[5, 0, 12], 1.0], [[5, 1, 14], 1.0], [[6, 0, 8], 1.0], [[6, 1, 13], 1.0], [[7, 0, 0], 1.0], [[7, 1, 7], 1.0], [[8, 0, 3], 1.0], [[8, 1, 4], 1.0], [[9, 0, 9], 1.0], [[9, 1, 16], 1.0]]}, "a1": {"exec_time": 0.0, "obj": 300, "s": [8, 1, 1, 9, 9, 2, 2, 8, 7, 10, 3, 4, 6, 7, 6, 5, 10, 5, 3, 4]}, "a2": {"exec_time": 0.0, "obj": 300, "s": [8, 1, 1, 9, 9, 2, 2, 8, 7, 10, 3, 4, 6, 7, 6, 5, 10, 5, 3, 4], "ts": 1747940910}, "osp_blp": {"solver": "highs", "exec_time": 0.5300023555755615, "ts": 1747940910, "obj": 300, "x": [1, 2, 5, 6, 10, 18, 11, 16, 15, 19, 12, 14, 8, 13, 0, 7, 3, 4, 9, 17]}}}