{"id": "2a4031f780fb81c78213d4cb8cb950b1", "params": {"p": [2, 2, 2, 2, 2, 2, 2, 2, 2, 2], "w": [17, 18, 26, 25, 24, 29, 2, 21, 24, 28], "d1": [14, 17, 9, 13, 19, 12, 12, 19, 17, 18], "d2": [20, 18, 17, 20, 19, 15, 19, 19, 18, 20], "s1": [14, 10, 5, 8, 19, 11, 10, 8, 12, 10], "s2": [14, 14, 6, 11, 19, 12, 10, 13, 13, 17], "r": [5, 8, 4, 3, 7, 9, 2, 6, 10, 1]}, "results": {"wsrpt": {"exec_time": 0.0, "obj": 2152, "s": [10, 10, 4, 4, 3, 3, 5, 5, 6, 6, 9, 9, 8, 8, 2, 2, 1, 1, 7, 7], "ts": 1747940910}, "lp": {"solver": "highs", "exec_time": 0.41699934005737305, "ts": 1747940910, "obj": 739.0, "x": [[[0, 0, 4], 1.0], [[0, 1, 13], 1.0], [[1, 0, 7], 1.0], [[1, 1, 14], 1.0], [[2, 0, 3], 1.0], [[2, 1, 8], 1.0], [[3, 0, 6], 1.0], [[3, 1, 12], 1.0], [[4, 0, 18], 1.0], [[4, 1, 19], 1.0], [[5, 0, 10], 1.0], [[5, 1, 11], 1.0], [[6, 0, 1], 1.0], [[6, 1, 2], 1.0], [[7, 0, 5], 1.0], [[7, 1, 15], 1.0], [[8, 0, 9], 1.0], [[8, 1, 16], 1.0], [[9, 0, 0], 1.0], [[9, 1, 17], 1.0]]}, "a1": {"exec_time": 0.0, "obj": 739, "s": [10, 7, 7, 3, 1, 8, 4, 2, 3, 9, 6, 6, 4, 1, 2, 8, 9, 10, 5, 5]}, "a2": {"exec_time": 0.0, "obj": 739, "s": [10, 7, 7, 3, 1, 8, 4, 2, 3, 9, 6, 6, 4, 1, 2, 8, 9, 10, 5, 5], "ts": 1747940910}, "osp_blp": {"solver": "highs", "exec_time": 0.4999983310699463, "ts": 1747940910, "obj": 739, "x": [4, 13, 7, 14, 3, 8, 6, 12, 17, 18, 10, 11, 1, 2, 5, 15, 9, 16, 0, 19]}}}