{"id": "2ce1d933727b510dcc18e15a3c9e9052", "params": {"p": [2, 2, 2, 2, 2, 2, 2, 2, 2, 2], "w": [28, 21, 10, 5, 10, 23, 27, 30, 23, 5], "d1": [13, 16, 17, 18, 5, 15, 12, 8, 20, 14], "d2": [20, 17, 18, 18, 12, 17, 12, 15, 20, 14], "s1": [10, 13, 15, 16, 2, 10, 6, 7, 11, 13], "s2": [12, 16, 16, 17, 5, 12, 7, 7, 15, 13], "r": [3, 2, 8, 7, 1, 9, 5, 6, 4, 10]}, "results": {"wsrpt": {"exec_time": 0.0, "obj": 1417, "s": [5, 2, 2, 1, 1, 8, 8, 7, 7, 6, 6, 9, 9, 5, 3, 3, 4, 4, 10, 10], "ts": 1747940910}, "lp": {"solver": "highs", "exec_time": 0.4310016632080078, "ts": 1747940911, "obj": 551.0, "x": [[[0, 0, 9], 1.0], [[0, 1, 12], 1.0], [[1, 0, 2], 1.0], [[1, 1, 15], 1.0], [[2, 0, 14], 1.0], [[2, 1, 17], 1.0], [[3, 0, 6], 1.0], [[3, 1, 18], 1.0], [[4, 0, 0], 1.0], [[4, 1, 1], 1.0], [[5, 0, 8], 1.0], [[5, 1, 16], 1.0], [[6, 0, 4], 1.0], [[6, 1, 11], 1.0], [[7, 0, 5], 1.0], [[7, 1, 7], 1.0], [[8, 0, 3], 1.0], [[8, 1, 19], 1.0], [[9, 0, 10], 1.0], [[9, 1, 13], 1.0]]}, "a1": {"exec_time": 0.0, "obj": 551, "s": [5, 5, 2, 9, 7, 8, 4, 8, 6, 1, 10, 7, 1, 10, 3, 2, 6, 3, 4, 9]}, "a2": {"exec_time": 0.0, "obj": 551, "s": [5, 5, 2, 9, 7, 8, 4, 8, 6, 1, 10, 7, 1, 10, 3, 2, 6, 3, 4, 9], "ts": 1747940911}, "osp_blp": {"solver": "highs", "exec_time": 0.4759964942932129, "ts": 1747940911, "obj": 551, "x": [9, 12, 2, 16, 15, 17, 6, 18, 0, 1, 8, 14, 4, 11, 5, 7, 3, 19, 10, 13]}}}