{"id": "2e1a3ff55a37e0c7eeda98b7f85955f5", "params": {"p": [2, 2, 2, 2, 2, 2, 2, 2, 2, 2], "w": [21, 19, 12, 17, 24, 1, 14, 25, 30, 12], "d1": [17, 14, 12, 12, 17, 12, 18, 13, 19, 3], "d2": [18, 20, 13, 13, 19, 20, 18, 13, 19, 5], "s1": [13, 11, 9, 8, 16, 9, 5, 13, 14, 1], "s2": [14, 13, 12, 11, 17, 12, 13, 13, 14, 1], "r": [10, 4, 7, 8, 2, 9, 5, 3, 6, 1]}, "results": {"wsrpt": {"exec_time": 0.0, "obj": 2228, "s": [10, 5, 5, 8, 8, 9, 9, 10, 2, 2, 1, 1, 4, 4, 7, 7, 3, 3, 6, 6], "ts": 1747940911}, "lp": {"solver": "highs", "exec_time": 0.4049992561340332, "ts": 1747940911, "obj": 622.0, "x": [[[0, 0, 14], 1.0], [[0, 1, 16], 1.0], [[1, 0, 3], 1.0], [[1, 1, 19], 1.0], [[2, 0, 6], 1.0], [[2, 1, 10], 1.0], [[3, 0, 7], 1.0], [[3, 1, 11], 1.0], [[4, 0, 15], 1.0], [[4, 1, 17], 1.0], [[5, 0, 8], 1.0], [[5, 1, 9], 1.0], [[6, 0, 4], 1.0], [[6, 1, 5], 1.0], [[7, 0, 2], 1.0], [[7, 1, 12], 1.0], [[8, 0, 13], 1.0], [[8, 1, 18], 1.0], [[9, 0, 0], 1.0], [[9, 1, 1], 1.0]]}, "a1": {"exec_time": 0.0, "obj": 622, "s": [10, 10, 8, 2, 7, 7, 3, 4, 6, 6, 3, 4, 8, 9, 1, 5, 1, 5, 9, 2]}, "a2": {"exec_time": 0.0, "obj": 622, "s": [10, 10, 8, 2, 7, 7, 3, 4, 6, 6, 3, 4, 8, 9, 1, 5, 1, 5, 9, 2], "ts": 1747940911}, "osp_blp": {"solver": "highs", "exec_time": 0.4949986934661865, "ts": 1747940911, "obj": 622, "x": [14, 16, 3, 19, 6, 10, 7, 11, 15, 17, 8, 9, 4, 5, 2, 12, 13, 18, 0, 1]}}}