{"id": "2e419933320615bab53d0a46fc48f16c", "params": {"p": [2, 2, 2, 2, 2, 2, 2, 2, 2, 2], "w": [22, 5, 10, 13, 7, 8, 23, 13, 13, 14], "d1": [19, 16, 14, 15, 7, 20, 14, 4, 19, 11], "d2": [19, 20, 18, 17, 14, 20, 15, 13, 19, 12], "s1": [15, 9, 9, 15, 4, 5, 7, 3, 10, 6], "s2": [19, 10, 9, 15, 7, 17, 10, 4, 13, 6], "r": [10, 3, 4, 9, 2, 5, 7, 1, 8, 6]}, "results": {"wsrpt": {"exec_time": 0.0, "obj": 801, "s": [8, 8, 5, 5, 3, 3, 7, 7, 10, 10, 1, 1, 4, 4, 9, 9, 6, 6, 2, 2], "ts": 1747940911}, "lp": {"solver": "highs", "exec_time": 0.4310014247894287, "ts": 1747940912, "obj": 113.0, "x": [[[0, 0, 16], 1.0], [[0, 1, 18], 1.0], [[1, 0, 2], 1.0], [[1, 1, 11], 1.0], [[2, 0, 8], 1.0], [[2, 1, 12], 1.0], [[3, 0, 14], 1.0], [[3, 1, 15], 1.0], [[4, 0, 1], 1.0], [[4, 1, 7], 1.0], [[5, 0, 4], 1.0], [[5, 1, 19], 1.0], [[6, 0, 6], 1.0], [[6, 1, 13], 1.0], [[7, 0, 0], 1.0], [[7, 1, 3], 1.0], [[8, 0, 9], 1.0], [[8, 1, 17], 1.0], [[9, 0, 5], 1.0], [[9, 1, 10], 1.0]]}, "a1": {"exec_time": 0.0, "obj": 113, "s": [8, 5, 2, 8, 6, 10, 7, 5, 3, 9, 10, 2, 3, 7, 4, 4, 1, 9, 1, 6]}, "a2": {"exec_time": 0.0, "obj": 113, "s": [8, 5, 2, 8, 6, 10, 7, 5, 3, 9, 10, 2, 3, 7, 4, 4, 1, 9, 1, 6], "ts": 1747940912}, "osp_blp": {"solver": "highs", "exec_time": 0.49500107765197754, "ts": 1747940912, "obj": 113, "x": [15, 18, 2, 11, 8, 12, 14, 16, 1, 6, 4, 19, 7, 13, 0, 3, 9, 17, 5, 10]}}}