{"id": "2eca9b38b4d00c9c788c2d19677773c1", "params": {"p": [2, 2, 2, 2, 2, 2, 2, 2, 2, 2], "w": [14, 17, 4, 30, 28, 8, 10, 18, 25, 10], "d1": [18, 13, 12, 14, 20, 17, 5, 19, 10, 4], "d2": [18, 15, 15, 19, 20, 17, 8, 19, 15, 9], "s1": [12, 11, 11, 12, 15, 14, 3, 16, 4, 3], "s2": [12, 12, 11, 12, 19, 16, 4, 17, 6, 3], "r": [3, 10, 5, 7, 6, 9, 2, 8, 4, 1]}, "results": {"wsrpt": {"exec_time": 0.0, "obj": 1731, "s": [10, 10, 1, 1, 9, 9, 4, 4, 5, 5, 8, 8, 2, 2, 7, 7, 6, 6, 3, 3], "ts": 1747940912}, "lp": {"solver": "highs", "exec_time": 0.43898773193359375, "ts": 1747940912, "obj": 176.0, "x": [[[0, 0, 7], 1.0], [[0, 1, 17], 1.0], [[1, 0, 10], 1.0], [[1, 1, 12], 1.0], [[2, 0, 5], 0.5000005000000008], [[2, 0, 6], 0.4999994999999992], [[2, 1, 5], 0.4999994999999993], [[2, 1, 6], 0.5000005000000007], [[3, 0, 11], 1.0], [[3, 1, 13], 1.0], [[4, 0, 14], 1.0], [[4, 1, 19], 1.0], [[5, 0, 8], 1.0], [[5, 1, 16], 1.0], [[6, 0, 1], 1.0], [[6, 1, 4], 1.0], [[7, 0, 15], 1.0], [[7, 1, 18], 1.0], [[8, 0, 3], 1.0], [[8, 1, 9], 1.0], [[9, 0, 0], 1.0], [[9, 1, 2], 1.0]]}, "a1": {"exec_time": 0.0, "obj": 176, "s": [10, 7, 10, 9, 7, 3, 3, 1, 6, 9, 2, 4, 2, 4, 5, 8, 6, 1, 8, 5]}, "a2": {"exec_time": 0.015625, "obj": 176, "s": [10, 7, 10, 9, 7, 3, 3, 1, 6, 9, 2, 4, 2, 4, 5, 8, 6, 1, 8, 5], "ts": 1747940912}, "osp_blp": {"solver": "highs", "exec_time": 0.4929957389831543, "ts": 1747940912, "obj": 176, "x": [7, 17, 10, 12, 5, 6, 11, 13, 14, 19, 8, 16, 1, 4, 15, 18, 3, 9, 0, 2]}}}