{"id": "2f6c07cae4b67d94828fb40ad61d9c06", "params": {"p": [2, 2, 2, 2, 2, 2, 2, 2, 2, 2], "w": [7, 3, 16, 16, 17, 18, 26, 22, 10, 13], "d1": [11, 8, 12, 7, 14, 14, 16, 11, 7, 10], "d2": [20, 17, 15, 20, 15, 16, 18, 20, 20, 14], "s1": [6, 7, 3, 5, 5, 12, 16, 10, 5, 10], "s2": [8, 7, 12, 7, 9, 14, 16, 10, 6, 10], "r": [1, 6, 3, 5, 2, 7, 10, 9, 4, 8]}, "results": {"wsrpt": {"exec_time": 0.0, "obj": 1123, "s": [1, 5, 5, 3, 3, 4, 4, 6, 6, 7, 7, 8, 8, 1, 10, 10, 9, 9, 2, 2], "ts": 1747940912}, "lp": {"solver": "highs", "exec_time": 0.4309999942779541, "ts": 1747940913, "obj": 112.0, "x": [[[0, 0, 0], 1.0], [[0, 1, 19], 1.0], [[1, 0, 5], 1.0], [[1, 1, 7], 1.0], [[2, 0, 2], 1.0], [[2, 1, 12], 1.0], [[3, 0, 4], 1.0], [[3, 1, 18], 1.0], [[4, 0, 1], 1.0], [[4, 1, 14], 1.0], [[5, 0, 11], 1.0], [[5, 1, 13], 1.0], [[6, 0, 15], 1.0], [[6, 1, 16], 1.0], [[7, 0, 9], 1.0], [[7, 1, 17], 1.0], [[8, 0, 3], 1.0], [[8, 1, 6], 1.0], [[9, 0, 8], 1.0], [[9, 1, 10], 1.0]]}, "a1": {"exec_time": 0.0, "obj": 112, "s": [1, 5, 3, 9, 4, 2, 9, 2, 10, 8, 10, 6, 3, 6, 5, 7, 7, 8, 4, 1]}, "a2": {"exec_time": 0.0, "obj": 112, "s": [1, 5, 3, 9, 4, 2, 9, 2, 10, 8, 10, 6, 3, 6, 5, 7, 7, 8, 4, 1], "ts": 1747940913}, "osp_blp": {"solver": "highs", "exec_time": 0.4830195903778076, "ts": 1747940913, "obj": 112, "x": [0, 18, 5, 7, 2, 12, 4, 19, 1, 13, 11, 14, 15, 17, 9, 16, 3, 6, 8, 10]}}}