{"id": "2fc66f5430784dfe390c322426ea5ebd", "params": {"p": [2, 2, 2, 2, 2, 2, 2, 2, 2, 2], "w": [3, 5, 19, 7, 8, 5, 1, 1, 7, 16], "d1": [16, 16, 17, 18, 15, 5, 16, 9, 13, 6], "d2": [17, 20, 17, 20, 15, 11, 18, 19, 19, 18], "s1": [16, 12, 12, 9, 4, 4, 14, 5, 13, 5], "s2": [16, 12, 14, 13, 5, 5, 16, 8, 13, 6], "r": [10, 6, 9, 5, 1, 3, 7, 2, 8, 4]}, "results": {"wsrpt": {"exec_time": 0.0, "obj": 491, "s": [5, 5, 6, 10, 10, 6, 4, 4, 3, 3, 9, 9, 2, 2, 1, 1, 7, 7, 8, 8], "ts": 1747940913}, "lp": {"solver": "highs", "exec_time": 0.4339892864227295, "ts": 1747940913, "obj": 53.0, "x": [[[0, 0, 15], 1.0], [[0, 1, 17], 1.0], [[1, 0, 10], 1.0], [[1, 1, 19], 1.0], [[2, 0, 11], 1.0], [[2, 1, 16], 1.0], [[3, 0, 8], 1.0], [[3, 1, 18], 1.0], [[4, 0, 0], 1.0], [[4, 1, 14], 1.0], [[5, 0, 3], 1.0], [[5, 1, 4], 1.0], [[6, 0, 7], 0.50000025], [[6, 0, 9], 0.49999975], [[6, 1, 7], 0.49999975], [[6, 1, 9], 0.50000025], [[7, 0, 1], 1.0], [[7, 1, 2], 1.0], [[8, 0, 12], 1.0], [[8, 1, 13], 1.0], [[9, 0, 5], 1.0], [[9, 1, 6], 1.0]]}, "a1": {"exec_time": 0.0, "obj": 53, "s": [5, 8, 8, 6, 6, 10, 10, 7, 4, 7, 2, 3, 9, 9, 5, 1, 3, 1, 4, 2]}, "a2": {"exec_time": 0.0, "obj": 53, "s": [5, 8, 8, 6, 6, 10, 10, 7, 4, 7, 2, 3, 9, 9, 5, 1, 3, 1, 4, 2], "ts": 1747940913}, "osp_blp": {"solver": "highs", "exec_time": 0.4819977283477783, "ts": 1747940913, "obj": 53, "x": [15, 17, 10, 18, 11, 16, 8, 19, 0, 14, 3, 4, 7, 9, 1, 2, 12, 13, 5, 6]}}}