{"id": "30b2fafde8edde6b5915218def942d20", "params": {"p": [2, 2, 2, 2, 2, 2, 2, 2, 2, 2], "w": [18, 24, 12, 14, 18, 12, 7, 6, 7, 27], "d1": [9, 19, 17, 9, 7, 13, 14, 19, 20, 10], "d2": [10, 20, 18, 11, 7, 20, 19, 20, 20, 16], "s1": [4, 19, 14, 4, 7, 5, 13, 6, 12, 8], "s2": [7, 19, 17, 7, 7, 10, 13, 12, 14, 10], "r": [1, 9, 7, 2, 3, 5, 10, 4, 6, 8]}, "results": {"wsrpt": {"exec_time": 0.0, "obj": 1054, "s": [1, 1, 5, 5, 4, 4, 3, 10, 10, 2, 2, 3, 6, 6, 7, 7, 9, 9, 8, 8], "ts": 1747940913}, "lp": {"solver": "highs", "exec_time": 0.39899516105651855, "ts": 1747940914, "obj": 242.0, "x": [[[0, 0, 0], 1.0], [[0, 1, 8], 1.0], [[1, 0, 18], 1.0], [[1, 1, 19], 1.0], [[2, 0, 14], 1.0], [[2, 1, 16], 1.0], [[3, 0, 1], 1.0], [[3, 1, 2], 1.0], [[4, 0, 5], 1.0], [[4, 1, 6], 1.0], [[5, 0, 4], 1.0], [[5, 1, 12], 1.0], [[6, 0, 11], 1.0], [[6, 1, 13], 1.0], [[7, 0, 3], 1.0], [[7, 1, 15], 1.0], [[8, 0, 10], 1.0], [[8, 1, 17], 1.0], [[9, 0, 7], 1.0], [[9, 1, 9], 1.0]]}, "a1": {"exec_time": 0.0, "obj": 242, "s": [1, 4, 4, 8, 6, 5, 5, 10, 1, 10, 9, 7, 6, 7, 3, 8, 3, 9, 2, 2]}, "a2": {"exec_time": 0.0, "obj": 242, "s": [1, 4, 4, 8, 6, 5, 5, 10, 1, 10, 9, 7, 6, 7, 3, 8, 3, 9, 2, 2], "ts": 1747940914}, "osp_blp": {"solver": "highs", "exec_time": 0.5189931392669678, "ts": 1747940914, "obj": 242, "x": [0, 8, 18, 19, 14, 16, 1, 2, 5, 6, 4, 12, 11, 13, 3, 15, 10, 17, 7, 9]}}}