{"id": "318a1da0a3f118150f5e4adf98eaee8e", "params": {"p": [2, 2, 2, 2, 2, 2, 2, 2, 2, 2], "w": [9, 24, 5, 5, 12, 11, 22, 7, 14, 2], "d1": [17, 17, 16, 17, 10, 11, 19, 17, 15, 11], "d2": [19, 17, 18, 18, 15, 16, 19, 17, 18, 18], "s1": [10, 14, 6, 12, 6, 9, 6, 17, 9, 9], "s2": [14, 17, 7, 13, 8, 11, 17, 17, 9, 9], "r": [10, 5, 2, 1, 3, 8, 4, 7, 6, 9]}, "results": {"wsrpt": {"exec_time": 0.0, "obj": 1152, "s": [4, 4, 5, 5, 2, 2, 7, 7, 9, 9, 6, 6, 1, 1, 8, 8, 3, 3, 10, 10], "ts": 1747940914}, "lp": {"solver": "highs", "exec_time": 0.43100452423095703, "ts": 1747940914, "obj": 279.0, "x": [[[0, 0, 9], 1.0], [[0, 1, 19], 1.0], [[1, 0, 13], 1.0], [[1, 1, 16], 1.0], [[2, 0, 2], 1.0], [[2, 1, 3], 1.0], [[3, 0, 0], 1.0], [[3, 1, 1], 1.0], [[4, 0, 4], 1.0], [[4, 1, 11], 1.0], [[5, 0, 7], 1.0], [[5, 1, 12], 1.0], [[6, 0, 5], 1.0], [[6, 1, 18], 1.0], [[7, 0, 15], 0.5000002499999995], [[7, 0, 17], 0.4999997500000005], [[7, 1, 15], 0.4999997500000005], [[7, 1, 17], 0.5000002499999995], [[8, 0, 6], 1.0], [[8, 1, 14], 1.0], [[9, 0, 8], 1.0], [[9, 1, 10], 1.0]]}, "a1": {"exec_time": 0.015625, "obj": 279, "s": [4, 4, 3, 3, 5, 7, 9, 6, 10, 1, 10, 5, 6, 2, 9, 8, 2, 8, 7, 1]}, "a2": {"exec_time": 0.0, "obj": 279, "s": [4, 4, 3, 3, 5, 7, 9, 6, 10, 1, 10, 5, 6, 2, 9, 8, 2, 8, 7, 1], "ts": 1747940914}, "osp_blp": {"solver": "highs", "exec_time": 0.4570045471191406, "ts": 1747940914, "obj": 279, "x": [11, 19, 13, 16, 1, 2, 0, 3, 4, 9, 7, 12, 5, 18, 15, 17, 6, 14, 8, 10]}}}