{"id": "33373502e552b4ce96e82a5629a03cbe", "params": {"p": [2, 2, 2, 2, 2, 2, 2, 2, 2, 2], "w": [7, 22, 29, 5, 4, 29, 17, 10, 23, 19], "d1": [14, 9, 15, 12, 14, 8, 12, 14, 20, 19], "d2": [16, 18, 17, 20, 14, 9, 12, 14, 20, 20], "s1": [11, 1, 5, 8, 3, 8, 10, 10, 18, 18], "s2": [12, 7, 14, 11, 3, 8, 12, 12, 18, 18], "r": [6, 1, 5, 3, 2, 4, 9, 8, 10, 7]}, "results": {"wsrpt": {"exec_time": 0.0, "obj": 1589, "s": [2, 2, 4, 6, 6, 3, 3, 10, 10, 9, 9, 7, 7, 4, 8, 8, 1, 1, 5, 5], "ts": 1747940914}, "lp": {"solver": "highs", "exec_time": 0.4210021495819092, "ts": 1747940915, "obj": 145.0, "x": [[[0, 0, 6], 1.0], [[0, 1, 15], 1.0], [[1, 0, 0], 1.0], [[1, 1, 12], 1.0], [[2, 0, 4], 1.0], [[2, 1, 14], 1.0], [[3, 0, 3], 0.5000002499999999], [[3, 0, 5], 0.4999997500000001], [[3, 1, 3], 0.4999997500000001], [[3, 1, 5], 0.5000002499999999], [[4, 0, 1], 1.0], [[4, 1, 2], 1.0], [[5, 0, 7], 1.0], [[5, 1, 8], 1.0], [[6, 0, 9], 1.0], [[6, 1, 11], 1.0], [[7, 0, 10], 1.0], [[7, 1, 13], 1.0], [[8, 0, 17], 1.0], [[8, 1, 19], 1.0], [[9, 0, 16], 1.0], [[9, 1, 18], 1.0]]}, "a1": {"exec_time": 0.0, "obj": 145, "s": [2, 5, 5, 4, 3, 4, 1, 6, 6, 7, 8, 7, 2, 8, 3, 1, 10, 9, 10, 9]}, "a2": {"exec_time": 0.0, "obj": 145, "s": [2, 5, 5, 4, 3, 4, 1, 6, 6, 7, 8, 7, 2, 8, 3, 1, 10, 9, 10, 9], "ts": 1747940915}, "osp_blp": {"solver": "highs", "exec_time": 0.4809999465942383, "ts": 1747940915, "obj": 145, "x": [6, 14, 0, 12, 4, 15, 3, 5, 1, 2, 7, 8, 10, 11, 9, 13, 17, 19, 16, 18]}}}