{"id": "33efaf7797c8ab994e00439a77bdabf6", "params": {"p": [2, 2, 2, 2, 2, 2, 2, 2, 2, 2], "w": [18, 6, 20, 28, 27, 7, 30, 30, 1, 28], "d1": [8, 13, 15, 13, 9, 8, 14, 15, 14, 16], "d2": [17, 17, 16, 17, 12, 17, 20, 17, 17, 16], "s1": [7, 10, 13, 9, 3, 6, 11, 1, 10, 16], "s2": [7, 13, 14, 13, 6, 6, 12, 14, 12, 16], "r": [6, 5, 10, 7, 2, 4, 8, 1, 9, 3]}, "results": {"wsrpt": {"exec_time": 0.0, "obj": 1858, "s": [8, 8, 10, 10, 5, 5, 4, 4, 7, 7, 3, 3, 1, 1, 6, 6, 2, 2, 9, 9], "ts": 1747940915}, "lp": {"solver": "highs", "exec_time": 0.4360051155090332, "ts": 1747940915, "obj": 311.0, "x": [[[0, 0, 6], 1.0], [[0, 1, 7], 1.0], [[1, 0, 4], 1.0], [[1, 1, 11], 1.0], [[2, 0, 12], 1.0], [[2, 1, 14], 1.0], [[3, 0, 8], 1.0], [[3, 1, 13], 1.0], [[4, 0, 1], 1.0], [[4, 1, 2], 1.0], [[5, 0, 3], 1.0], [[5, 1, 5], 1.0], [[6, 0, 10], 1.0], [[6, 1, 19], 1.0], [[7, 0, 0], 1.0], [[7, 1, 16], 1.0], [[8, 0, 9], 1.0], [[8, 1, 18], 1.0], [[9, 0, 15], 0.5000002499999993], [[9, 0, 17], 0.4999997500000007], [[9, 1, 15], 0.4999997500000006], [[9, 1, 17], 0.5000002499999994]]}, "a1": {"exec_time": 0.0, "obj": 311, "s": [8, 5, 5, 6, 2, 6, 1, 1, 4, 9, 7, 2, 3, 4, 3, 10, 8, 10, 9, 7]}, "a2": {"exec_time": 0.0, "obj": 311, "s": [8, 5, 5, 6, 2, 6, 1, 1, 4, 9, 7, 2, 3, 4, 3, 10, 8, 10, 9, 7], "ts": 1747940915}, "osp_blp": {"solver": "highs", "exec_time": 0.4649980068206787, "ts": 1747940915, "obj": 311, "x": [6, 7, 4, 11, 12, 14, 8, 13, 1, 2, 3, 5, 10, 19, 0, 16, 9, 18, 15, 17]}}}