{"id": "34462974b2f30334f0dfd23f6ef86265", "params": {"p": [2, 2, 2, 2, 2, 2, 2, 2, 2, 2], "w": [4, 9, 4, 27, 30, 18, 13, 4, 3, 18], "d1": [17, 11, 19, 19, 14, 18, 6, 10, 10, 14], "d2": [17, 15, 19, 19, 17, 18, 11, 17, 13, 20], "s1": [17, 8, 9, 13, 14, 14, 4, 6, 9, 3], "s2": [17, 11, 13, 18, 14, 16, 5, 10, 10, 9], "r": [10, 8, 7, 1, 9, 5, 4, 6, 3, 2]}, "results": {"wsrpt": {"exec_time": 0.0, "obj": 1765, "s": [4, 4, 10, 10, 6, 6, 7, 7, 5, 5, 2, 2, 1, 1, 3, 3, 8, 8, 9, 9], "ts": 1747940915}, "lp": {"solver": "highs", "exec_time": 0.4200005531311035, "ts": 1747940916, "obj": 415.0, "x": [[[0, 0, 11], 0.500000499999999], [[0, 0, 12], 0.499999500000001], [[0, 1, 11], 0.499999500000001], [[0, 1, 12], 0.500000499999999], [[1, 0, 7], 1.0], [[1, 1, 10], 1.0], [[2, 0, 8], 1.0], [[2, 1, 19], 1.0], [[3, 0, 0], 1.0], [[3, 1, 18], 1.0], [[4, 0, 13], 1.0], [[4, 1, 15], 1.0], [[5, 0, 14], 1.0], [[5, 1, 17], 1.0], [[6, 0, 3], 1.0], [[6, 1, 5], 1.0], [[7, 0, 6], 1.0], [[7, 1, 9], 1.0], [[8, 0, 2], 1.0], [[8, 1, 4], 1.0], [[9, 0, 1], 1.0], [[9, 1, 16], 1.0]]}, "a1": {"exec_time": 0.0, "obj": 415, "s": [4, 10, 9, 7, 9, 7, 8, 2, 3, 8, 2, 1, 1, 5, 6, 5, 10, 6, 4, 3]}, "a2": {"exec_time": 0.0, "obj": 415, "s": [4, 10, 9, 7, 9, 7, 8, 2, 3, 8, 2, 1, 1, 5, 6, 5, 10, 6, 4, 3], "ts": 1747940916}, "osp_blp": {"solver": "highs", "exec_time": 0.47899866104125977, "ts": 1747940916, "obj": 415, "x": [11, 12, 7, 10, 8, 19, 0, 18, 13, 16, 14, 17, 3, 6, 5, 9, 2, 4, 1, 15]}}}