{"id": "34fc62911095f4d7b662b27d71818934", "params": {"p": [2, 2, 2, 2, 2, 2, 2, 2, 2, 2], "w": [6, 21, 6, 24, 25, 1, 4, 8, 27, 13], "d1": [12, 6, 19, 10, 11, 9, 9, 20, 20, 16], "d2": [14, 19, 19, 20, 18, 20, 15, 20, 20, 20], "s1": [11, 5, 5, 10, 11, 3, 9, 13, 17, 12], "s2": [11, 6, 15, 10, 11, 7, 9, 17, 18, 14], "r": [6, 1, 5, 8, 4, 2, 7, 3, 10, 9]}, "results": {"wsrpt": {"exec_time": 0.0, "obj": 1326, "s": [2, 2, 8, 5, 5, 8, 1, 4, 4, 9, 9, 10, 10, 1, 3, 3, 7, 7, 6, 6], "ts": 1747940916}, "lp": {"solver": "highs", "exec_time": 0.43500494956970215, "ts": 1747940916, "obj": 201.0, "x": [[[0, 0, 8], 1.0], [[0, 1, 11], 1.0], [[1, 0, 0], 1.0], [[1, 1, 5], 1.0], [[2, 0, 4], 1.0], [[2, 1, 17], 1.0], [[3, 0, 9], 1.0], [[3, 1, 13], 1.0], [[4, 0, 10], 1.0], [[4, 1, 14], 1.0], [[5, 0, 1], 1.0], [[5, 1, 2], 1.0], [[6, 0, 6], 1.0], [[6, 1, 7], 1.0], [[7, 0, 3], 1.0], [[7, 1, 18], 1.0], [[8, 0, 16], 1.0], [[8, 1, 19], 1.0], [[9, 0, 12], 1.0], [[9, 1, 15], 1.0]]}, "a1": {"exec_time": 0.0, "obj": 201, "s": [2, 6, 6, 8, 3, 2, 7, 7, 1, 4, 5, 1, 10, 4, 5, 10, 9, 3, 8, 9]}, "a2": {"exec_time": 0.0, "obj": 201, "s": [2, 6, 6, 8, 3, 2, 7, 7, 1, 4, 5, 1, 10, 4, 5, 10, 9, 3, 8, 9], "ts": 1747940916}, "osp_blp": {"solver": "highs", "exec_time": 0.5190017223358154, "ts": 1747940916, "obj": 201, "x": [8, 13, 0, 5, 4, 17, 9, 11, 10, 14, 1, 2, 6, 7, 3, 18, 16, 19, 12, 15]}}}