{"id": "3555281a361f831c597716321058cca7", "params": {"p": [2, 2, 2, 2, 2, 2, 2, 2, 2, 2], "w": [10, 19, 5, 19, 5, 17, 19, 9, 12, 25], "d1": [17, 13, 12, 10, 12, 6, 11, 19, 9, 13], "d2": [17, 14, 12, 19, 12, 7, 18, 20, 15, 14], "s1": [12, 10, 10, 5, 12, 5, 10, 16, 5, 9], "s2": [13, 12, 10, 5, 12, 5, 11, 17, 9, 11], "r": [8, 2, 6, 4, 1, 3, 7, 10, 5, 9]}, "results": {"wsrpt": {"exec_time": 0.0, "obj": 834, "s": [5, 2, 2, 4, 4, 6, 6, 7, 7, 10, 10, 9, 9, 1, 1, 5, 8, 8, 3, 3], "ts": 1747940916}, "lp": {"solver": "highs", "exec_time": 0.44600439071655273, "ts": 1747940917, "obj": 193.0, "x": [[[0, 0, 11], 1.0], [[0, 1, 16], 1.0], [[1, 0, 9], 1.0], [[1, 1, 13], 1.0], [[2, 0, 6], 0.500000500000001], [[2, 0, 7], 0.499999499999999], [[2, 1, 6], 0.499999499999999], [[2, 1, 7], 0.500000500000001], [[3, 0, 3], 1.0], [[3, 1, 18], 1.0], [[4, 0, 0], 1.0], [[4, 1, 1], 1.0], [[5, 0, 2], 1.0], [[5, 1, 5], 1.0], [[6, 0, 10], 1.0], [[6, 1, 17], 1.0], [[7, 0, 15], 1.0], [[7, 1, 19], 1.0], [[8, 0, 4], 1.0], [[8, 1, 14], 1.0], [[9, 0, 8], 1.0], [[9, 1, 12], 1.0]]}, "a1": {"exec_time": 0.0, "obj": 193, "s": [5, 5, 6, 4, 9, 6, 3, 3, 10, 2, 7, 1, 10, 2, 9, 8, 1, 7, 4, 8]}, "a2": {"exec_time": 0.0, "obj": 193, "s": [5, 5, 6, 4, 9, 6, 3, 3, 10, 2, 7, 1, 10, 2, 9, 8, 1, 7, 4, 8], "ts": 1747940917}, "osp_blp": {"solver": "highs", "exec_time": 0.49600768089294434, "ts": 1747940917, "obj": 193, "x": [11, 16, 9, 13, 6, 7, 3, 18, 0, 1, 2, 5, 10, 17, 15, 19, 4, 14, 8, 12]}}}