{"id": "356a68287ee9529f7170f60c780970d4", "params": {"p": [2, 2, 2, 2, 2, 2, 2, 2, 2, 2], "w": [17, 23, 2, 12, 25, 14, 29, 26, 13, 17], "d1": [15, 11, 20, 10, 14, 16, 10, 18, 16, 10], "d2": [18, 11, 20, 17, 20, 16, 15, 19, 17, 15], "s1": [11, 8, 8, 10, 9, 11, 10, 6, 7, 7], "s2": [11, 9, 17, 10, 9, 14, 10, 14, 9, 10], "r": [9, 3, 2, 1, 6, 10, 8, 5, 4, 7]}, "results": {"wsrpt": {"exec_time": 0.0, "obj": 1284, "s": [4, 4, 2, 2, 8, 8, 5, 5, 7, 7, 1, 1, 10, 10, 6, 6, 9, 9, 3, 3], "ts": 1747940917}, "lp": {"solver": "highs", "exec_time": 0.4309980869293213, "ts": 1747940917, "obj": 269.0, "x": [[[0, 0, 11], 1.0], [[0, 1, 17], 1.0], [[1, 0, 7], 1.0], [[1, 1, 10], 1.0], [[2, 0, 1], 1.0], [[2, 1, 2], 1.0], [[3, 0, 0], 1.0], [[3, 1, 3], 1.0], [[4, 0, 8], 1.0], [[4, 1, 19], 1.0], [[5, 0, 12], 1.0], [[5, 1, 15], 1.0], [[6, 0, 9], 1.0], [[6, 1, 13], 1.0], [[7, 0, 5], 1.0], [[7, 1, 18], 1.0], [[8, 0, 4], 1.0], [[8, 1, 16], 1.0], [[9, 0, 6], 1.0], [[9, 1, 14], 1.0]]}, "a1": {"exec_time": 0.0, "obj": 269, "s": [4, 3, 3, 4, 9, 8, 10, 2, 5, 7, 2, 1, 6, 7, 10, 6, 9, 1, 8, 5]}, "a2": {"exec_time": 0.0, "obj": 269, "s": [4, 3, 3, 4, 9, 8, 10, 2, 5, 7, 2, 1, 6, 7, 10, 6, 9, 1, 8, 5], "ts": 1747940917}, "osp_blp": {"solver": "highs", "exec_time": 0.47100400924682617, "ts": 1747940917, "obj": 269, "x": [11, 17, 7, 10, 1, 2, 0, 3, 8, 19, 13, 15, 9, 14, 5, 18, 4, 16, 6, 12]}}}