{"id": "36014feaa5feec70371a6a035a9c0a49", "params": {"p": [2, 2, 2, 2, 2, 2, 2, 2, 2, 2], "w": [8, 26, 21, 15, 24, 15, 5, 13, 11, 5], "d1": [17, 15, 4, 8, 19, 11, 15, 17, 13, 14], "d2": [18, 18, 15, 13, 20, 19, 16, 17, 16, 16], "s1": [17, 9, 3, 6, 10, 7, 9, 16, 13, 3], "s2": [17, 13, 4, 6, 10, 7, 10, 16, 13, 3], "r": [4, 8, 1, 5, 10, 6, 7, 9, 2, 3]}, "results": {"wsrpt": {"exec_time": 0.0, "obj": 952, "s": [3, 3, 9, 9, 4, 4, 6, 6, 2, 2, 5, 5, 8, 8, 1, 1, 7, 7, 10, 10], "ts": 1747940917}, "lp": {"solver": "highs", "exec_time": 0.4369959831237793, "ts": 1747940918, "obj": 205.0, "x": [[[0, 0, 17], 1.0], [[0, 1, 18], 1.0], [[1, 0, 8], 1.0], [[1, 1, 14], 1.0], [[2, 0, 0], 1.0], [[2, 1, 1], 1.0], [[3, 0, 4], 1.0], [[3, 1, 7], 1.0], [[4, 0, 9], 1.0], [[4, 1, 19], 1.0], [[5, 0, 5], 1.0], [[5, 1, 10], 1.0], [[6, 0, 6], 1.0], [[6, 1, 11], 1.0], [[7, 0, 15], 1.0], [[7, 1, 16], 1.0], [[8, 0, 12], 1.0], [[8, 1, 13], 1.0], [[9, 0, 2], 1.0], [[9, 1, 3], 1.0]]}, "a1": {"exec_time": 0.0, "obj": 205, "s": [3, 3, 10, 10, 4, 6, 7, 4, 2, 5, 6, 7, 9, 9, 2, 8, 8, 1, 1, 5]}, "a2": {"exec_time": 0.0, "obj": 205, "s": [3, 3, 10, 10, 4, 6, 7, 4, 2, 5, 6, 7, 9, 9, 2, 8, 8, 1, 1, 5], "ts": 1747940918}, "osp_blp": {"solver": "highs", "exec_time": 0.47298574447631836, "ts": 1747940918, "obj": 205, "x": [17, 18, 8, 14, 0, 1, 4, 7, 9, 19, 5, 10, 6, 11, 15, 16, 12, 13, 2, 3]}}}