{"id": "362de88f94a239a90fa7e341a0f6efdf", "params": {"p": [2, 2, 2, 2, 2, 2, 2, 2, 2, 2], "w": [20, 22, 15, 12, 24, 18, 21, 7, 12, 4], "d1": [15, 6, 12, 17, 5, 13, 19, 20, 17, 15], "d2": [19, 7, 17, 18, 17, 15, 20, 20, 20, 15], "s1": [10, 6, 11, 14, 4, 12, 18, 20, 10, 5], "s2": [14, 6, 11, 16, 5, 13, 18, 20, 10, 9], "r": [8, 4, 5, 9, 2, 1, 7, 10, 6, 3]}, "results": {"wsrpt": {"exec_time": 0.0, "obj": 1263, "s": [6, 6, 5, 5, 2, 2, 7, 7, 1, 1, 3, 3, 4, 4, 9, 9, 8, 8, 10, 10], "ts": 1747940918}, "lp": {"solver": "highs", "exec_time": 0.4199986457824707, "ts": 1747940918, "obj": 424.0, "x": [[[0, 0, 8], 1.0], [[0, 1, 14], 1.0], [[1, 0, 5], 1.0], [[1, 1, 6], 1.0], [[2, 0, 10], 1.0], [[2, 1, 11], 1.0], [[3, 0, 13], 1.0], [[3, 1, 16], 1.0], [[4, 0, 1], 1.0], [[4, 1, 4], 1.0], [[5, 0, 0], 1.0], [[5, 1, 12], 1.0], [[6, 0, 17], 1.0], [[6, 1, 18], 1.0], [[7, 0, 9], 1.0], [[7, 1, 19], 1.0], [[8, 0, 7], 1.0], [[8, 1, 15], 1.0], [[9, 0, 2], 1.0], [[9, 1, 3], 1.0]]}, "a1": {"exec_time": 0.0, "obj": 424, "s": [6, 5, 10, 10, 5, 2, 2, 9, 1, 8, 3, 3, 6, 4, 1, 9, 4, 7, 7, 8]}, "a2": {"exec_time": 0.0, "obj": 424, "s": [6, 5, 10, 10, 5, 2, 2, 9, 1, 8, 3, 3, 6, 4, 1, 9, 4, 7, 7, 8], "ts": 1747940918}, "osp_blp": {"solver": "highs", "exec_time": 0.4849989414215088, "ts": 1747940918, "obj": 424, "x": [8, 14, 5, 6, 10, 11, 13, 15, 1, 4, 0, 12, 17, 18, 9, 19, 7, 16, 2, 3]}}}