{"id": "36dbd2b0c0eca61a731c12e4a7c34b27", "params": {"p": [2, 2, 2, 2, 2, 2, 2, 2, 2, 2], "w": [14, 10, 28, 17, 29, 7, 8, 3, 4, 25], "d1": [19, 14, 15, 15, 20, 9, 6, 20, 15, 7], "d2": [19, 20, 16, 15, 20, 14, 15, 20, 17, 18], "s1": [9, 8, 15, 11, 8, 7, 5, 10, 10, 6], "s2": [19, 14, 15, 13, 17, 9, 6, 20, 15, 7], "r": [5, 7, 6, 10, 2, 1, 4, 9, 8, 3]}, "results": {"wsrpt": {"exec_time": 0.0, "obj": 1616, "s": [6, 5, 5, 10, 10, 3, 3, 1, 1, 4, 4, 6, 2, 2, 7, 7, 9, 9, 8, 8], "ts": 1747940918}, "lp": {"solver": "highs", "exec_time": 0.4250011444091797, "ts": 1747940919, "obj": 248.0, "x": [[[0, 0, 8], 1.0], [[0, 1, 18], 1.0], [[1, 0, 6], 1.0], [[1, 1, 16], 1.0], [[2, 0, 14], 1.0], [[2, 1, 15], 1.0], [[3, 0, 10], 1.0], [[3, 1, 13], 1.0], [[4, 0, 7], 1.0], [[4, 1, 19], 1.0], [[5, 0, 0], 1.0], [[5, 1, 1], 1.0], [[6, 0, 3], 1.0], [[6, 1, 4], 1.0], [[7, 0, 11], 1.0], [[7, 1, 17], 1.0], [[8, 0, 9], 1.0], [[8, 1, 12], 1.0], [[9, 0, 2], 1.0], [[9, 1, 5], 1.0]]}, "a1": {"exec_time": 0.0, "obj": 248, "s": [6, 6, 10, 7, 7, 10, 2, 5, 1, 9, 4, 8, 9, 4, 3, 3, 2, 8, 1, 5]}, "a2": {"exec_time": 0.0, "obj": 248, "s": [6, 6, 10, 7, 7, 10, 2, 5, 1, 9, 4, 8, 9, 4, 3, 3, 2, 8, 1, 5], "ts": 1747940919}, "osp_blp": {"solver": "highs", "exec_time": 0.4770183563232422, "ts": 1747940919, "obj": 248, "x": [8, 18, 6, 16, 14, 15, 11, 13, 7, 19, 0, 1, 3, 4, 9, 17, 10, 12, 2, 5]}}}