{"id": "376973e0ee249a8d3d0d40d9c9109031", "params": {"p": [2, 2, 2, 2, 2, 2, 2, 2, 2, 2], "w": [16, 3, 1, 28, 27, 28, 5, 23, 5, 16], "d1": [6, 19, 11, 5, 16, 13, 17, 13, 17, 14], "d2": [6, 19, 15, 14, 17, 17, 19, 20, 20, 14], "s1": [6, 9, 10, 3, 5, 9, 13, 7, 11, 9], "s2": [6, 13, 10, 5, 7, 12, 17, 9, 13, 11], "r": [2, 9, 8, 1, 4, 5, 3, 7, 10, 6]}, "results": {"wsrpt": {"exec_time": 0.0, "obj": 904, "s": [4, 4, 1, 1, 6, 6, 5, 5, 8, 8, 10, 10, 7, 7, 9, 9, 2, 2, 3, 3], "ts": 1747940919}, "lp": {"solver": "highs", "exec_time": 0.40598344802856445, "ts": 1747940919, "obj": 199.0, "x": [[[0, 0, 1], 1.0], [[0, 1, 5], 1.0], [[1, 0, 9], 1.0], [[1, 1, 18], 1.0], [[2, 0, 7], 1.0], [[2, 1, 10], 1.0], [[3, 0, 0], 1.0], [[3, 1, 4], 1.0], [[4, 0, 3], 1.0], [[4, 1, 15], 1.0], [[5, 0, 11], 1.0], [[5, 1, 14], 1.0], [[6, 0, 2], 1.0], [[6, 1, 16], 1.0], [[7, 0, 6], 1.0], [[7, 1, 19], 1.0], [[8, 0, 12], 1.0], [[8, 1, 17], 1.0], [[9, 0, 8], 1.0], [[9, 1, 13], 1.0]]}, "a1": {"exec_time": 0.0, "obj": 199, "s": [4, 1, 7, 5, 4, 1, 8, 3, 10, 2, 3, 6, 9, 10, 6, 5, 7, 9, 2, 8]}, "a2": {"exec_time": 0.0, "obj": 199, "s": [4, 1, 7, 5, 4, 1, 8, 3, 10, 2, 3, 6, 9, 10, 6, 5, 7, 9, 2, 8], "ts": 1747940919}, "osp_blp": {"solver": "highs", "exec_time": 0.4499993324279785, "ts": 1747940919, "obj": 199, "x": [1, 5, 8, 18, 7, 11, 0, 4, 3, 15, 9, 14, 2, 17, 6, 16, 12, 19, 10, 13]}}}