{"id": "3858b60fc8f9c7d2ed2a92753c71b47f", "params": {"p": [2, 2, 2, 2, 2, 2, 2, 2, 2, 2], "w": [29, 20, 4, 29, 6, 9, 14, 2, 23, 11], "d1": [3, 17, 7, 13, 18, 8, 10, 15, 9, 6], "d2": [14, 17, 7, 18, 19, 8, 16, 18, 19, 16], "s1": [2, 10, 3, 12, 5, 6, 6, 14, 9, 6], "s2": [2, 14, 4, 12, 11, 8, 9, 15, 9, 6], "r": [1, 8, 2, 10, 3, 5, 6, 9, 7, 4]}, "results": {"wsrpt": {"exec_time": 0.0, "obj": 751, "s": [1, 1, 5, 5, 10, 10, 9, 9, 2, 2, 4, 4, 7, 7, 6, 6, 3, 3, 8, 8], "ts": 1747940920}, "lp": {"solver": "highs", "exec_time": 0.43399667739868164, "ts": 1747940920, "obj": 58.0, "x": [[[0, 0, 0], 1.0], [[0, 1, 2], 1.0], [[1, 0, 12], 1.0], [[1, 1, 16], 1.0], [[2, 0, 1], 1.0], [[2, 1, 3], 1.0], [[3, 0, 11], 1.0], [[3, 1, 17], 1.0], [[4, 0, 9], 1.0], [[4, 1, 18], 1.0], [[5, 0, 4], 1.0], [[5, 1, 7], 1.0], [[6, 0, 6], 1.0], [[6, 1, 10], 1.0], [[7, 0, 13], 1.0], [[7, 1, 19], 1.0], [[8, 0, 8], 1.0], [[8, 1, 15], 1.0], [[9, 0, 5], 1.0], [[9, 1, 14], 1.0]]}, "a1": {"exec_time": 0.0, "obj": 58, "s": [1, 3, 1, 3, 6, 10, 7, 6, 9, 5, 7, 4, 2, 8, 10, 9, 2, 4, 5, 8]}, "a2": {"exec_time": 0.0, "obj": 58, "s": [1, 3, 1, 3, 6, 10, 7, 6, 9, 5, 7, 4, 2, 8, 10, 9, 2, 4, 5, 8], "ts": 1747940920}, "osp_blp": {"solver": "highs", "exec_time": 0.5000200271606445, "ts": 1747940920, "obj": 58, "x": [0, 2, 13, 16, 1, 3, 11, 17, 9, 18, 4, 7, 6, 10, 14, 19, 8, 12, 5, 15]}}}