{"id": "39b5f32d80363d2caa4c41fcee29e599", "params": {"p": [2, 2, 2, 2, 2, 2, 2, 2, 2, 2], "w": [8, 30, 12, 23, 20, 5, 21, 26, 12, 23], "d1": [4, 19, 19, 20, 12, 18, 8, 10, 11, 11], "d2": [10, 19, 19, 20, 14, 18, 9, 14, 12, 14], "s1": [4, 13, 5, 18, 10, 15, 4, 9, 5, 8], "s2": [4, 17, 13, 18, 12, 15, 5, 9, 7, 11], "r": [1, 10, 5, 9, 2, 6, 4, 7, 3, 8]}, "results": {"wsrpt": {"exec_time": 0.0, "obj": 1566, "s": [1, 5, 5, 7, 7, 1, 8, 8, 4, 4, 2, 2, 10, 10, 3, 3, 9, 9, 6, 6], "ts": 1747940920}, "lp": {"solver": "highs", "exec_time": 0.47899794578552246, "ts": 1747940921, "obj": 164.0, "x": [[[0, 0, 0], 1.0], [[0, 1, 1], 1.0], [[1, 0, 14], 1.0], [[1, 1, 18], 1.0], [[2, 0, 4], 1.0], [[2, 1, 16], 1.0], [[3, 0, 17], 1.0], [[3, 1, 19], 1.0], [[4, 0, 11], 1.0], [[4, 1, 13], 1.0], [[5, 0, 5], 1.0], [[5, 1, 15], 1.0], [[6, 0, 3], 1.0], [[6, 1, 6], 1.0], [[7, 0, 8], 1.0], [[7, 1, 9], 1.0], [[8, 0, 2], 1.0], [[8, 1, 10], 1.0], [[9, 0, 7], 1.0], [[9, 1, 12], 1.0]]}, "a1": {"exec_time": 0.0, "obj": 164, "s": [1, 1, 9, 7, 3, 6, 7, 10, 8, 8, 9, 5, 10, 5, 2, 6, 3, 4, 2, 4]}, "a2": {"exec_time": 0.0, "obj": 164, "s": [1, 1, 9, 7, 3, 6, 7, 10, 8, 8, 9, 5, 10, 5, 2, 6, 3, 4, 2, 4], "ts": 1747940921}, "osp_blp": {"solver": "highs", "exec_time": 0.5159857273101807, "ts": 1747940921, "obj": 164, "x": [0, 1, 14, 18, 4, 16, 17, 19, 9, 12, 5, 15, 3, 6, 8, 11, 2, 10, 7, 13]}}}