{"id": "3a785f70f794615357ddcf8826c0be4b", "params": {"p": [2, 2, 2, 2, 2, 2, 2, 2, 2, 2], "w": [18, 12, 9, 13, 9, 22, 13, 25, 1, 8], "d1": [8, 12, 19, 15, 15, 13, 10, 18, 18, 16], "d2": [13, 19, 19, 16, 20, 13, 18, 19, 19, 16], "s1": [6, 8, 19, 13, 8, 11, 5, 15, 13, 13], "s2": [8, 10, 19, 15, 11, 13, 7, 15, 18, 13], "r": [2, 6, 8, 5, 1, 4, 3, 9, 10, 7]}, "results": {"wsrpt": {"exec_time": 0.0, "obj": 1356, "s": [5, 1, 1, 6, 6, 5, 4, 4, 8, 8, 7, 7, 2, 2, 3, 3, 10, 10, 9, 9], "ts": 1747940921}, "lp": {"solver": "highs", "exec_time": 0.40599822998046875, "ts": 1747940921, "obj": 436.0, "x": [[[0, 0, 4], 1.0], [[0, 1, 7], 1.0], [[1, 0, 5], 1.0], [[1, 1, 8], 1.0], [[2, 0, 18], 1.0], [[2, 1, 19], 1.0], [[3, 0, 13], 1.0], [[3, 1, 15], 1.0], [[4, 0, 0], 1.0], [[4, 1, 1], 1.0], [[5, 0, 10], 1.0], [[5, 1, 12], 1.0], [[6, 0, 2], 1.0], [[6, 1, 3], 1.0], [[7, 0, 14], 1.0], [[7, 1, 17], 1.0], [[8, 0, 9], 1.0], [[8, 1, 11], 1.0], [[9, 0, 6], 1.0], [[9, 1, 16], 1.0]]}, "a1": {"exec_time": 0.0, "obj": 436, "s": [5, 5, 7, 7, 1, 2, 10, 1, 2, 9, 6, 9, 6, 4, 8, 4, 10, 8, 3, 3]}, "a2": {"exec_time": 0.0, "obj": 436, "s": [5, 5, 7, 7, 1, 2, 10, 1, 2, 9, 6, 9, 6, 4, 8, 4, 10, 8, 3, 3], "ts": 1747940921}, "osp_blp": {"solver": "highs", "exec_time": 0.5259947776794434, "ts": 1747940921, "obj": 436, "x": [4, 7, 5, 8, 18, 19, 13, 15, 0, 1, 10, 12, 2, 3, 14, 17, 9, 11, 6, 16]}}}