{"id": "3ad7500877adb6159af0336257190d17", "params": {"p": [2, 2, 2, 2, 2, 2, 2, 2, 2, 2], "w": [10, 15, 5, 27, 15, 2, 5, 26, 18, 20], "d1": [16, 15, 15, 10, 16, 19, 12, 13, 12, 13], "d2": [19, 16, 15, 10, 18, 19, 17, 13, 19, 20], "s1": [9, 15, 12, 8, 2, 10, 11, 6, 11, 2], "s2": [16, 15, 13, 10, 8, 18, 12, 7, 12, 7], "r": [4, 9, 3, 7, 1, 8, 10, 5, 6, 2]}, "results": {"wsrpt": {"exec_time": 0.0, "obj": 940, "s": [5, 5, 10, 10, 8, 8, 4, 4, 9, 9, 2, 2, 1, 1, 3, 3, 7, 7, 6, 6], "ts": 1747940921}, "lp": {"solver": "highs", "exec_time": 0.44298410415649414, "ts": 1747940922, "obj": 206.0, "x": [[[0, 0, 4], 1.0], [[0, 1, 18], 1.0], [[1, 0, 14], 1.0], [[1, 1, 15], 1.0], [[2, 0, 2], 1.0], [[2, 1, 3], 1.0], [[3, 0, 6], 1.0], [[3, 1, 9], 1.0], [[4, 0, 0], 1.0], [[4, 1, 17], 1.0], [[5, 0, 7], 1.0], [[5, 1, 8], 1.0], [[6, 0, 11], 1.0], [[6, 1, 16], 1.0], [[7, 0, 5], 1.0], [[7, 1, 12], 1.0], [[8, 0, 10], 1.0], [[8, 1, 13], 1.0], [[9, 0, 1], 1.0], [[9, 1, 19], 1.0]]}, "a1": {"exec_time": 0.0, "obj": 206, "s": [5, 10, 3, 3, 1, 8, 4, 6, 6, 4, 9, 7, 8, 9, 2, 2, 7, 5, 1, 10]}, "a2": {"exec_time": 0.0, "obj": 206, "s": [5, 10, 3, 3, 1, 8, 4, 6, 6, 4, 9, 7, 8, 9, 2, 2, 7, 5, 1, 10], "ts": 1747940922}, "osp_blp": {"solver": "highs", "exec_time": 0.47499990463256836, "ts": 1747940922, "obj": 206, "x": [4, 17, 14, 15, 2, 3, 6, 9, 0, 16, 7, 8, 10, 13, 5, 12, 11, 18, 1, 19]}}}