{"id": "3cb4621a564666e52ba5b62c801c41da", "params": {"p": [2, 2, 2, 2, 2, 2, 2, 2, 2, 2], "w": [27, 1, 8, 9, 6, 28, 27, 20, 3, 7], "d1": [13, 13, 11, 17, 9, 10, 16, 18, 15, 16], "d2": [13, 17, 14, 19, 13, 17, 16, 20, 16, 20], "s1": [11, 10, 8, 5, 8, 10, 8, 15, 10, 13], "s2": [13, 11, 10, 12, 8, 10, 9, 15, 10, 15], "r": [10, 6, 7, 5, 2, 4, 3, 9, 1, 8]}, "results": {"wsrpt": {"exec_time": 0.0, "obj": 1193, "s": [9, 5, 7, 7, 6, 6, 5, 4, 8, 8, 1, 1, 4, 3, 3, 10, 10, 9, 2, 2], "ts": 1747940922}, "lp": {"solver": "highs", "exec_time": 0.4269998073577881, "ts": 1747940922, "obj": 136.0, "x": [[[0, 0, 10], 1.0], [[0, 1, 12], 1.0], [[1, 0, 5], 1.0], [[1, 1, 6], 1.0], [[2, 0, 7], 1.0], [[2, 1, 11], 1.0], [[3, 0, 4], 1.0], [[3, 1, 18], 1.0], [[4, 0, 2], 1.0], [[4, 1, 3], 1.0], [[5, 0, 9], 1.0], [[5, 1, 16], 1.0], [[6, 0, 8], 1.0], [[6, 1, 15], 1.0], [[7, 0, 14], 1.0], [[7, 1, 17], 1.0], [[8, 0, 0], 1.0], [[8, 1, 1], 1.0], [[9, 0, 13], 1.0], [[9, 1, 19], 1.0]]}, "a1": {"exec_time": 0.0, "obj": 136, "s": [9, 9, 5, 5, 4, 2, 2, 3, 7, 6, 1, 3, 1, 10, 8, 7, 6, 8, 4, 10]}, "a2": {"exec_time": 0.0, "obj": 136, "s": [9, 9, 5, 5, 4, 2, 2, 3, 7, 6, 1, 3, 1, 10, 8, 7, 6, 8, 4, 10], "ts": 1747940922}, "osp_blp": {"solver": "highs", "exec_time": 0.5120038986206055, "ts": 1747940922, "obj": 136, "x": [10, 12, 5, 6, 8, 11, 4, 17, 2, 3, 9, 16, 7, 15, 14, 18, 0, 1, 13, 19]}}}