{"id": "3cbc262d4260e1264bf6f354673e6a5f", "params": {"p": [2, 2, 2, 2, 2, 2, 2, 2, 2, 2], "w": [26, 29, 1, 19, 3, 24, 7, 22, 12, 16], "d1": [20, 15, 17, 16, 20, 17, 17, 14, 8, 17], "d2": [20, 16, 19, 17, 20, 20, 19, 18, 11, 17], "s1": [15, 6, 10, 11, 10, 12, 5, 11, 5, 5], "s2": [16, 8, 15, 14, 20, 16, 10, 14, 7, 16], "r": [6, 3, 8, 7, 2, 9, 1, 10, 4, 5]}, "results": {"wsrpt": {"exec_time": 0.0, "obj": 1724, "s": [7, 7, 2, 2, 10, 10, 1, 1, 6, 6, 8, 8, 4, 4, 9, 9, 5, 5, 3, 3], "ts": 1747940922}, "lp": {"solver": "highs", "exec_time": 0.42099809646606445, "ts": 1747940923, "obj": 200.0, "x": [[[0, 0, 14], 1.0], [[0, 1, 19], 1.0], [[1, 0, 5], 1.0], [[1, 1, 15], 1.0], [[2, 0, 7], 1.0], [[2, 1, 8], 1.0], [[3, 0, 9], 1.0], [[3, 1, 16], 1.0], [[4, 0, 1], 1.0], [[4, 1, 2], 1.0], [[5, 0, 11], 1.0], [[5, 1, 18], 1.0], [[6, 0, 0], 1.0], [[6, 1, 12], 1.0], [[7, 0, 10], 1.0], [[7, 1, 13], 1.0], [[8, 0, 3], 1.0], [[8, 1, 6], 1.0], [[9, 0, 4], 1.0], [[9, 1, 17], 1.0]]}, "a1": {"exec_time": 0.0, "obj": 200, "s": [7, 5, 5, 9, 10, 2, 9, 3, 3, 4, 8, 6, 7, 8, 1, 2, 4, 10, 6, 1]}, "a2": {"exec_time": 0.0, "obj": 200, "s": [7, 5, 5, 9, 10, 2, 9, 3, 3, 4, 8, 6, 7, 8, 1, 2, 4, 10, 6, 1], "ts": 1747940923}, "osp_blp": {"solver": "highs", "exec_time": 0.46201014518737793, "ts": 1747940923, "obj": 200, "x": [15, 19, 5, 14, 7, 8, 9, 16, 1, 2, 11, 18, 0, 12, 10, 13, 3, 6, 4, 17]}}}