{"id": "3d76168e41996e646392d9d114f2fb34", "params": {"p": [2, 2, 2, 2, 2, 2, 2, 2, 2, 2], "w": [5, 9, 23, 14, 8, 21, 15, 20, 1, 7], "d1": [12, 13, 9, 17, 15, 5, 16, 14, 15, 8], "d2": [16, 16, 18, 19, 19, 8, 16, 18, 16, 8], "s1": [9, 10, 3, 4, 8, 5, 13, 8, 11, 7], "s2": [11, 11, 6, 8, 12, 5, 14, 13, 14, 7], "r": [4, 10, 1, 2, 7, 3, 9, 5, 8, 6]}, "results": {"wsrpt": {"exec_time": 0.0, "obj": 952, "s": [3, 3, 6, 6, 8, 8, 4, 4, 7, 7, 2, 2, 5, 5, 10, 10, 1, 1, 9, 9], "ts": 1747940923}, "lp": {"solver": "highs", "exec_time": 0.4230008125305176, "ts": 1747940923, "obj": 159.0, "x": [[[0, 0, 3], 1.0], [[0, 1, 14], 1.0], [[1, 0, 9], 1.0], [[1, 1, 13], 1.0], [[2, 0, 0], 1.0], [[2, 1, 8], 1.0], [[3, 0, 1], 1.0], [[3, 1, 18], 1.0], [[4, 0, 7], 1.0], [[4, 1, 17], 1.0], [[5, 0, 2], 1.0], [[5, 1, 4], 1.0], [[6, 0, 12], 1.0], [[6, 1, 15], 1.0], [[7, 0, 11], 1.0], [[7, 1, 16], 1.0], [[8, 0, 10], 1.0], [[8, 1, 19], 1.0], [[9, 0, 5], 1.0], [[9, 1, 6], 1.0]]}, "a1": {"exec_time": 0.0, "obj": 159, "s": [3, 4, 6, 1, 6, 10, 10, 5, 3, 2, 9, 8, 7, 2, 1, 7, 8, 5, 4, 9]}, "a2": {"exec_time": 0.0, "obj": 159, "s": [3, 4, 6, 1, 6, 10, 10, 5, 3, 2, 9, 8, 7, 2, 1, 7, 8, 5, 4, 9], "ts": 1747940923}, "osp_blp": {"solver": "highs", "exec_time": 0.5160226821899414, "ts": 1747940923, "obj": 159, "x": [3, 14, 10, 12, 0, 8, 1, 18, 7, 16, 2, 4, 13, 15, 9, 17, 11, 19, 5, 6]}}}