{"id": "3e219ba7d24d687d40476ac98104d49a", "params": {"p": [2, 2, 2, 2, 2, 2, 2, 2, 2, 2], "w": [29, 8, 4, 2, 15, 7, 21, 16, 2, 26], "d1": [17, 20, 20, 20, 20, 19, 11, 18, 20, 15], "d2": [17, 20, 20, 20, 20, 19, 19, 18, 20, 18], "s1": [17, 18, 1, 18, 11, 6, 6, 7, 18, 12], "s2": [17, 19, 4, 18, 12, 11, 9, 15, 19, 12], "r": [8, 5, 1, 10, 9, 6, 4, 7, 2, 3]}, "results": {"wsrpt": {"exec_time": 0.0, "obj": 1576, "s": [3, 3, 10, 10, 7, 7, 8, 8, 1, 1, 5, 5, 2, 2, 6, 6, 4, 4, 9, 9], "ts": 1747940924}, "lp": {"solver": "highs", "exec_time": 0.40999555587768555, "ts": 1747940924, "obj": 357.0, "x": [[[0, 0, 15], 0.5000004999999994], [[0, 0, 16], 0.4999995000000007], [[0, 1, 15], 0.4999995000000006], [[0, 1, 16], 0.5000004999999994], [[1, 0, 13], 1.0], [[1, 1, 18], 1.0], [[2, 0, 0], 1.0], [[2, 1, 3], 1.0], [[3, 0, 9], 1.0], [[3, 1, 12], 1.0], [[4, 0, 8], 1.0], [[4, 1, 19], 1.0], [[5, 0, 5], 1.0], [[5, 1, 7], 1.0], [[6, 0, 4], 1.0], [[6, 1, 10], 1.0], [[7, 0, 6], 1.0], [[7, 1, 17], 1.0], [[8, 0, 1], 1.0], [[8, 1, 2], 1.0], [[9, 0, 11], 1.0], [[9, 1, 14], 1.0]]}, "a1": {"exec_time": 0.0, "obj": 357, "s": [3, 9, 9, 3, 7, 6, 8, 6, 5, 4, 7, 10, 4, 2, 10, 1, 1, 8, 2, 5]}, "a2": {"exec_time": 0.0, "obj": 357, "s": [3, 9, 9, 3, 7, 6, 8, 6, 5, 4, 7, 10, 4, 2, 10, 1, 1, 8, 2, 5], "ts": 1747940924}, "osp_blp": {"solver": "highs", "exec_time": 0.48399829864501953, "ts": 1747940924, "obj": 357, "x": [15, 16, 13, 18, 0, 3, 9, 12, 8, 19, 5, 7, 4, 10, 6, 17, 1, 2, 11, 14]}}}