{"id": "3e69e0be4b99b17b7ab0e9e047ac2578", "params": {"p": [2, 2, 2, 2, 2, 2, 2, 2, 2, 2], "w": [10, 11, 9, 24, 12, 17, 1, 20, 21, 6], "d1": [12, 12, 12, 14, 10, 17, 7, 16, 19, 7], "d2": [14, 19, 12, 16, 16, 18, 12, 16, 20, 11], "s1": [10, 6, 10, 7, 6, 16, 4, 16, 9, 4], "s2": [12, 8, 12, 9, 9, 17, 7, 16, 9, 5], "r": [10, 1, 9, 7, 5, 6, 3, 8, 2, 4]}, "results": {"wsrpt": {"exec_time": 0.0, "obj": 1447, "s": [2, 2, 9, 9, 5, 5, 4, 4, 8, 8, 6, 6, 1, 1, 3, 3, 10, 10, 7, 7], "ts": 1747940924}, "lp": {"solver": "highs", "exec_time": 0.4590013027191162, "ts": 1747940925, "obj": 222.0, "x": [[[0, 0, 10], 1.0], [[0, 1, 12], 1.0], [[1, 0, 0], 1.0], [[1, 1, 1], 1.0], [[2, 0, 9], 1.0], [[2, 1, 11], 1.0], [[3, 0, 7], 1.0], [[3, 1, 13], 1.0], [[4, 0, 5], 1.0], [[4, 1, 14], 1.0], [[5, 0, 17], 1.0], [[5, 1, 18], 1.0], [[6, 0, 2], 1.0], [[6, 1, 4], 1.0], [[7, 0, 15], 0.5000004999999997], [[7, 0, 16], 0.4999995000000003], [[7, 1, 15], 0.4999995000000003], [[7, 1, 16], 0.5000004999999997], [[8, 0, 8], 1.0], [[8, 1, 19], 1.0], [[9, 0, 3], 1.0], [[9, 1, 6], 1.0]]}, "a1": {"exec_time": 0.0, "obj": 222, "s": [2, 2, 7, 10, 7, 5, 10, 4, 9, 3, 1, 3, 1, 4, 5, 8, 8, 6, 6, 9]}, "a2": {"exec_time": 0.0, "obj": 222, "s": [2, 2, 7, 10, 7, 5, 10, 4, 9, 3, 1, 3, 1, 4, 5, 8, 8, 6, 6, 9], "ts": 1747940925}, "osp_blp": {"solver": "highs", "exec_time": 0.5239970684051514, "ts": 1747940925, "obj": 222, "x": [10, 13, 0, 1, 9, 11, 7, 14, 5, 12, 17, 18, 2, 4, 15, 16, 8, 19, 3, 6]}}}