{"id": "3ecce2483dbd634587547aa676d14335", "params": {"p": [2, 2, 2, 2, 2, 2, 2, 2, 2, 2], "w": [10, 10, 19, 23, 23, 14, 16, 3, 25, 26], "d1": [11, 16, 11, 4, 18, 16, 12, 20, 16, 17], "d2": [15, 18, 12, 19, 20, 16, 18, 20, 19, 19], "s1": [10, 9, 9, 4, 10, 10, 9, 8, 4, 10], "s2": [11, 11, 10, 4, 11, 14, 11, 20, 5, 10], "r": [1, 8, 6, 2, 7, 10, 9, 3, 4, 5]}, "results": {"wsrpt": {"exec_time": 0.0, "obj": 1186, "s": [1, 4, 4, 9, 9, 10, 10, 5, 5, 1, 3, 3, 7, 7, 6, 6, 2, 2, 8, 8], "ts": 1747940925}, "lp": {"solver": "highs", "exec_time": 0.4139435291290283, "ts": 1747940925, "obj": 241.0, "x": [[[0, 0, 0], 1.0], [[0, 1, 13], 1.0], [[1, 0, 7], 1.0], [[1, 1, 17], 1.0], [[2, 0, 6], 1.0], [[2, 1, 11], 1.0], [[3, 0, 1], 1.0], [[3, 1, 3], 1.0], [[4, 0, 10], 1.0], [[4, 1, 19], 1.0], [[5, 0, 12], 1.0], [[5, 1, 15], 1.0], [[6, 0, 8], 1.0], [[6, 1, 14], 1.0], [[7, 0, 2], 1.0], [[7, 1, 5], 1.0], [[8, 0, 4], 1.0], [[8, 1, 18], 1.0], [[9, 0, 9], 1.0], [[9, 1, 16], 1.0]]}, "a1": {"exec_time": 0.0, "obj": 241, "s": [1, 4, 8, 4, 9, 8, 3, 2, 7, 10, 5, 3, 6, 1, 7, 6, 10, 2, 9, 5]}, "a2": {"exec_time": 0.0, "obj": 241, "s": [1, 4, 8, 4, 9, 8, 3, 2, 7, 10, 5, 3, 6, 1, 7, 6, 10, 2, 9, 5], "ts": 1747940925}, "osp_blp": {"solver": "highs", "exec_time": 0.46501660346984863, "ts": 1747940925, "obj": 241, "x": [0, 12, 7, 16, 6, 11, 1, 3, 10, 19, 13, 15, 8, 14, 2, 5, 4, 17, 9, 18]}}}