{"id": "3eff9277ea9ee7f3ab000febc33138af", "params": {"p": [2, 2, 2, 2, 2, 2, 2, 2, 2, 2], "w": [25, 14, 22, 6, 8, 16, 22, 24, 25, 1], "d1": [18, 9, 13, 12, 16, 8, 19, 11, 18, 14], "d2": [19, 11, 18, 14, 16, 15, 20, 13, 19, 16], "s1": [7, 5, 11, 11, 7, 4, 12, 3, 11, 11], "s2": [15, 8, 11, 12, 16, 5, 16, 11, 15, 12], "r": [5, 1, 2, 10, 6, 4, 9, 3, 8, 7]}, "results": {"wsrpt": {"exec_time": 0.0, "obj": 1489, "s": [2, 2, 8, 8, 1, 1, 3, 3, 9, 9, 7, 7, 6, 6, 5, 5, 4, 4, 10, 10], "ts": 1747940925}, "lp": {"solver": "highs", "exec_time": 0.43102025985717773, "ts": 1747940926, "obj": 224.0, "x": [[[0, 0, 6], 1.0], [[0, 1, 18], 1.0], [[1, 0, 0], 1.0], [[1, 1, 1], 1.0], [[2, 0, 10], 1.0], [[2, 1, 16], 1.0], [[3, 0, 9], 1.0], [[3, 1, 13], 1.0], [[4, 0, 5], 1.0], [[4, 1, 15], 1.0], [[5, 0, 3], 1.0], [[5, 1, 4], 1.0], [[6, 0, 12], 1.0], [[6, 1, 19], 1.0], [[7, 0, 2], 1.0], [[7, 1, 11], 1.0], [[8, 0, 14], 1.0], [[8, 1, 17], 1.0], [[9, 0, 7], 0.5000004999999988], [[9, 0, 8], 0.4999995000000012], [[9, 1, 7], 0.4999995000000012], [[9, 1, 8], 0.5000004999999988]]}, "a1": {"exec_time": 0.0, "obj": 224, "s": [2, 2, 8, 6, 6, 5, 1, 10, 10, 4, 3, 8, 7, 4, 9, 5, 3, 9, 1, 7]}, "a2": {"exec_time": 0.0, "obj": 224, "s": [2, 2, 8, 6, 6, 5, 1, 10, 10, 4, 3, 8, 7, 4, 9, 5, 3, 9, 1, 7], "ts": 1747940926}, "osp_blp": {"solver": "highs", "exec_time": 0.5070199966430664, "ts": 1747940926, "obj": 224, "x": [6, 17, 0, 1, 10, 16, 9, 13, 5, 15, 3, 4, 14, 19, 2, 11, 12, 18, 7, 8]}}}