{"id": "40771cc51f2712d3478332eb466f0604", "params": {"p": [2, 2, 2, 2, 2, 2, 2, 2, 2, 2], "w": [30, 20, 16, 11, 9, 2, 11, 15, 25, 16], "d1": [19, 10, 14, 19, 14, 17, 13, 14, 13, 11], "d2": [20, 16, 18, 19, 17, 18, 14, 16, 15, 18], "s1": [14, 4, 13, 16, 11, 6, 7, 12, 5, 9], "s2": [17, 4, 14, 18, 14, 15, 10, 12, 8, 11], "r": [1, 4, 8, 9, 10, 6, 7, 3, 2, 5]}, "results": {"wsrpt": {"exec_time": 0.0, "obj": 1741, "s": [1, 1, 9, 9, 2, 2, 10, 10, 3, 3, 8, 8, 4, 4, 7, 7, 5, 5, 6, 6], "ts": 1747940926}, "lp": {"solver": "highs", "exec_time": 0.442990779876709, "ts": 1747940927, "obj": 722.0, "x": [[[0, 0, 0], 1.0], [[0, 1, 19], 1.0], [[1, 0, 3], 1.0], [[1, 1, 8], 1.0], [[2, 0, 12], 1.0], [[2, 1, 16], 1.0], [[3, 0, 17], 1.0], [[3, 1, 18], 1.0], [[4, 0, 9], 1.0], [[4, 1, 15], 1.0], [[5, 0, 5], 1.0], [[5, 1, 7], 1.0], [[6, 0, 6], 1.0], [[6, 1, 11], 1.0], [[7, 0, 2], 1.0], [[7, 1, 14], 1.0], [[8, 0, 1], 1.0], [[8, 1, 13], 1.0], [[9, 0, 4], 1.0], [[9, 1, 10], 1.0]]}, "a1": {"exec_time": 0.0, "obj": 722, "s": [1, 9, 8, 2, 10, 6, 7, 6, 2, 5, 10, 7, 3, 9, 8, 5, 3, 4, 4, 1]}, "a2": {"exec_time": 0.0, "obj": 722, "s": [1, 9, 8, 2, 10, 6, 7, 6, 2, 5, 10, 7, 3, 9, 8, 5, 3, 4, 4, 1], "ts": 1747940927}, "osp_blp": {"solver": "highs", "exec_time": 0.4819965362548828, "ts": 1747940927, "obj": 722, "x": [0, 19, 3, 8, 12, 16, 17, 18, 9, 15, 5, 7, 6, 11, 2, 13, 1, 14, 4, 10]}}}