{"id": "40fdb255d455f5907971b2c3fe09d2a8", "params": {"p": [2, 2, 2, 2, 2, 2, 2, 2, 2, 2], "w": [11, 17, 2, 28, 1, 9, 16, 21, 14, 3], "d1": [15, 15, 19, 19, 12, 14, 3, 20, 8, 10], "d2": [15, 18, 20, 20, 18, 14, 16, 20, 10, 16], "s1": [14, 15, 14, 15, 4, 12, 1, 10, 6, 8], "s2": [14, 15, 16, 19, 10, 14, 2, 17, 6, 10], "r": [5, 10, 9, 3, 2, 4, 1, 8, 6, 7]}, "results": {"wsrpt": {"exec_time": 0.0, "obj": 1364, "s": [7, 7, 4, 4, 1, 1, 9, 9, 8, 8, 2, 2, 6, 6, 10, 10, 3, 3, 5, 5], "ts": 1747940927}, "lp": {"solver": "highs", "exec_time": 0.4289984703063965, "ts": 1747940927, "obj": 119.0, "x": [[[0, 0, 13], 1.0], [[0, 1, 15], 1.0], [[1, 0, 14], 1.0], [[1, 1, 17], 1.0], [[2, 0, 10], 1.0], [[2, 1, 11], 1.0], [[3, 0, 16], 1.0], [[3, 1, 18], 1.0], [[4, 0, 1], 1.0], [[4, 1, 3], 1.0], [[5, 0, 4], 1.0], [[5, 1, 12], 1.0], [[6, 0, 0], 1.0], [[6, 1, 2], 1.0], [[7, 0, 9], 1.0], [[7, 1, 19], 1.0], [[8, 0, 5], 1.0], [[8, 1, 7], 1.0], [[9, 0, 6], 1.0], [[9, 1, 8], 1.0]]}, "a1": {"exec_time": 0.0, "obj": 119, "s": [7, 5, 7, 5, 6, 9, 10, 9, 10, 8, 3, 3, 6, 1, 2, 1, 4, 2, 4, 8]}, "a2": {"exec_time": 0.0, "obj": 119, "s": [7, 5, 7, 5, 6, 9, 10, 9, 10, 8, 3, 3, 6, 1, 2, 1, 4, 2, 4, 8], "ts": 1747940927}, "osp_blp": {"solver": "highs", "exec_time": 0.48599767684936523, "ts": 1747940927, "obj": 119, "x": [13, 15, 14, 16, 10, 11, 17, 18, 1, 3, 4, 12, 0, 2, 9, 19, 5, 7, 6, 8]}}}