{"id": "41462a6fbf4acfa7b961e0b4cad49edc", "params": {"p": [2, 2, 2, 2, 2, 2, 2, 2, 2, 2], "w": [21, 9, 22, 26, 27, 17, 2, 12, 6, 13], "d1": [10, 14, 3, 11, 15, 15, 14, 13, 16, 10], "d2": [12, 18, 13, 14, 17, 15, 18, 18, 17, 14], "s1": [8, 5, 2, 5, 10, 7, 9, 11, 13, 7], "s2": [8, 12, 2, 10, 10, 12, 11, 13, 15, 10], "r": [2, 4, 1, 3, 10, 6, 9, 8, 7, 5]}, "results": {"wsrpt": {"exec_time": 0.0, "obj": 717, "s": [3, 3, 4, 4, 1, 1, 6, 6, 10, 5, 5, 10, 8, 8, 2, 2, 9, 9, 7, 7], "ts": 1747940928}, "lp": {"solver": "highs", "exec_time": 0.45800065994262695, "ts": 1747940928, "obj": 196.0, "x": [[[0, 0, 7], 1.0], [[0, 1, 11], 1.0], [[1, 0, 3], 1.0], [[1, 1, 18], 1.0], [[2, 0, 0], 1.0], [[2, 1, 1], 1.0], [[3, 0, 2], 1.0], [[3, 1, 13], 1.0], [[4, 0, 9], 1.0], [[4, 1, 16], 1.0], [[5, 0, 6], 1.0], [[5, 1, 14], 1.0], [[6, 0, 8], 1.0], [[6, 1, 19], 1.0], [[7, 0, 10], 1.0], [[7, 1, 17], 1.0], [[8, 0, 12], 1.0], [[8, 1, 15], 1.0], [[9, 0, 4], 1.0], [[9, 1, 5], 1.0]]}, "a1": {"exec_time": 0.0, "obj": 196, "s": [3, 3, 4, 2, 10, 10, 6, 1, 7, 5, 8, 1, 9, 4, 6, 9, 5, 8, 2, 7]}, "a2": {"exec_time": 0.0, "obj": 196, "s": [3, 3, 4, 2, 10, 10, 6, 1, 7, 5, 8, 1, 9, 4, 6, 9, 5, 8, 2, 7], "ts": 1747940928}, "osp_blp": {"solver": "highs", "exec_time": 0.4949989318847656, "ts": 1747940928, "obj": 196, "x": [7, 11, 3, 18, 0, 1, 2, 10, 9, 16, 6, 14, 8, 19, 12, 17, 13, 15, 4, 5]}}}