{"id": "422deba0f06b008fa1a294c58130614b", "params": {"p": [2, 2, 2, 2, 2, 2, 2, 2, 2, 2], "w": [16, 26, 5, 14, 29, 13, 20, 29, 8, 7], "d1": [12, 6, 4, 14, 9, 20, 7, 15, 20, 18], "d2": [14, 9, 10, 17, 18, 20, 15, 15, 20, 20], "s1": [9, 5, 4, 9, 5, 16, 6, 14, 7, 9], "s2": [11, 5, 4, 10, 5, 20, 6, 15, 18, 18], "r": [9, 4, 2, 8, 5, 7, 3, 10, 1, 6]}, "results": {"wsrpt": {"exec_time": 0.0, "obj": 889, "s": [9, 9, 7, 7, 5, 5, 2, 2, 1, 1, 8, 8, 4, 4, 6, 6, 10, 10, 3, 3], "ts": 1747940928}, "lp": {"solver": "highs", "exec_time": 0.4219970703125, "ts": 1747940929, "obj": 97.0, "x": [[[0, 0, 10], 1.0], [[0, 1, 11], 1.0], [[1, 0, 3], 1.0], [[1, 1, 7], 1.0], [[2, 0, 1], 1.0], [[2, 1, 2], 1.0], [[3, 0, 9], 1.0], [[3, 1, 15], 1.0], [[4, 0, 4], 1.0], [[4, 1, 8], 1.0], [[5, 0, 16], 1.0], [[5, 1, 19], 1.0], [[6, 0, 5], 1.0], [[6, 1, 6], 1.0], [[7, 0, 13], 1.0], [[7, 1, 14], 1.0], [[8, 0, 0], 1.0], [[8, 1, 18], 1.0], [[9, 0, 12], 1.0], [[9, 1, 17], 1.0]]}, "a1": {"exec_time": 0.0, "obj": 97, "s": [9, 3, 3, 2, 5, 7, 7, 2, 5, 4, 1, 1, 10, 8, 8, 4, 6, 10, 9, 6]}, "a2": {"exec_time": 0.0, "obj": 97, "s": [9, 3, 3, 2, 5, 7, 7, 2, 5, 4, 1, 1, 10, 8, 8, 4, 6, 10, 9, 6], "ts": 1747940929}, "osp_blp": {"solver": "highs", "exec_time": 0.4620070457458496, "ts": 1747940929, "obj": 97, "x": [10, 11, 3, 7, 1, 2, 9, 15, 4, 12, 16, 19, 5, 6, 13, 14, 0, 18, 8, 17]}}}