{"id": "42ccfa16a3f6712607a65e7e7c6b7b7b", "params": {"p": [2, 2, 2, 2, 2, 2, 2, 2, 2, 2], "w": [8, 25, 8, 12, 4, 7, 30, 16, 16, 7], "d1": [10, 5, 19, 12, 13, 8, 14, 11, 6, 12], "d2": [18, 8, 19, 18, 13, 13, 20, 13, 15, 15], "s1": [6, 5, 18, 9, 13, 8, 10, 5, 4, 12], "s2": [8, 5, 19, 10, 13, 8, 10, 9, 6, 12], "r": [6, 3, 10, 4, 9, 5, 8, 1, 2, 7]}, "results": {"wsrpt": {"exec_time": 0.0, "obj": 823, "s": [8, 8, 2, 2, 9, 9, 4, 7, 7, 4, 1, 1, 3, 3, 6, 6, 10, 10, 5, 5], "ts": 1747940929}, "lp": {"solver": "highs", "exec_time": 0.45600152015686035, "ts": 1747940929, "obj": 180.0, "x": [[[0, 0, 5], 1.0], [[0, 1, 16], 1.0], [[1, 0, 3], 1.0], [[1, 1, 4], 1.0], [[2, 0, 17], 1.0], [[2, 1, 18], 1.0], [[3, 0, 8], 1.0], [[3, 1, 15], 1.0], [[4, 0, 12], 1.0], [[4, 1, 13], 1.0], [[5, 0, 6], 0.5000004999999998], [[5, 0, 7], 0.4999995000000002], [[5, 1, 6], 0.4999995000000002], [[5, 1, 7], 0.5000004999999998], [[6, 0, 9], 1.0], [[6, 1, 19], 1.0], [[7, 0, 0], 1.0], [[7, 1, 10], 1.0], [[8, 0, 1], 1.0], [[8, 1, 2], 1.0], [[9, 0, 11], 1.0], [[9, 1, 14], 1.0]]}, "a1": {"exec_time": 0.0, "obj": 180, "s": [8, 9, 9, 2, 2, 1, 6, 6, 4, 7, 8, 10, 5, 5, 10, 4, 1, 3, 3, 7]}, "a2": {"exec_time": 0.0, "obj": 180, "s": [8, 9, 9, 2, 2, 1, 6, 6, 4, 7, 8, 10, 5, 5, 10, 4, 1, 3, 3, 7], "ts": 1747940929}, "osp_blp": {"solver": "highs", "exec_time": 0.5279989242553711, "ts": 1747940929, "obj": 180, "x": [5, 16, 3, 4, 17, 18, 8, 15, 12, 13, 6, 7, 9, 19, 0, 10, 1, 2, 11, 14]}}}