{"id": "43397322281a54d2358e2206ec2a8edd", "params": {"p": [2, 2, 2, 2, 2, 2, 2, 2, 2, 2], "w": [20, 11, 3, 1, 5, 16, 1, 25, 30, 19], "d1": [15, 11, 19, 19, 14, 20, 11, 6, 13, 7], "d2": [17, 17, 20, 19, 20, 20, 13, 20, 14, 10], "s1": [9, 8, 10, 11, 14, 17, 9, 4, 13, 5], "s2": [14, 8, 19, 18, 14, 17, 11, 5, 13, 5], "r": [1, 7, 2, 10, 6, 9, 8, 4, 3, 5]}, "results": {"wsrpt": {"exec_time": 0.0, "obj": 1379, "s": [1, 1, 9, 9, 8, 8, 10, 10, 6, 6, 2, 2, 5, 5, 3, 3, 4, 4, 7, 7], "ts": 1747940929}, "lp": {"solver": "highs", "exec_time": 0.41799068450927734, "ts": 1747940930, "obj": 238.0, "x": [[[0, 0, 0], 1.0], [[0, 1, 15], 1.0], [[1, 0, 7], 1.0], [[1, 1, 11], 1.0], [[2, 0, 1], 1.0], [[2, 1, 2], 1.0], [[3, 0, 9], 1.0], [[3, 1, 18], 1.0], [[4, 0, 14], 1.0], [[4, 1, 17], 1.0], [[5, 0, 16], 1.0], [[5, 1, 19], 1.0], [[6, 0, 8], 1.0], [[6, 1, 10], 1.0], [[7, 0, 3], 1.0], [[7, 1, 5], 1.0], [[8, 0, 12], 1.0], [[8, 1, 13], 1.0], [[9, 0, 4], 1.0], [[9, 1, 6], 1.0]]}, "a1": {"exec_time": 0.0, "obj": 238, "s": [1, 3, 3, 8, 10, 8, 10, 2, 7, 4, 7, 2, 9, 9, 5, 1, 6, 5, 4, 6]}, "a2": {"exec_time": 0.0, "obj": 238, "s": [1, 3, 3, 8, 10, 8, 10, 2, 7, 4, 7, 2, 9, 9, 5, 1, 6, 5, 4, 6], "ts": 1747940930}, "osp_blp": {"solver": "highs", "exec_time": 0.49000120162963867, "ts": 1747940930, "obj": 238, "x": [0, 15, 7, 10, 1, 2, 9, 18, 14, 17, 16, 19, 8, 11, 3, 5, 12, 13, 4, 6]}}}