{"id": "438bfd932a1b547bda5c86df1cec2070", "params": {"p": [2, 2, 2, 2, 2, 2, 2, 2, 2, 2], "w": [25, 16, 27, 2, 8, 6, 11, 20, 13, 1], "d1": [18, 10, 18, 17, 19, 17, 9, 12, 8, 17], "d2": [20, 17, 19, 18, 20, 19, 17, 15, 17, 18], "s1": [14, 6, 7, 10, 19, 13, 8, 7, 7, 4], "s2": [18, 6, 9, 10, 19, 17, 8, 12, 8, 6], "r": [8, 3, 5, 10, 9, 7, 6, 1, 2, 4]}, "results": {"wsrpt": {"exec_time": 0.0, "obj": 1323, "s": [8, 8, 2, 2, 3, 3, 9, 9, 1, 1, 7, 7, 5, 5, 6, 6, 4, 4, 10, 10], "ts": 1747940930}, "lp": {"solver": "highs", "exec_time": 0.4849982261657715, "ts": 1747940930, "obj": 288.0, "x": [[[0, 0, 13], 1.0], [[0, 1, 19], 1.0], [[1, 0, 5], 1.0], [[1, 1, 10], 1.0], [[2, 0, 6], 1.0], [[2, 1, 17], 1.0], [[3, 0, 9], 1.0], [[3, 1, 14], 1.0], [[4, 0, 16], 1.0], [[4, 1, 18], 1.0], [[5, 0, 12], 1.0], [[5, 1, 15], 1.0], [[6, 0, 7], 1.0], [[6, 1, 8], 1.0], [[7, 0, 0], 1.0], [[7, 1, 11], 1.0], [[8, 0, 1], 1.0], [[8, 1, 2], 1.0], [[9, 0, 3], 1.0], [[9, 1, 4], 1.0]]}, "a1": {"exec_time": 0.0, "obj": 288, "s": [8, 9, 9, 10, 10, 2, 3, 7, 7, 4, 2, 8, 6, 1, 4, 6, 5, 3, 5, 1]}, "a2": {"exec_time": 0.0, "obj": 288, "s": [8, 9, 9, 10, 10, 2, 3, 7, 7, 4, 2, 8, 6, 1, 4, 6, 5, 3, 5, 1], "ts": 1747940930}, "osp_blp": {"solver": "highs", "exec_time": 0.4949958324432373, "ts": 1747940930, "obj": 288, "x": [13, 17, 5, 10, 6, 18, 9, 14, 16, 19, 12, 15, 7, 8, 0, 11, 1, 2, 3, 4]}}}