{"id": "442ada886866e4b5029a86ec6acdc6a4", "params": {"p": [2, 2, 2, 2, 2, 2, 2, 2, 2, 2], "w": [2, 3, 14, 21, 7, 1, 18, 19, 23, 20], "d1": [6, 13, 3, 20, 17, 16, 7, 12, 10, 16], "d2": [17, 15, 10, 20, 17, 17, 17, 12, 15, 19], "s1": [6, 13, 3, 16, 10, 14, 7, 12, 10, 15], "s2": [6, 13, 3, 19, 17, 16, 7, 12, 10, 15], "r": [2, 4, 1, 6, 9, 8, 5, 10, 7, 3]}, "results": {"wsrpt": {"exec_time": 0.0, "obj": 1127, "s": [3, 3, 10, 10, 7, 7, 9, 9, 4, 4, 8, 8, 5, 5, 2, 2, 1, 1, 6, 6], "ts": 1747940931}, "lp": {"solver": "highs", "exec_time": 0.40900206565856934, "ts": 1747940931, "obj": 109.0, "x": [[[0, 0, 1], 1.0], [[0, 1, 3], 1.0], [[1, 0, 4], 1.0], [[1, 1, 5], 1.0], [[2, 0, 0], 1.0], [[2, 1, 2], 1.0], [[3, 0, 17], 1.0], [[3, 1, 19], 1.0], [[4, 0, 12], 1.0], [[4, 1, 16], 1.0], [[5, 0, 8], 1.0], [[5, 1, 15], 1.0], [[6, 0, 6], 1.0], [[6, 1, 7], 1.0], [[7, 0, 10], 0.5000004999999996], [[7, 0, 11], 0.4999995000000003], [[7, 1, 10], 0.4999995000000003], [[7, 1, 11], 0.5000004999999997], [[8, 0, 9], 1.0], [[8, 1, 13], 1.0], [[9, 0, 14], 1.0], [[9, 1, 18], 1.0]]}, "a1": {"exec_time": 0.0, "obj": 109, "s": [3, 1, 3, 1, 2, 2, 7, 7, 6, 9, 8, 8, 5, 9, 10, 6, 5, 4, 10, 4]}, "a2": {"exec_time": 0.0, "obj": 109, "s": [3, 1, 3, 1, 2, 2, 7, 7, 6, 9, 8, 8, 5, 9, 10, 6, 5, 4, 10, 4], "ts": 1747940931}, "osp_blp": {"solver": "highs", "exec_time": 0.5139994621276855, "ts": 1747940931, "obj": 109, "x": [1, 3, 4, 5, 0, 2, 18, 19, 13, 16, 8, 15, 6, 7, 10, 11, 9, 12, 14, 17]}}}