{"id": "45654b9778d98169717caa542dbcd551", "params": {"p": [2, 2, 2, 2, 2, 2, 2, 2, 2, 2], "w": [20, 27, 23, 7, 3, 19, 1, 29, 30, 4], "d1": [18, 14, 17, 12, 16, 8, 18, 14, 17, 6], "d2": [18, 18, 20, 18, 18, 8, 19, 18, 20, 18], "s1": [10, 11, 11, 8, 6, 6, 7, 11, 14, 3], "s2": [17, 11, 13, 11, 14, 7, 9, 11, 14, 4], "r": [9, 4, 8, 7, 5, 2, 6, 10, 3, 1]}, "results": {"wsrpt": {"exec_time": 0.0, "obj": 1680, "s": [10, 6, 6, 9, 9, 2, 2, 3, 3, 8, 8, 1, 1, 10, 4, 4, 5, 5, 7, 7], "ts": 1747940931}, "lp": {"solver": "highs", "exec_time": 0.407001256942749, "ts": 1747940932, "obj": 219.0, "x": [[[0, 0, 8], 1.0], [[0, 1, 17], 1.0], [[1, 0, 9], 1.0], [[1, 1, 15], 1.0], [[2, 0, 11], 1.0], [[2, 1, 19], 1.0], [[3, 0, 7], 1.0], [[3, 1, 12], 1.0], [[4, 0, 4], 1.0], [[4, 1, 16], 1.0], [[5, 0, 2], 1.0], [[5, 1, 3], 1.0], [[6, 0, 5], 1.0], [[6, 1, 6], 1.0], [[7, 0, 10], 1.0], [[7, 1, 14], 1.0], [[8, 0, 13], 1.0], [[8, 1, 18], 1.0], [[9, 0, 0], 1.0], [[9, 1, 1], 1.0]]}, "a1": {"exec_time": 0.0, "obj": 219, "s": [10, 10, 6, 6, 5, 7, 7, 4, 1, 2, 8, 3, 4, 9, 8, 2, 5, 1, 9, 3]}, "a2": {"exec_time": 0.0, "obj": 219, "s": [10, 10, 6, 6, 5, 7, 7, 4, 1, 2, 8, 3, 4, 9, 8, 2, 5, 1, 9, 3], "ts": 1747940932}, "osp_blp": {"solver": "highs", "exec_time": 0.48799896240234375, "ts": 1747940932, "obj": 219, "x": [8, 17, 9, 14, 12, 18, 7, 11, 4, 15, 2, 3, 5, 6, 10, 16, 13, 19, 0, 1]}}}