{"id": "457a32d56a7d25efc88377e2c63bd893", "params": {"p": [2, 2, 2, 2, 2, 2, 2, 2, 2, 2], "w": [21, 23, 5, 23, 13, 8, 28, 27, 18, 20], "d1": [16, 16, 15, 17, 14, 13, 9, 14, 8, 18], "d2": [20, 17, 19, 18, 18, 18, 14, 16, 14, 18], "s1": [16, 6, 15, 7, 9, 10, 9, 1, 6, 16], "s2": [16, 11, 15, 10, 12, 11, 9, 14, 7, 16], "r": [8, 6, 10, 7, 9, 3, 5, 1, 4, 2]}, "results": {"wsrpt": {"exec_time": 0.0, "obj": 1814, "s": [8, 8, 10, 10, 7, 7, 2, 2, 4, 4, 1, 1, 9, 9, 5, 5, 6, 6, 3, 3], "ts": 1747940932}, "lp": {"solver": "highs", "exec_time": 0.41700005531311035, "ts": 1747940932, "obj": 471.0, "x": [[[0, 0, 15], 1.0], [[0, 1, 19], 1.0], [[1, 0, 5], 1.0], [[1, 1, 16], 1.0], [[2, 0, 11], 1.0], [[2, 1, 12], 1.0], [[3, 0, 6], 1.0], [[3, 1, 17], 1.0], [[4, 0, 9], 1.0], [[4, 1, 13], 1.0], [[5, 0, 2], 1.0], [[5, 1, 3], 1.0], [[6, 0, 8], 1.0], [[6, 1, 10], 1.0], [[7, 0, 0], 1.0], [[7, 1, 14], 1.0], [[8, 0, 4], 1.0], [[8, 1, 7], 1.0], [[9, 0, 1], 1.0], [[9, 1, 18], 1.0]]}, "a1": {"exec_time": 0.0, "obj": 471, "s": [8, 10, 6, 6, 9, 2, 4, 9, 7, 5, 7, 3, 3, 5, 8, 1, 2, 4, 10, 1]}, "a2": {"exec_time": 0.0, "obj": 471, "s": [8, 10, 6, 6, 9, 2, 4, 9, 7, 5, 7, 3, 3, 5, 8, 1, 2, 4, 10, 1], "ts": 1747940932}, "osp_blp": {"solver": "highs", "exec_time": 0.450000524520874, "ts": 1747940932, "obj": 471, "x": [15, 19, 5, 16, 11, 12, 6, 17, 9, 13, 2, 3, 8, 10, 0, 14, 4, 7, 1, 18]}}}