{"id": "466e9a09bf52202b9f8a3f98225f134e", "params": {"p": [2, 2, 2, 2, 2, 2, 2, 2, 2, 2], "w": [2, 28, 10, 1, 29, 19, 2, 24, 13, 6], "d1": [16, 12, 6, 9, 11, 16, 14, 16, 17, 18], "d2": [16, 16, 16, 16, 20, 19, 18, 19, 20, 18], "s1": [11, 4, 6, 7, 4, 10, 13, 12, 14, 14], "s2": [15, 8, 6, 9, 4, 11, 14, 15, 16, 17], "r": [10, 1, 3, 7, 2, 9, 5, 4, 8, 6]}, "results": {"wsrpt": {"exec_time": 0.0, "obj": 1301, "s": [2, 2, 5, 5, 8, 8, 3, 3, 6, 6, 9, 9, 10, 10, 1, 1, 7, 7, 4, 4], "ts": 1747940932}, "lp": {"solver": "highs", "exec_time": 0.42601966857910156, "ts": 1747940933, "obj": 246.0, "x": [[[0, 0, 9], 1.0], [[0, 1, 15], 1.0], [[1, 0, 0], 1.0], [[1, 1, 12], 1.0], [[2, 0, 2], 1.0], [[2, 1, 3], 1.0], [[3, 0, 6], 1.0], [[3, 1, 7], 1.0], [[4, 0, 1], 1.0], [[4, 1, 10], 1.0], [[5, 0, 8], 1.0], [[5, 1, 16], 1.0], [[6, 0, 4], 1.0], [[6, 1, 5], 1.0], [[7, 0, 11], 1.0], [[7, 1, 18], 1.0], [[8, 0, 14], 1.0], [[8, 1, 19], 1.0], [[9, 0, 13], 1.0], [[9, 1, 17], 1.0]]}, "a1": {"exec_time": 0.0, "obj": 246, "s": [2, 5, 3, 3, 7, 7, 4, 4, 6, 1, 5, 8, 2, 10, 9, 1, 6, 10, 8, 9]}, "a2": {"exec_time": 0.0, "obj": 246, "s": [2, 5, 3, 3, 7, 7, 4, 4, 6, 1, 5, 8, 2, 10, 9, 1, 6, 10, 8, 9], "ts": 1747940933}, "osp_blp": {"solver": "highs", "exec_time": 0.502021074295044, "ts": 1747940933, "obj": 246, "x": [9, 15, 0, 11, 2, 3, 6, 7, 1, 10, 8, 16, 4, 5, 12, 18, 14, 19, 13, 17]}}}