{"id": "46cbe6469b6ac3e839275af003ec3c65", "params": {"p": [2, 2, 2, 2, 2, 2, 2, 2, 2, 2], "w": [18, 4, 30, 22, 30, 29, 5, 11, 15, 24], "d1": [19, 9, 15, 14, 7, 17, 16, 10, 18, 8], "d2": [19, 20, 19, 16, 20, 20, 20, 12, 19, 20], "s1": [13, 7, 9, 10, 5, 13, 16, 3, 5, 6], "s2": [16, 7, 14, 14, 5, 13, 16, 5, 5, 7], "r": [10, 3, 8, 9, 4, 7, 5, 2, 1, 6]}, "results": {"wsrpt": {"exec_time": 0.0, "obj": 1036, "s": [9, 9, 8, 5, 5, 10, 10, 3, 3, 6, 6, 4, 4, 8, 1, 1, 7, 7, 2, 2], "ts": 1747940933}, "lp": {"solver": "highs", "exec_time": 0.4069955348968506, "ts": 1747940933, "obj": 125.0, "x": [[[0, 0, 11], 1.0], [[0, 1, 18], 1.0], [[1, 0, 2], 1.0], [[1, 1, 3], 1.0], [[2, 0, 8], 1.0], [[2, 1, 14], 1.0], [[3, 0, 10], 1.0], [[3, 1, 13], 1.0], [[4, 0, 4], 1.0], [[4, 1, 6], 1.0], [[5, 0, 12], 1.0], [[5, 1, 16], 1.0], [[6, 0, 15], 1.0], [[6, 1, 19], 1.0], [[7, 0, 1], 1.0], [[7, 1, 9], 1.0], [[8, 0, 0], 1.0], [[8, 1, 17], 1.0], [[9, 0, 5], 1.0], [[9, 1, 7], 1.0]]}, "a1": {"exec_time": 0.0, "obj": 125, "s": [9, 8, 2, 2, 5, 10, 5, 10, 3, 8, 4, 1, 6, 4, 3, 7, 6, 9, 1, 7]}, "a2": {"exec_time": 0.0, "obj": 125, "s": [9, 8, 2, 2, 5, 10, 5, 10, 3, 8, 4, 1, 6, 4, 3, 7, 6, 9, 1, 7], "ts": 1747940933}, "osp_blp": {"solver": "highs", "exec_time": 0.4769785404205322, "ts": 1747940933, "obj": 125, "x": [11, 18, 2, 3, 8, 14, 9, 13, 4, 6, 12, 16, 15, 19, 1, 10, 0, 17, 5, 7]}}}