{"id": "470c23acff49edb6483d30aeeac3d7f5", "params": {"p": [2, 2, 2, 2, 2, 2, 2, 2, 2, 2], "w": [17, 1, 17, 2, 17, 5, 25, 27, 19, 5], "d1": [9, 17, 18, 13, 17, 14, 20, 3, 6, 13], "d2": [12, 20, 18, 17, 19, 19, 20, 20, 10, 20], "s1": [9, 10, 15, 7, 13, 12, 5, 2, 5, 12], "s2": [9, 16, 16, 11, 16, 13, 13, 2, 6, 13], "r": [3, 8, 6, 5, 10, 7, 4, 1, 2, 9]}, "results": {"wsrpt": {"exec_time": 0.0, "obj": 915, "s": [8, 8, 9, 9, 7, 7, 1, 1, 3, 3, 5, 5, 6, 6, 10, 10, 4, 4, 2, 2], "ts": 1747940933}, "lp": {"solver": "highs", "exec_time": 0.4640007019042969, "ts": 1747940934, "obj": 132.0, "x": [[[0, 0, 8], 1.0], [[0, 1, 9], 1.0], [[1, 0, 7], 1.0], [[1, 1, 18], 1.0], [[2, 0, 14], 1.0], [[2, 1, 17], 1.0], [[3, 0, 4], 1.0], [[3, 1, 6], 1.0], [[4, 0, 12], 1.0], [[4, 1, 16], 1.0], [[5, 0, 11], 1.0], [[5, 1, 15], 1.0], [[6, 0, 3], 1.0], [[6, 1, 19], 1.0], [[7, 0, 0], 1.0], [[7, 1, 2], 1.0], [[8, 0, 1], 1.0], [[8, 1, 5], 1.0], [[9, 0, 10], 1.0], [[9, 1, 13], 1.0]]}, "a1": {"exec_time": 0.015625, "obj": 132, "s": [8, 9, 8, 7, 4, 9, 4, 2, 1, 1, 10, 6, 5, 10, 3, 6, 5, 3, 2, 7]}, "a2": {"exec_time": 0.0, "obj": 132, "s": [8, 9, 8, 7, 4, 9, 4, 2, 1, 1, 10, 6, 5, 10, 3, 6, 5, 3, 2, 7], "ts": 1747940934}, "osp_blp": {"solver": "highs", "exec_time": 0.4810018539428711, "ts": 1747940934, "obj": 132, "x": [8, 9, 7, 18, 15, 17, 4, 6, 12, 16, 10, 14, 3, 19, 0, 2, 1, 5, 11, 13]}}}