{"id": "475110e4c58eef1239f27475c58aa90a", "params": {"p": [2, 2, 2, 2, 2, 2, 2, 2, 2, 2], "w": [6, 14, 25, 25, 15, 2, 17, 17, 1, 28], "d1": [18, 7, 13, 16, 4, 19, 12, 9, 14, 8], "d2": [18, 9, 18, 19, 7, 20, 13, 20, 14, 14], "s1": [10, 1, 10, 14, 2, 18, 12, 6, 12, 6], "s2": [15, 7, 10, 14, 3, 18, 12, 6, 13, 7], "r": [7, 1, 5, 6, 2, 9, 10, 4, 8, 3]}, "results": {"wsrpt": {"exec_time": 0.0, "obj": 1292, "s": [2, 2, 10, 10, 3, 3, 4, 4, 8, 8, 7, 7, 5, 5, 1, 1, 6, 6, 9, 9], "ts": 1747940934}, "lp": {"solver": "highs", "exec_time": 0.4399995803833008, "ts": 1747940934, "obj": 95.0, "x": [[[0, 0, 6], 1.0], [[0, 1, 17], 1.0], [[1, 0, 0], 1.0], [[1, 1, 2], 1.0], [[2, 0, 9], 1.0], [[2, 1, 15], 1.0], [[3, 0, 13], 1.0], [[3, 1, 18], 1.0], [[4, 0, 1], 1.0], [[4, 1, 3], 1.0], [[5, 0, 16], 1.0], [[5, 1, 19], 1.0], [[6, 0, 11], 1.0], [[6, 1, 12], 1.0], [[7, 0, 4], 1.0], [[7, 1, 8], 1.0], [[8, 0, 10], 1.0], [[8, 1, 14], 1.0], [[9, 0, 5], 1.0], [[9, 1, 7], 1.0]]}, "a1": {"exec_time": 0.0, "obj": 95, "s": [2, 5, 2, 5, 8, 10, 1, 10, 8, 3, 9, 7, 7, 4, 9, 3, 6, 1, 4, 6]}, "a2": {"exec_time": 0.0, "obj": 95, "s": [2, 5, 2, 5, 8, 10, 1, 10, 8, 3, 9, 7, 7, 4, 9, 3, 6, 1, 4, 6], "ts": 1747940934}, "osp_blp": {"solver": "highs", "exec_time": 0.46200060844421387, "ts": 1747940934, "obj": 95, "x": [6, 17, 0, 2, 9, 15, 13, 16, 1, 3, 18, 19, 11, 12, 4, 8, 10, 14, 5, 7]}}}