{"id": "478a393ca8a79370a060ca941cf8650c", "params": {"p": [2, 2, 2, 2, 2, 2, 2, 2, 2, 2], "w": [29, 18, 18, 30, 5, 21, 25, 27, 29, 3], "d1": [11, 18, 11, 13, 13, 18, 9, 17, 19, 14], "d2": [14, 18, 12, 20, 20, 19, 19, 20, 20, 14], "s1": [8, 17, 8, 3, 10, 12, 7, 8, 16, 14], "s2": [11, 17, 8, 9, 10, 17, 8, 15, 16, 14], "r": [8, 4, 7, 1, 6, 3, 5, 2, 10, 9]}, "results": {"wsrpt": {"exec_time": 0.0, "obj": 2103, "s": [4, 4, 8, 8, 7, 7, 6, 6, 1, 1, 9, 9, 2, 2, 3, 3, 5, 5, 10, 10], "ts": 1747940934}, "lp": {"solver": "highs", "exec_time": 0.4180164337158203, "ts": 1747940935, "obj": 745.0, "x": [[[0, 0, 7], 1.0], [[0, 1, 11], 1.0], [[1, 0, 3], 1.0], [[1, 1, 17], 1.0], [[2, 0, 6], 1.0], [[2, 1, 10], 1.0], [[3, 0, 0], 1.0], [[3, 1, 12], 1.0], [[4, 0, 5], 1.0], [[4, 1, 14], 1.0], [[5, 0, 2], 1.0], [[5, 1, 18], 1.0], [[6, 0, 4], 1.0], [[6, 1, 8], 1.0], [[7, 0, 1], 1.0], [[7, 1, 16], 1.0], [[8, 0, 15], 1.0], [[8, 1, 19], 1.0], [[9, 0, 9], 0.5000001249999999], [[9, 0, 13], 0.499999875], [[9, 1, 9], 0.499999875], [[9, 1, 13], 0.500000125]]}, "a1": {"exec_time": 0.0, "obj": 745, "s": [4, 8, 6, 2, 7, 5, 3, 1, 7, 10, 3, 1, 4, 10, 5, 9, 8, 2, 6, 9]}, "a2": {"exec_time": 0.0, "obj": 745, "s": [4, 8, 6, 2, 7, 5, 3, 1, 7, 10, 3, 1, 4, 10, 5, 9, 8, 2, 6, 9], "ts": 1747940935}, "osp_blp": {"solver": "highs", "exec_time": 0.5080211162567139, "ts": 1747940935, "obj": 745, "x": [7, 10, 3, 17, 6, 11, 0, 12, 5, 14, 2, 18, 4, 8, 1, 16, 15, 19, 9, 13]}}}