{"id": "480bf7989b45f9659fde9c6f8b36bfbf", "params": {"p": [2, 2, 2, 2, 2, 2, 2, 2, 2, 2], "w": [29, 15, 11, 20, 26, 4, 24, 15, 30, 11], "d1": [5, 18, 8, 18, 20, 15, 16, 15, 18, 11], "d2": [9, 18, 9, 18, 20, 15, 20, 20, 19, 12], "s1": [3, 11, 8, 3, 20, 13, 8, 8, 17, 5], "s2": [5, 14, 8, 14, 20, 13, 9, 11, 17, 6], "r": [3, 7, 4, 1, 6, 9, 8, 2, 10, 5]}, "results": {"wsrpt": {"exec_time": 0.0, "obj": 2168, "s": [4, 4, 1, 1, 8, 8, 5, 5, 7, 7, 9, 9, 2, 2, 3, 3, 10, 10, 6, 6], "ts": 1747940935}, "osp_blp": {"solver": "highs", "exec_time": 0.4469783306121826, "ts": 1747940935, "obj": 397, "x": [2, 4, 11, 13, 3, 6, 0, 14, 18, 19, 8, 9, 7, 15, 1, 12, 16, 17, 5, 10]}, "lp": {"solver": "highs", "exec_time": 0.45299577713012695, "ts": 1747940935, "obj": 397.0, "x": [[[0, 0, 2], 1.0], [[0, 1, 5], 1.0], [[1, 0, 11], 1.0], [[1, 1, 12], 1.0], [[2, 0, 3], 1.0], [[2, 1, 6], 1.0], [[3, 0, 0], 1.0], [[3, 1, 14], 1.0], [[4, 0, 18], 1.0], [[4, 1, 19], 1.0], [[5, 0, 8], 1.0], [[5, 1, 9], 1.0], [[6, 0, 7], 1.0], [[6, 1, 15], 1.0], [[7, 0, 1], 1.0], [[7, 1, 13], 1.0], [[8, 0, 16], 1.0], [[8, 1, 17], 1.0], [[9, 0, 4], 1.0], [[9, 1, 10], 1.0]]}, "a1": {"exec_time": 0.0, "obj": 397, "s": [4, 8, 1, 3, 10, 1, 3, 7, 6, 6, 10, 2, 2, 8, 4, 7, 9, 9, 5, 5]}, "a2": {"exec_time": 0.0, "obj": 397, "s": [4, 8, 1, 3, 10, 1, 3, 7, 6, 6, 10, 2, 2, 8, 4, 7, 9, 9, 5, 5], "ts": 1747940935}}}