{"id": "491bb98bc0a2385bf5a44bad7eb88c0e", "params": {"p": [2, 2, 2, 2, 2, 2, 2, 2, 2, 2], "w": [8, 14, 1, 2, 1, 13, 16, 5, 7, 19], "d1": [11, 20, 19, 15, 13, 18, 14, 18, 13, 19], "d2": [13, 20, 20, 20, 16, 18, 20, 19, 19, 20], "s1": [8, 16, 11, 15, 3, 10, 13, 5, 4, 5], "s2": [10, 17, 16, 15, 3, 10, 14, 9, 6, 15], "r": [6, 8, 7, 10, 2, 4, 9, 3, 1, 5]}, "results": {"wsrpt": {"exec_time": 0.0, "obj": 1029, "s": [9, 9, 8, 6, 6, 10, 10, 2, 2, 7, 7, 8, 1, 1, 4, 4, 3, 3, 5, 5], "ts": 1747940935}, "lp": {"solver": "highs", "exec_time": 0.4259965419769287, "ts": 1747940936, "obj": 102.0, "x": [[[0, 0, 5], 1.0], [[0, 1, 10], 1.0], [[1, 0, 15], 1.0], [[1, 1, 19], 1.0], [[2, 0, 6], 1.0], [[2, 1, 7], 1.0], [[3, 0, 9], 1.0], [[3, 1, 11], 1.0], [[4, 0, 1], 1.0], [[4, 1, 2], 1.0], [[5, 0, 8], 1.0], [[5, 1, 17], 1.0], [[6, 0, 12], 1.0], [[6, 1, 14], 1.0], [[7, 0, 3], 1.0], [[7, 1, 16], 1.0], [[8, 0, 0], 1.0], [[8, 1, 13], 1.0], [[9, 0, 4], 1.0], [[9, 1, 18], 1.0]]}, "a1": {"exec_time": 0.0, "obj": 102, "s": [9, 5, 5, 8, 10, 1, 3, 3, 6, 4, 1, 4, 7, 9, 7, 2, 8, 6, 10, 2]}, "a2": {"exec_time": 0.0, "obj": 102, "s": [9, 5, 5, 8, 10, 1, 3, 3, 6, 4, 1, 4, 7, 9, 7, 2, 8, 6, 10, 2], "ts": 1747940936}, "osp_blp": {"solver": "highs", "exec_time": 0.49199676513671875, "ts": 1747940936, "obj": 102, "x": [5, 10, 15, 19, 6, 7, 9, 11, 1, 2, 8, 17, 13, 14, 3, 16, 0, 12, 4, 18]}}}