{"id": "49af54b3952820964ce26a63b5349ddc", "params": {"p": [2, 2, 2, 2, 2, 2, 2, 2, 2, 2], "w": [24, 2, 16, 5, 8, 2, 28, 13, 26, 22], "d1": [4, 8, 12, 17, 13, 20, 18, 6, 13, 14], "d2": [4, 10, 14, 20, 17, 20, 19, 10, 20, 20], "s1": [4, 8, 12, 13, 10, 8, 13, 4, 7, 4], "s2": [4, 8, 12, 13, 10, 14, 18, 5, 13, 11], "r": [1, 6, 5, 10, 9, 3, 8, 2, 7, 4]}, "results": {"wsrpt": {"exec_time": 0.0, "obj": 900, "s": [1, 1, 8, 8, 10, 10, 9, 9, 7, 7, 3, 3, 5, 5, 4, 4, 2, 2, 6, 6], "ts": 1747940936}, "lp": {"solver": "highs", "exec_time": 0.3999977111816406, "ts": 1747940936, "obj": 118.0, "x": [[[0, 0, 0], 1.0], [[0, 1, 3], 1.0], [[1, 0, 7], 1.0], [[1, 1, 8], 1.0], [[2, 0, 11], 1.0], [[2, 1, 12], 1.0], [[3, 0, 10], 1.0], [[3, 1, 18], 1.0], [[4, 0, 9], 1.0], [[4, 1, 14], 1.0], [[5, 0, 2], 1.0], [[5, 1, 19], 1.0], [[6, 0, 15], 1.0], [[6, 1, 17], 1.0], [[7, 0, 1], 1.0], [[7, 1, 5], 1.0], [[8, 0, 6], 1.0], [[8, 1, 13], 1.0], [[9, 0, 4], 1.0], [[9, 1, 16], 1.0]]}, "a1": {"exec_time": 0.0, "obj": 118, "s": [1, 8, 6, 1, 10, 8, 9, 2, 2, 5, 4, 3, 3, 9, 5, 7, 10, 7, 4, 6]}, "a2": {"exec_time": 0.0, "obj": 118, "s": [1, 8, 6, 1, 10, 8, 9, 2, 2, 5, 4, 3, 3, 9, 5, 7, 10, 7, 4, 6], "ts": 1747940936}, "osp_blp": {"solver": "highs", "exec_time": 0.4620203971862793, "ts": 1747940936, "obj": 118, "x": [0, 3, 7, 8, 11, 13, 10, 18, 9, 12, 2, 19, 16, 17, 1, 5, 6, 14, 4, 15]}}}