{"id": "49b39591fc58eaa8a2f85a9addcafb47", "params": {"p": [2, 2, 2, 2, 2, 2, 2, 2, 2, 2], "w": [9, 11, 4, 20, 11, 25, 5, 17, 5, 7], "d1": [15, 19, 18, 18, 18, 9, 8, 10, 19, 17], "d2": [20, 19, 19, 20, 18, 18, 13, 16, 19, 19], "s1": [7, 17, 18, 9, 18, 1, 7, 10, 7, 17], "s2": [12, 17, 18, 17, 18, 7, 7, 10, 14, 17], "r": [4, 9, 10, 3, 8, 1, 5, 6, 2, 7]}, "results": {"wsrpt": {"exec_time": 0.0, "obj": 1221, "s": [6, 6, 4, 4, 1, 1, 8, 8, 2, 2, 5, 5, 10, 10, 7, 7, 9, 9, 3, 3], "ts": 1747940936}, "lp": {"solver": "highs", "exec_time": 0.4609990119934082, "ts": 1747940937, "obj": 329.0, "x": [[[0, 0, 3], 1.0], [[0, 1, 14], 1.0], [[1, 0, 15], 1.0], [[1, 1, 18], 1.0], [[2, 0, 11], 1.0], [[2, 1, 12], 1.0], [[3, 0, 7], 1.0], [[3, 1, 19], 1.0], [[4, 0, 16], 0.5000005000000007], [[4, 0, 17], 0.4999994999999993], [[4, 1, 16], 0.4999994999999992], [[4, 1, 17], 0.5000005000000008], [[5, 0, 0], 1.0], [[5, 1, 8], 1.0], [[6, 0, 4], 1.0], [[6, 1, 5], 1.0], [[7, 0, 9], 1.0], [[7, 1, 10], 1.0], [[8, 0, 1], 1.0], [[8, 1, 2], 1.0], [[9, 0, 6], 1.0], [[9, 1, 13], 1.0]]}, "a1": {"exec_time": 0.0, "obj": 329, "s": [6, 9, 9, 1, 7, 7, 10, 4, 6, 8, 8, 3, 3, 10, 1, 2, 5, 5, 2, 4]}, "a2": {"exec_time": 0.0, "obj": 329, "s": [6, 9, 9, 1, 7, 7, 10, 4, 6, 8, 8, 3, 3, 10, 1, 2, 5, 5, 2, 4], "ts": 1747940937}, "osp_blp": {"solver": "highs", "exec_time": 0.4739804267883301, "ts": 1747940937, "obj": 329, "x": [3, 14, 15, 18, 11, 12, 7, 19, 16, 17, 0, 8, 4, 5, 9, 10, 1, 2, 6, 13]}}}