{"id": "4a9705cd62539581ffe73fea0c20fc42", "params": {"p": [2, 2, 2, 2, 2, 2, 2, 2, 2, 2], "w": [28, 14, 27, 27, 1, 3, 8, 23, 6, 3], "d1": [6, 18, 19, 9, 14, 20, 18, 12, 16, 12], "d2": [17, 19, 20, 16, 14, 20, 20, 15, 20, 20], "s1": [4, 7, 14, 6, 6, 15, 17, 11, 7, 11], "s2": [4, 7, 16, 8, 9, 20, 17, 12, 10, 11], "r": [3, 7, 1, 4, 6, 5, 8, 9, 2, 10]}, "results": {"wsrpt": {"exec_time": 0.0, "obj": 1406, "s": [3, 3, 1, 1, 4, 4, 2, 2, 8, 8, 7, 7, 9, 9, 6, 6, 10, 10, 5, 5], "ts": 1747940937}, "osp_blp": {"solver": "highs", "exec_time": 0.4419972896575928, "ts": 1747940937, "obj": 501, "x": [3, 5, 6, 18, 0, 19, 4, 8, 7, 13, 14, 15, 16, 17, 10, 11, 1, 2, 9, 12]}, "lp": {"solver": "highs", "exec_time": 0.45399999618530273, "ts": 1747940937, "obj": 501.0, "x": [[[0, 0, 3], 1.0], [[0, 1, 8], 1.0], [[1, 0, 6], 1.0], [[1, 1, 17], 1.0], [[2, 0, 0], 1.0], [[2, 1, 19], 1.0], [[3, 0, 5], 1.0], [[3, 1, 9], 1.0], [[4, 0, 7], 1.0], [[4, 1, 13], 1.0], [[5, 0, 4], 1.0], [[5, 1, 15], 1.0], [[6, 0, 16], 1.0], [[6, 1, 18], 1.0], [[7, 0, 11], 1.0], [[7, 1, 12], 1.0], [[8, 0, 1], 1.0], [[8, 1, 2], 1.0], [[9, 0, 10], 1.0], [[9, 1, 14], 1.0]]}, "a1": {"exec_time": 0.0, "obj": 501, "s": [3, 9, 9, 1, 6, 4, 2, 5, 1, 4, 10, 8, 8, 5, 10, 6, 7, 2, 7, 3]}, "a2": {"exec_time": 0.0, "obj": 501, "s": [3, 9, 9, 1, 6, 4, 2, 5, 1, 4, 10, 8, 8, 5, 10, 6, 7, 2, 7, 3], "ts": 1747940937}}}