{"id": "4ac6e18236375a78616bc9958bb51abc", "params": {"p": [2, 2, 2, 2, 2, 2, 2, 2, 2, 2], "w": [13, 5, 7, 14, 25, 21, 6, 30, 18, 14], "d1": [12, 19, 19, 12, 18, 16, 16, 11, 6, 15], "d2": [16, 20, 20, 12, 20, 17, 19, 19, 9, 15], "s1": [9, 18, 15, 11, 10, 10, 14, 1, 3, 4], "s2": [9, 18, 18, 12, 17, 13, 14, 7, 4, 12], "r": [5, 6, 7, 8, 10, 9, 4, 1, 3, 2]}, "results": {"wsrpt": {"exec_time": 0.0, "obj": 893, "s": [8, 8, 9, 9, 10, 10, 1, 1, 6, 6, 5, 5, 4, 4, 3, 3, 7, 7, 2, 2], "ts": 1747940937}, "lp": {"solver": "highs", "exec_time": 0.39699745178222656, "ts": 1747940937, "obj": 243.0, "x": [[[0, 0, 7], 1.0], [[0, 1, 13], 1.0], [[1, 0, 6], 1.0], [[1, 1, 18], 1.0], [[2, 0, 15], 1.0], [[2, 1, 19], 1.0], [[3, 0, 10], 1.0], [[3, 1, 11], 1.0], [[4, 0, 9], 1.0], [[4, 1, 17], 1.0], [[5, 0, 8], 1.0], [[5, 1, 16], 1.0], [[6, 0, 3], 1.0], [[6, 1, 4], 1.0], [[7, 0, 0], 1.0], [[7, 1, 12], 1.0], [[8, 0, 2], 1.0], [[8, 1, 5], 1.0], [[9, 0, 1], 1.0], [[9, 1, 14], 1.0]]}, "a1": {"exec_time": 0.0, "obj": 243, "s": [8, 10, 9, 7, 7, 9, 2, 1, 6, 5, 4, 4, 8, 1, 10, 3, 6, 5, 2, 3]}, "a2": {"exec_time": 0.0, "obj": 243, "s": [8, 10, 9, 7, 7, 9, 2, 1, 6, 5, 4, 4, 8, 1, 10, 3, 6, 5, 2, 3], "ts": 1747940937}, "osp_blp": {"solver": "highs", "exec_time": 0.46599316596984863, "ts": 1747940938, "obj": 243, "x": [7, 13, 6, 18, 16, 19, 10, 11, 9, 17, 8, 15, 3, 4, 0, 12, 2, 5, 1, 14]}}}