{"id": "4adb97b4c95e02bb1397952876d2b79f", "params": {"p": [2, 2, 2, 2, 2, 2, 2, 2, 2, 2], "w": [25, 19, 9, 22, 13, 29, 30, 15, 15, 20], "d1": [10, 15, 18, 16, 15, 18, 11, 9, 9, 11], "d2": [13, 16, 20, 20, 17, 18, 13, 9, 15, 12], "s1": [7, 11, 9, 9, 12, 16, 10, 5, 3, 8], "s2": [10, 13, 15, 15, 12, 16, 10, 6, 3, 9], "r": [7, 2, 8, 3, 6, 10, 9, 4, 1, 5]}, "results": {"wsrpt": {"exec_time": 0.0, "obj": 1493, "s": [9, 9, 4, 4, 10, 10, 1, 1, 7, 7, 6, 6, 2, 2, 8, 8, 5, 5, 3, 3], "ts": 1747940938}, "lp": {"solver": "highs", "exec_time": 0.42999911308288574, "ts": 1747940938, "obj": 435.0, "x": [[[0, 0, 6], 1.0], [[0, 1, 8], 1.0], [[1, 0, 13], 1.0], [[1, 1, 14], 1.0], [[2, 0, 7], 1.0], [[2, 1, 19], 1.0], [[3, 0, 2], 1.0], [[3, 1, 18], 1.0], [[4, 0, 11], 1.0], [[4, 1, 16], 1.0], [[5, 0, 15], 1.0], [[5, 1, 17], 1.0], [[6, 0, 9], 1.0], [[6, 1, 12], 1.0], [[7, 0, 3], 1.0], [[7, 1, 4], 1.0], [[8, 0, 0], 1.0], [[8, 1, 1], 1.0], [[9, 0, 5], 1.0], [[9, 1, 10], 1.0]]}, "a1": {"exec_time": 0.0, "obj": 435, "s": [9, 9, 4, 8, 8, 10, 1, 3, 1, 7, 10, 5, 7, 2, 2, 6, 5, 6, 4, 3]}, "a2": {"exec_time": 0.0, "obj": 435, "s": [9, 9, 4, 8, 8, 10, 1, 3, 1, 7, 10, 5, 7, 2, 2, 6, 5, 6, 4, 3], "ts": 1747940938}, "osp_blp": {"solver": "highs", "exec_time": 0.5019950866699219, "ts": 1747940938, "obj": 435, "x": [6, 8, 13, 14, 7, 18, 2, 19, 11, 16, 15, 17, 9, 12, 3, 4, 0, 1, 5, 10]}}}