{"id": "4ba6ae7de7829eb6040f1e15d1c229f5", "params": {"p": [2, 2, 2, 2, 2, 2, 2, 2, 2, 2], "w": [19, 28, 1, 16, 19, 14, 17, 26, 11, 7], "d1": [11, 17, 12, 14, 13, 8, 10, 15, 13, 13], "d2": [12, 20, 20, 18, 17, 8, 10, 18, 13, 14], "s1": [11, 8, 7, 6, 13, 8, 5, 3, 12, 9], "s2": [11, 16, 11, 12, 13, 8, 5, 12, 12, 13], "r": [8, 7, 4, 5, 9, 1, 2, 3, 10, 6]}, "results": {"wsrpt": {"exec_time": 0.0, "obj": 1076, "s": [6, 6, 8, 8, 7, 7, 2, 2, 1, 1, 5, 5, 4, 4, 9, 9, 10, 10, 3, 3], "ts": 1747940938}, "lp": {"solver": "highs", "exec_time": 0.5239999294281006, "ts": 1747940939, "obj": 243.0, "x": [[[0, 0, 9], 0.5000004999999992], [[0, 0, 10], 0.4999995000000008], [[0, 1, 9], 0.4999995000000009], [[0, 1, 10], 0.5000004999999992], [[1, 0, 15], 1.0], [[1, 1, 19], 1.0], [[2, 0, 3], 1.0], [[2, 1, 4], 1.0], [[3, 0, 5], 1.0], [[3, 1, 18], 1.0], [[4, 0, 12], 1.0], [[4, 1, 16], 1.0], [[5, 0, 0], 1.0], [[5, 1, 7], 1.0], [[6, 0, 1], 1.0], [[6, 1, 8], 1.0], [[7, 0, 2], 1.0], [[7, 1, 17], 1.0], [[8, 0, 11], 1.0], [[8, 1, 13], 1.0], [[9, 0, 6], 1.0], [[9, 1, 14], 1.0]]}, "a1": {"exec_time": 0.0, "obj": 243, "s": [6, 7, 8, 3, 3, 4, 10, 6, 7, 1, 1, 9, 5, 9, 10, 2, 5, 8, 4, 2]}, "a2": {"exec_time": 0.0, "obj": 243, "s": [6, 7, 8, 3, 3, 4, 10, 6, 7, 1, 1, 9, 5, 9, 10, 2, 5, 8, 4, 2], "ts": 1747940939}, "osp_blp": {"solver": "highs", "exec_time": 0.5799999237060547, "ts": 1747940939, "obj": 243, "x": [9, 10, 15, 19, 3, 4, 5, 18, 12, 16, 0, 7, 1, 8, 2, 17, 11, 13, 6, 14]}}}