{"id": "4c4bda5c8d95fdcf7b370ee6b87f44bd", "params": {"p": [2, 2, 2, 2, 2, 2, 2, 2, 2, 2], "w": [6, 19, 21, 6, 3, 9, 24, 19, 22, 29], "d1": [14, 19, 15, 12, 16, 17, 12, 16, 16, 20], "d2": [20, 19, 18, 13, 18, 19, 13, 20, 18, 20], "s1": [12, 8, 13, 10, 8, 12, 5, 10, 1, 10], "s2": [12, 15, 13, 10, 13, 13, 12, 10, 8, 10], "r": [7, 5, 3, 9, 6, 10, 4, 8, 1, 2]}, "results": {"wsrpt": {"exec_time": 0.0, "obj": 1799, "s": [9, 9, 10, 10, 7, 7, 3, 3, 2, 2, 8, 8, 6, 6, 1, 1, 4, 4, 5, 5], "ts": 1747940939}, "lp": {"solver": "highs", "exec_time": 0.4510030746459961, "ts": 1747940939, "obj": 592.0, "x": [[[0, 0, 7], 1.0], [[0, 1, 13], 1.0], [[1, 0, 4], 1.0], [[1, 1, 18], 1.0], [[2, 0, 2], 1.0], [[2, 1, 14], 1.0], [[3, 0, 8], 1.0], [[3, 1, 10], 1.0], [[4, 0, 5], 1.0], [[4, 1, 6], 1.0], [[5, 0, 12], 1.0], [[5, 1, 16], 1.0], [[6, 0, 3], 1.0], [[6, 1, 11], 1.0], [[7, 0, 9], 1.0], [[7, 1, 17], 1.0], [[8, 0, 0], 1.0], [[8, 1, 15], 1.0], [[9, 0, 1], 1.0], [[9, 1, 19], 1.0]]}, "a1": {"exec_time": 0.0, "obj": 592, "s": [9, 10, 3, 7, 2, 5, 5, 1, 4, 8, 4, 7, 6, 1, 3, 9, 6, 8, 2, 10]}, "a2": {"exec_time": 0.0, "obj": 592, "s": [9, 10, 3, 7, 2, 5, 5, 1, 4, 8, 4, 7, 6, 1, 3, 9, 6, 8, 2, 10], "ts": 1747940939}, "osp_blp": {"solver": "highs", "exec_time": 0.5199990272521973, "ts": 1747940939, "obj": 592, "x": [7, 13, 4, 18, 2, 14, 8, 10, 5, 6, 12, 17, 3, 11, 9, 16, 0, 15, 1, 19]}}}