{"id": "4ca93fa2992932959aba492d24be256c", "params": {"p": [2, 2, 2, 2, 2, 2, 2, 2, 2, 2], "w": [5, 18, 23, 3, 27, 11, 17, 25, 20, 24], "d1": [9, 12, 10, 14, 17, 19, 13, 16, 13, 17], "d2": [13, 19, 19, 15, 19, 20, 16, 18, 13, 17], "s1": [5, 11, 7, 12, 16, 13, 12, 6, 8, 11], "s2": [9, 11, 9, 14, 17, 14, 13, 10, 9, 11], "r": [4, 7, 6, 3, 5, 10, 8, 1, 2, 9]}, "results": {"wsrpt": {"exec_time": 0.0, "obj": 1750, "s": [8, 8, 9, 9, 5, 5, 3, 3, 10, 10, 2, 2, 7, 7, 6, 6, 1, 1, 4, 4], "ts": 1747940939}, "lp": {"solver": "highs", "exec_time": 0.45599794387817383, "ts": 1747940940, "obj": 421.0, "x": [[[0, 0, 4], 1.0], [[0, 1, 5], 1.0], [[1, 0, 8], 1.0], [[1, 1, 11], 1.0], [[2, 0, 6], 1.0], [[2, 1, 9], 1.0], [[3, 0, 2], 1.0], [[3, 1, 3], 1.0], [[4, 0, 15], 1.0], [[4, 1, 18], 1.0], [[5, 0, 13], 1.0], [[5, 1, 19], 1.0], [[6, 0, 7], 1.0], [[6, 1, 14], 1.0], [[7, 0, 0], 1.0], [[7, 1, 17], 1.0], [[8, 0, 1], 1.0], [[8, 1, 12], 1.0], [[9, 0, 10], 1.0], [[9, 1, 16], 1.0]]}, "a1": {"exec_time": 0.0, "obj": 421, "s": [8, 9, 4, 4, 1, 1, 3, 7, 2, 3, 10, 2, 9, 6, 7, 5, 10, 8, 5, 6]}, "a2": {"exec_time": 0.0, "obj": 421, "s": [8, 9, 4, 4, 1, 1, 3, 7, 2, 3, 10, 2, 9, 6, 7, 5, 10, 8, 5, 6], "ts": 1747940940}, "osp_blp": {"solver": "highs", "exec_time": 0.5099987983703613, "ts": 1747940940, "obj": 421, "x": [4, 5, 8, 11, 6, 9, 2, 3, 15, 18, 13, 19, 7, 14, 0, 17, 1, 12, 10, 16]}}}