{"id": "4edcd0a5c724d5b99d176ec65ca74d7a", "params": {"p": [2, 2, 2, 2, 2, 2, 2, 2, 2, 2], "w": [27, 30, 28, 25, 9, 6, 24, 2, 16, 14], "d1": [12, 7, 14, 16, 9, 13, 12, 16, 8, 15], "d2": [18, 19, 16, 16, 18, 14, 12, 16, 11, 15], "s1": [8, 7, 10, 14, 6, 8, 7, 15, 8, 9], "s2": [8, 7, 13, 16, 9, 13, 8, 16, 8, 13], "r": [3, 5, 10, 1, 2, 8, 7, 9, 4, 6]}, "results": {"wsrpt": {"exec_time": 0.0, "obj": 1414, "s": [4, 4, 1, 1, 2, 2, 7, 7, 9, 9, 3, 3, 10, 10, 5, 5, 6, 6, 8, 8], "ts": 1747940940}, "lp": {"solver": "highs", "exec_time": 0.5050029754638672, "ts": 1747940941, "obj": 567.0, "x": [[[0, 0, 7], 1.0], [[0, 1, 17], 1.0], [[1, 0, 5], 1.0], [[1, 1, 18], 1.0], [[2, 0, 9], 1.0], [[2, 1, 13], 1.0], [[3, 0, 0], 1.0], [[3, 1, 15], 1.0], [[4, 0, 1], 1.0], [[4, 1, 2], 1.0], [[5, 0, 8], 1.0], [[5, 1, 12], 1.0], [[6, 0, 6], 1.0], [[6, 1, 11], 1.0], [[7, 0, 16], 1.0], [[7, 1, 19], 1.0], [[8, 0, 3], 1.0], [[8, 1, 4], 1.0], [[9, 0, 10], 1.0], [[9, 1, 14], 1.0]]}, "a1": {"exec_time": 0.0, "obj": 567, "s": [4, 5, 5, 9, 9, 2, 7, 1, 6, 3, 10, 7, 6, 3, 10, 4, 8, 1, 2, 8]}, "a2": {"exec_time": 0.0, "obj": 567, "s": [4, 5, 5, 9, 9, 2, 7, 1, 6, 3, 10, 7, 6, 3, 10, 4, 8, 1, 2, 8], "ts": 1747940941}, "osp_blp": {"solver": "highs", "exec_time": 0.5469985008239746, "ts": 1747940941, "obj": 567, "x": [7, 17, 5, 18, 10, 13, 0, 15, 1, 2, 8, 12, 6, 11, 16, 19, 3, 4, 9, 14]}}}