{"id": "4fdcb4733c99cb035b35017f80f3fee1", "params": {"p": [2, 2, 2, 2, 2, 2, 2, 2, 2, 2], "w": [16, 8, 13, 25, 15, 4, 9, 20, 18, 8], "d1": [18, 12, 15, 8, 3, 18, 14, 9, 14, 18], "d2": [19, 15, 18, 10, 6, 20, 19, 13, 19, 20], "s1": [10, 11, 9, 6, 1, 17, 11, 9, 12, 14], "s2": [17, 11, 12, 6, 1, 17, 12, 9, 13, 18], "r": [5, 10, 7, 2, 1, 4, 8, 6, 3, 9]}, "results": {"wsrpt": {"exec_time": 0.0, "obj": 760, "s": [5, 5, 4, 4, 9, 9, 8, 8, 1, 1, 3, 3, 7, 7, 2, 2, 10, 10, 6, 6], "ts": 1747940941}, "osp_blp": {"solver": "highs", "exec_time": 0.4710044860839844, "ts": 1747940941, "obj": 280, "x": [9, 17, 10, 13, 6, 16, 2, 7, 0, 1, 3, 4, 11, 18, 5, 8, 12, 14, 15, 19]}, "lp": {"solver": "highs", "exec_time": 0.4829986095428467, "ts": 1747940941, "obj": 280.0, "x": [[[0, 0, 9], 1.0], [[0, 1, 18], 1.0], [[1, 0, 10], 1.0], [[1, 1, 13], 1.0], [[2, 0, 6], 1.0], [[2, 1, 14], 1.0], [[3, 0, 2], 1.0], [[3, 1, 7], 1.0], [[4, 0, 0], 1.0], [[4, 1, 1], 1.0], [[5, 0, 3], 1.0], [[5, 1, 4], 1.0], [[6, 0, 11], 1.0], [[6, 1, 16], 1.0], [[7, 0, 5], 1.0], [[7, 1, 8], 1.0], [[8, 0, 12], 1.0], [[8, 1, 15], 1.0], [[9, 0, 17], 1.0], [[9, 1, 19], 1.0]]}, "a1": {"exec_time": 0.0, "obj": 280, "s": [5, 5, 4, 6, 6, 8, 3, 4, 8, 1, 2, 7, 9, 2, 3, 9, 7, 10, 1, 10]}, "a2": {"exec_time": 0.0, "obj": 280, "s": [5, 5, 4, 6, 6, 8, 3, 4, 8, 1, 2, 7, 9, 2, 3, 9, 7, 10, 1, 10], "ts": 1747940941}}}