{"id": "500a5b98d4aea47a340a6c05a0e21285", "params": {"p": [2, 2, 2, 2, 2, 2, 2, 2, 2, 2], "w": [19, 13, 9, 15, 9, 20, 22, 30, 26, 30], "d1": [12, 20, 16, 18, 13, 5, 17, 3, 15, 14], "d2": [18, 20, 20, 18, 14, 17, 19, 3, 15, 20], "s1": [5, 19, 10, 9, 12, 3, 14, 3, 12, 10], "s2": [9, 19, 16, 12, 12, 3, 16, 3, 13, 11], "r": [4, 2, 9, 7, 10, 3, 6, 1, 5, 8]}, "results": {"wsrpt": {"exec_time": 0.0, "obj": 1371, "s": [8, 8, 6, 6, 9, 9, 7, 7, 10, 10, 1, 1, 4, 4, 2, 2, 3, 3, 5, 5], "ts": 1747940941}, "osp_blp": {"solver": "highs", "exec_time": 0.4809997081756592, "ts": 1747940942, "obj": 380, "x": [3, 5, 18, 19, 8, 15, 6, 17, 9, 10, 2, 4, 12, 16, 0, 1, 11, 14, 7, 13]}, "lp": {"solver": "highs", "exec_time": 0.4949955940246582, "ts": 1747940942, "obj": 380.0, "x": [[[0, 0, 3], 1.0], [[0, 1, 5], 1.0], [[1, 0, 18], 1.0], [[1, 1, 19], 1.0], [[2, 0, 8], 1.0], [[2, 1, 15], 1.0], [[3, 0, 6], 1.0], [[3, 1, 17], 1.0], [[4, 0, 9], 1.0], [[4, 1, 10], 1.0], [[5, 0, 2], 1.0], [[5, 1, 4], 1.0], [[6, 0, 12], 1.0], [[6, 1, 16], 1.0], [[7, 0, 0], 1.0], [[7, 1, 1], 1.0], [[8, 0, 11], 1.0], [[8, 1, 14], 1.0], [[9, 0, 7], 1.0], [[9, 1, 13], 1.0]]}, "a1": {"exec_time": 0.0, "obj": 380, "s": [8, 8, 6, 1, 6, 1, 4, 10, 3, 5, 5, 9, 7, 10, 9, 3, 7, 4, 2, 2]}, "a2": {"exec_time": 0.0, "obj": 380, "s": [8, 8, 6, 1, 6, 1, 4, 10, 3, 5, 5, 9, 7, 10, 9, 3, 7, 4, 2, 2], "ts": 1747940942}}}