{"id": "513689945eb5fe699d3f6588d11117ee", "params": {"p": [2, 2, 2, 2, 2, 2, 2, 2, 2, 2], "w": [1, 8, 8, 14, 20, 2, 2, 17, 28, 22], "d1": [11, 15, 14, 7, 15, 13, 20, 13, 20, 19], "d2": [16, 20, 19, 10, 15, 16, 20, 16, 20, 20], "s1": [6, 10, 12, 1, 11, 7, 7, 6, 13, 17], "s2": [10, 10, 14, 6, 13, 10, 8, 7, 14, 18], "r": [4, 2, 9, 1, 7, 5, 6, 3, 8, 10]}, "results": {"wsrpt": {"exec_time": 0.0, "obj": 1329, "s": [4, 4, 8, 8, 2, 2, 5, 5, 9, 9, 10, 10, 3, 3, 6, 6, 7, 7, 1, 1], "ts": 1747940942}, "lp": {"solver": "highs", "exec_time": 0.39600110054016113, "ts": 1747940942, "obj": 153.0, "x": [[[0, 0, 3], 1.0], [[0, 1, 4], 1.0], [[1, 0, 1], 1.0], [[1, 1, 15], 1.0], [[2, 0, 11], 1.0], [[2, 1, 16], 1.0], [[3, 0, 0], 1.0], [[3, 1, 6], 1.0], [[4, 0, 10], 1.0], [[4, 1, 14], 1.0], [[5, 0, 7], 1.0], [[5, 1, 8], 1.0], [[6, 0, 5], 1.0], [[6, 1, 9], 1.0], [[7, 0, 2], 1.0], [[7, 1, 12], 1.0], [[8, 0, 13], 1.0], [[8, 1, 19], 1.0], [[9, 0, 17], 1.0], [[9, 1, 18], 1.0]]}, "a1": {"exec_time": 0.0, "obj": 153, "s": [4, 2, 8, 1, 1, 7, 4, 6, 6, 7, 5, 3, 8, 9, 5, 2, 3, 10, 10, 9]}, "a2": {"exec_time": 0.0, "obj": 153, "s": [4, 2, 8, 1, 1, 7, 4, 6, 6, 7, 5, 3, 8, 9, 5, 2, 3, 10, 10, 9], "ts": 1747940942}, "osp_blp": {"solver": "highs", "exec_time": 0.514000654220581, "ts": 1747940942, "obj": 153, "x": [3, 4, 1, 15, 11, 16, 0, 7, 10, 14, 5, 9, 6, 8, 2, 13, 12, 19, 17, 18]}}}