{"id": "51def78c1f8591051531d62133af5fb2", "params": {"p": [2, 2, 2, 2, 2, 2, 2, 2, 2, 2], "w": [6, 15, 8, 3, 21, 27, 22, 16, 23, 23], "d1": [15, 16, 17, 13, 7, 11, 9, 18, 15, 6], "d2": [19, 17, 20, 13, 16, 11, 14, 20, 19, 20], "s1": [11, 12, 15, 11, 4, 5, 7, 15, 15, 2], "s2": [12, 12, 17, 13, 5, 8, 7, 16, 15, 2], "r": [10, 7, 8, 9, 3, 4, 6, 5, 1, 2]}, "results": {"wsrpt": {"exec_time": 0.015625, "obj": 1213, "s": [9, 9, 10, 10, 6, 6, 7, 7, 5, 5, 8, 8, 2, 2, 3, 3, 1, 1, 4, 4], "ts": 1747940942}, "lp": {"solver": "highs", "exec_time": 0.4290008544921875, "ts": 1747940943, "obj": 446.0, "x": [[[0, 0, 9], 1.0], [[0, 1, 13], 1.0], [[1, 0, 11], 1.0], [[1, 1, 15], 1.0], [[2, 0, 16], 1.0], [[2, 1, 17], 1.0], [[3, 0, 8], 1.0], [[3, 1, 12], 1.0], [[4, 0, 2], 1.0], [[4, 1, 3], 1.0], [[5, 0, 4], 1.0], [[5, 1, 10], 1.0], [[6, 0, 6], 1.0], [[6, 1, 7], 1.0], [[7, 0, 14], 1.0], [[7, 1, 19], 1.0], [[8, 0, 0], 1.0], [[8, 1, 18], 1.0], [[9, 0, 1], 1.0], [[9, 1, 5], 1.0]]}, "a1": {"exec_time": 0.0, "obj": 446, "s": [9, 10, 5, 5, 6, 10, 7, 7, 4, 1, 6, 2, 4, 1, 8, 2, 3, 3, 9, 8]}, "a2": {"exec_time": 0.0, "obj": 446, "s": [9, 10, 5, 5, 6, 10, 7, 7, 4, 1, 6, 2, 4, 1, 8, 2, 3, 3, 9, 8], "ts": 1747940943}, "osp_blp": {"solver": "highs", "exec_time": 0.4880025386810303, "ts": 1747940943, "obj": 446, "x": [9, 13, 11, 15, 16, 19, 8, 12, 2, 3, 4, 10, 6, 7, 14, 18, 0, 17, 1, 5]}}}