{"id": "5259816cd279589a61c205904dd7d31c", "params": {"p": [2, 2, 2, 2, 2, 2, 2, 2, 2, 2], "w": [24, 7, 12, 20, 12, 12, 4, 5, 20, 12], "d1": [15, 20, 12, 13, 18, 16, 19, 13, 11, 15], "d2": [16, 20, 14, 14, 18, 19, 19, 19, 19, 20], "s1": [8, 12, 11, 11, 15, 8, 8, 9, 8, 15], "s2": [12, 20, 12, 12, 15, 11, 15, 10, 10, 15], "r": [8, 3, 9, 7, 10, 4, 1, 5, 2, 6]}, "results": {"wsrpt": {"exec_time": 0.0, "obj": 1020, "s": [7, 9, 9, 6, 6, 10, 10, 1, 1, 4, 4, 3, 3, 5, 5, 7, 2, 2, 8, 8], "ts": 1747940943}, "lp": {"solver": "highs", "exec_time": 0.3979969024658203, "ts": 1747940943, "obj": 338.0, "x": [[[0, 0, 7], 1.0], [[0, 1, 15], 1.0], [[1, 0, 2], 1.0], [[1, 1, 19], 1.0], [[2, 0, 8], 1.0], [[2, 1, 11], 1.0], [[3, 0, 10], 1.0], [[3, 1, 12], 1.0], [[4, 0, 14], 1.0], [[4, 1, 17], 1.0], [[5, 0, 3], 1.0], [[5, 1, 16], 1.0], [[6, 0, 0], 1.0], [[6, 1, 1], 1.0], [[7, 0, 4], 1.0], [[7, 1, 5], 1.0], [[8, 0, 6], 1.0], [[8, 1, 9], 1.0], [[9, 0, 13], 1.0], [[9, 1, 18], 1.0]]}, "a1": {"exec_time": 0.0, "obj": 338, "s": [7, 7, 2, 6, 8, 8, 9, 1, 3, 9, 4, 3, 4, 10, 5, 1, 6, 5, 10, 2]}, "a2": {"exec_time": 0.0, "obj": 338, "s": [7, 7, 2, 6, 8, 8, 9, 1, 3, 9, 4, 3, 4, 10, 5, 1, 6, 5, 10, 2], "ts": 1747940943}, "osp_blp": {"solver": "highs", "exec_time": 0.4849977493286133, "ts": 1747940943, "obj": 338, "x": [7, 15, 2, 19, 8, 11, 9, 12, 14, 17, 3, 16, 0, 1, 4, 5, 6, 10, 13, 18]}}}