{"id": "52c7f11c8818fcc09c78d853362381fa", "params": {"p": [2, 2, 2, 2, 2, 2, 2, 2, 2, 2], "w": [18, 24, 14, 18, 11, 6, 6, 30, 25, 13], "d1": [9, 14, 13, 17, 13, 9, 9, 11, 19, 12], "d2": [15, 15, 20, 18, 18, 16, 10, 16, 19, 13], "s1": [2, 10, 7, 16, 10, 8, 3, 11, 7, 8], "s2": [2, 12, 13, 16, 12, 8, 3, 11, 16, 11], "r": [2, 5, 4, 10, 8, 3, 1, 9, 6, 7]}, "results": {"wsrpt": {"exec_time": 0.0, "obj": 1187, "s": [7, 1, 1, 3, 3, 9, 9, 2, 2, 8, 8, 4, 4, 10, 10, 7, 5, 5, 6, 6], "ts": 1747940943}, "lp": {"solver": "highs", "exec_time": 0.41199803352355957, "ts": 1747940944, "obj": 110.0, "x": [[[0, 0, 1], 1.0], [[0, 1, 8], 1.0], [[1, 0, 9], 1.0], [[1, 1, 13], 1.0], [[2, 0, 5], 1.0], [[2, 1, 19], 1.0], [[3, 0, 15], 1.0], [[3, 1, 16], 1.0], [[4, 0, 11], 1.0], [[4, 1, 17], 1.0], [[5, 0, 3], 1.0], [[5, 1, 4], 1.0], [[6, 0, 0], 1.0], [[6, 1, 2], 1.0], [[7, 0, 10], 1.0], [[7, 1, 14], 1.0], [[8, 0, 6], 1.0], [[8, 1, 18], 1.0], [[9, 0, 7], 1.0], [[9, 1, 12], 1.0]]}, "a1": {"exec_time": 0.0, "obj": 110, "s": [7, 1, 7, 6, 6, 3, 9, 10, 1, 2, 8, 5, 10, 2, 8, 4, 4, 5, 9, 3]}, "a2": {"exec_time": 0.0, "obj": 110, "s": [7, 1, 7, 6, 6, 3, 9, 10, 1, 2, 8, 5, 10, 2, 8, 4, 4, 5, 9, 3], "ts": 1747940944}, "osp_blp": {"solver": "highs", "exec_time": 0.45799827575683594, "ts": 1747940944, "obj": 110, "x": [1, 8, 11, 13, 5, 19, 15, 17, 9, 16, 2, 3, 0, 4, 10, 14, 6, 18, 7, 12]}}}