{"id": "52ff82031047a14f1960bc2039d2f8fc", "params": {"p": [2, 2, 2, 2, 2, 2, 2, 2, 2, 2], "w": [18, 28, 7, 10, 17, 11, 3, 10, 27, 15], "d1": [20, 12, 13, 17, 18, 19, 13, 12, 17, 17], "d2": [20, 19, 18, 19, 19, 20, 14, 16, 19, 20], "s1": [7, 8, 5, 17, 17, 7, 11, 12, 17, 13], "s2": [12, 11, 8, 17, 18, 14, 11, 12, 17, 15], "r": [4, 8, 5, 2, 10, 3, 7, 6, 9, 1]}, "results": {"wsrpt": {"exec_time": 0.0, "obj": 1758, "s": [10, 10, 6, 6, 1, 1, 4, 2, 2, 9, 9, 4, 5, 5, 8, 8, 3, 3, 7, 7], "ts": 1747940944}, "lp": {"solver": "highs", "exec_time": 0.432999849319458, "ts": 1747940944, "obj": 673.0, "x": [[[0, 0, 3], 1.0], [[0, 1, 19], 1.0], [[1, 0, 7], 1.0], [[1, 1, 11], 1.0], [[2, 0, 4], 1.0], [[2, 1, 5], 1.0], [[3, 0, 1], 1.0], [[3, 1, 12], 1.0], [[4, 0, 15], 1.0], [[4, 1, 17], 1.0], [[5, 0, 2], 1.0], [[5, 1, 13], 1.0], [[6, 0, 6], 1.0], [[6, 1, 8], 1.0], [[7, 0, 9], 0.5000004999999992], [[7, 0, 10], 0.4999995000000008], [[7, 1, 9], 0.4999995000000009], [[7, 1, 10], 0.5000004999999992], [[8, 0, 16], 1.0], [[8, 1, 18], 1.0], [[9, 0, 0], 1.0], [[9, 1, 14], 1.0]]}, "a1": {"exec_time": 0.0, "obj": 673, "s": [10, 4, 6, 1, 3, 3, 7, 2, 7, 8, 8, 2, 4, 6, 10, 5, 9, 5, 9, 1]}, "a2": {"exec_time": 0.0, "obj": 673, "s": [10, 4, 6, 1, 3, 3, 7, 2, 7, 8, 8, 2, 4, 6, 10, 5, 9, 5, 9, 1], "ts": 1747940944}, "osp_blp": {"solver": "highs", "exec_time": 0.4750039577484131, "ts": 1747940944, "obj": 673, "x": [3, 19, 7, 11, 4, 5, 1, 12, 15, 18, 2, 13, 6, 8, 9, 10, 16, 17, 0, 14]}}}