{"id": "533320da6382a435741ca66a7a7f0c97", "params": {"p": [2, 2, 2, 2, 2, 2, 2, 2, 2, 2], "w": [28, 21, 10, 28, 20, 25, 10, 24, 25, 7], "d1": [18, 20, 18, 11, 9, 15, 13, 20, 11, 8], "d2": [20, 20, 19, 15, 10, 18, 19, 20, 18, 12], "s1": [15, 18, 11, 9, 1, 15, 9, 8, 8, 5], "s2": [16, 19, 16, 9, 4, 15, 11, 11, 8, 8], "r": [6, 4, 10, 9, 1, 2, 8, 7, 3, 5]}, "results": {"wsrpt": {"exec_time": 0.0, "obj": 2083, "s": [5, 5, 6, 6, 9, 9, 1, 1, 4, 4, 8, 8, 2, 2, 3, 3, 7, 7, 10, 10], "ts": 1747940944}, "lp": {"solver": "highs", "exec_time": 0.42999720573425293, "ts": 1747940945, "obj": 625.0, "x": [[[0, 0, 14], 1.0], [[0, 1, 17], 1.0], [[1, 0, 16], 1.0], [[1, 1, 18], 1.0], [[2, 0, 9], 1.0], [[2, 1, 12], 1.0], [[3, 0, 8], 1.0], [[3, 1, 10], 1.0], [[4, 0, 0], 1.0], [[4, 1, 1], 1.0], [[5, 0, 13], 1.0], [[5, 1, 15], 1.0], [[6, 0, 7], 1.0], [[6, 1, 11], 1.0], [[7, 0, 6], 1.0], [[7, 1, 19], 1.0], [[8, 0, 2], 1.0], [[8, 1, 3], 1.0], [[9, 0, 4], 1.0], [[9, 1, 5], 1.0]]}, "a1": {"exec_time": 0.0, "obj": 625, "s": [5, 5, 9, 9, 10, 10, 8, 7, 4, 3, 4, 7, 3, 6, 1, 6, 2, 1, 2, 8]}, "a2": {"exec_time": 0.0, "obj": 625, "s": [5, 5, 9, 9, 10, 10, 8, 7, 4, 3, 4, 7, 3, 6, 1, 6, 2, 1, 2, 8], "ts": 1747940945}, "osp_blp": {"solver": "highs", "exec_time": 0.4819929599761963, "ts": 1747940945, "obj": 625, "x": [15, 17, 16, 18, 9, 12, 8, 10, 0, 1, 13, 14, 7, 11, 6, 19, 2, 3, 4, 5]}}}