{"id": "5351b8dea86c6efad1710ccc4a60ac82", "params": {"p": [2, 2, 2, 2, 2, 2, 2, 2, 2, 2], "w": [19, 13, 3, 21, 25, 25, 11, 30, 10, 21], "d1": [18, 13, 17, 11, 6, 16, 17, 7, 11, 20], "d2": [19, 14, 17, 20, 18, 19, 19, 10, 19, 20], "s1": [16, 9, 15, 7, 4, 13, 10, 5, 8, 8], "s2": [16, 12, 17, 9, 4, 14, 12, 7, 11, 17], "r": [9, 8, 1, 6, 4, 10, 3, 2, 5, 7]}, "results": {"wsrpt": {"exec_time": 0.0, "obj": 1146, "s": [3, 8, 8, 5, 5, 4, 4, 10, 10, 6, 6, 1, 1, 2, 2, 7, 7, 9, 9, 3], "ts": 1747940945}, "lp": {"solver": "highs", "exec_time": 0.4019801616668701, "ts": 1747940945, "obj": 164.0, "x": [[[0, 0, 15], 1.0], [[0, 1, 18], 1.0], [[1, 0, 9], 1.0], [[1, 1, 13], 1.0], [[2, 0, 0], 1.0], [[2, 1, 1], 1.0], [[3, 0, 8], 1.0], [[3, 1, 11], 1.0], [[4, 0, 3], 1.0], [[4, 1, 5], 1.0], [[5, 0, 12], 1.0], [[5, 1, 16], 1.0], [[6, 0, 2], 1.0], [[6, 1, 17], 1.0], [[7, 0, 4], 1.0], [[7, 1, 6], 1.0], [[8, 0, 7], 1.0], [[8, 1, 14], 1.0], [[9, 0, 10], 1.0], [[9, 1, 19], 1.0]]}, "a1": {"exec_time": 0.0, "obj": 164, "s": [3, 3, 7, 5, 8, 5, 8, 9, 4, 2, 10, 4, 6, 2, 9, 1, 6, 7, 1, 10]}, "a2": {"exec_time": 0.0, "obj": 164, "s": [3, 3, 7, 5, 8, 5, 8, 9, 4, 2, 10, 4, 6, 2, 9, 1, 6, 7, 1, 10], "ts": 1747940945}, "osp_blp": {"solver": "highs", "exec_time": 0.4549992084503174, "ts": 1747940945, "obj": 164, "x": [15, 17, 8, 12, 0, 1, 7, 11, 3, 5, 13, 18, 2, 16, 4, 6, 10, 14, 9, 19]}}}