{"id": "536375e2e94e9e175232874f3848b50f", "params": {"p": [2, 2, 2, 2, 2, 2, 2, 2, 2, 2], "w": [5, 13, 17, 24, 9, 4, 7, 6, 24, 23], "d1": [19, 15, 15, 18, 18, 20, 17, 6, 6, 15], "d2": [20, 15, 19, 18, 19, 20, 18, 10, 17, 16], "s1": [12, 14, 3, 8, 13, 16, 17, 6, 2, 9], "s2": [15, 14, 5, 11, 18, 19, 17, 6, 5, 9], "r": [1, 10, 3, 6, 7, 9, 5, 4, 2, 8]}, "results": {"wsrpt": {"exec_time": 0.0, "obj": 1080, "s": [1, 9, 9, 3, 3, 4, 4, 10, 10, 2, 2, 1, 5, 5, 7, 7, 8, 8, 6, 6], "ts": 1747940945}, "lp": {"solver": "highs", "exec_time": 0.41700196266174316, "ts": 1747940946, "obj": 234.0, "x": [[[0, 0, 0], 1.0], [[0, 1, 6], 1.0], [[1, 0, 12], 1.0], [[1, 1, 13], 1.0], [[2, 0, 2], 1.0], [[2, 1, 15], 1.0], [[3, 0, 7], 1.0], [[3, 1, 17], 1.0], [[4, 0, 11], 1.0], [[4, 1, 18], 1.0], [[5, 0, 9], 1.0], [[5, 1, 19], 1.0], [[6, 0, 10], 1.0], [[6, 1, 16], 1.0], [[7, 0, 3], 1.0], [[7, 1, 4], 1.0], [[8, 0, 1], 1.0], [[8, 1, 5], 1.0], [[9, 0, 8], 1.0], [[9, 1, 14], 1.0]]}, "a1": {"exec_time": 0.0, "obj": 234, "s": [1, 9, 3, 8, 8, 9, 1, 4, 10, 6, 7, 5, 2, 2, 10, 3, 7, 4, 5, 6]}, "a2": {"exec_time": 0.0, "obj": 234, "s": [1, 9, 3, 8, 8, 9, 1, 4, 10, 6, 7, 5, 2, 2, 10, 3, 7, 4, 5, 6], "ts": 1747940946}, "osp_blp": {"solver": "highs", "exec_time": 0.46599793434143066, "ts": 1747940946, "obj": 234, "x": [0, 6, 12, 13, 2, 14, 7, 17, 11, 18, 9, 19, 10, 16, 3, 4, 1, 5, 8, 15]}}}