{"id": "541a79cc299eead95a23f6cbb305d10f", "params": {"p": [2, 2, 2, 2, 2, 2, 2, 2, 2, 2], "w": [22, 4, 10, 1, 3, 20, 5, 22, 9, 5], "d1": [20, 20, 12, 11, 13, 5, 16, 6, 16, 12], "d2": [20, 20, 12, 13, 20, 15, 17, 19, 20, 12], "s1": [12, 16, 12, 10, 10, 3, 6, 3, 11, 9], "s2": [13, 16, 12, 11, 11, 4, 9, 4, 15, 10], "r": [10, 7, 5, 6, 2, 1, 4, 3, 9, 8]}, "results": {"wsrpt": {"exec_time": 0.0, "obj": 688, "s": [6, 6, 8, 8, 3, 3, 7, 7, 9, 1, 1, 9, 10, 10, 2, 2, 5, 5, 4, 4], "ts": 1747940946}, "lp": {"solver": "highs", "exec_time": 0.39999842643737793, "ts": 1747940946, "obj": 104.0, "x": [[[0, 0, 12], 1.0], [[0, 1, 19], 1.0], [[1, 0, 15], 1.0], [[1, 1, 18], 1.0], [[2, 0, 10], 0.5000004999999996], [[2, 0, 11], 0.4999995000000003], [[2, 1, 10], 0.4999995000000003], [[2, 1, 11], 0.5000004999999997], [[3, 0, 6], 1.0], [[3, 1, 7], 1.0], [[4, 0, 1], 1.0], [[4, 1, 13], 1.0], [[5, 0, 0], 1.0], [[5, 1, 4], 1.0], [[6, 0, 3], 1.0], [[6, 1, 16], 1.0], [[7, 0, 2], 1.0], [[7, 1, 5], 1.0], [[8, 0, 14], 1.0], [[8, 1, 17], 1.0], [[9, 0, 8], 1.0], [[9, 1, 9], 1.0]]}, "a1": {"exec_time": 0.0, "obj": 104, "s": [6, 5, 8, 7, 6, 8, 4, 4, 10, 10, 3, 3, 1, 5, 9, 2, 7, 9, 2, 1]}, "a2": {"exec_time": 0.0, "obj": 104, "s": [6, 5, 8, 7, 6, 8, 4, 4, 10, 10, 3, 3, 1, 5, 9, 2, 7, 9, 2, 1], "ts": 1747940946}, "osp_blp": {"solver": "highs", "exec_time": 0.48199987411499023, "ts": 1747940946, "obj": 104, "x": [12, 19, 15, 18, 10, 11, 6, 7, 1, 14, 0, 4, 3, 16, 2, 5, 13, 17, 8, 9]}}}