{"id": "542dbdb4d7bda7405d3170487cfa1623", "params": {"p": [2, 2, 2, 2, 2, 2, 2, 2, 2, 2], "w": [2, 22, 26, 15, 27, 4, 8, 22, 12, 5], "d1": [12, 12, 10, 10, 16, 6, 13, 11, 10, 6], "d2": [20, 17, 11, 16, 18, 12, 14, 16, 15, 17], "s1": [9, 9, 10, 10, 10, 2, 8, 9, 5, 6], "s2": [9, 12, 10, 10, 15, 5, 11, 10, 8, 6], "r": [2, 7, 8, 6, 10, 1, 5, 9, 3, 4]}, "results": {"wsrpt": {"exec_time": 0.0, "obj": 683, "s": [6, 6, 9, 9, 7, 7, 2, 2, 3, 3, 5, 5, 8, 8, 4, 4, 10, 10, 1, 1], "ts": 1747940946}, "lp": {"solver": "highs", "exec_time": 0.3990023136138916, "ts": 1747940946, "obj": 118.0, "x": [[[0, 0, 1], 1.0], [[0, 1, 19], 1.0], [[1, 0, 11], 1.0], [[1, 1, 16], 1.0], [[2, 0, 9], 1.0], [[2, 1, 10], 1.0], [[3, 0, 7], 1.0], [[3, 1, 15], 1.0], [[4, 0, 12], 1.0], [[4, 1, 17], 1.0], [[5, 0, 0], 1.0], [[5, 1, 2], 1.0], [[6, 0, 6], 1.0], [[6, 1, 18], 1.0], [[7, 0, 8], 1.0], [[7, 1, 14], 1.0], [[8, 0, 4], 1.0], [[8, 1, 13], 1.0], [[9, 0, 3], 1.0], [[9, 1, 5], 1.0]]}, "a1": {"exec_time": 0.0, "obj": 118, "s": [6, 1, 6, 10, 9, 10, 7, 4, 8, 3, 3, 2, 5, 9, 8, 4, 2, 5, 7, 1]}, "a2": {"exec_time": 0.0, "obj": 118, "s": [6, 1, 6, 10, 9, 10, 7, 4, 8, 3, 3, 2, 5, 9, 8, 4, 2, 5, 7, 1], "ts": 1747940946}, "osp_blp": {"solver": "highs", "exec_time": 0.4979989528656006, "ts": 1747940947, "obj": 118, "x": [1, 19, 11, 16, 9, 10, 7, 13, 14, 17, 0, 2, 6, 18, 8, 15, 4, 12, 3, 5]}}}