{"id": "543abec279c048d855528d827f7569d8", "params": {"p": [2, 2, 2, 2, 2, 2, 2, 2, 2, 2], "w": [7, 16, 16, 16, 14, 13, 6, 24, 16, 21], "d1": [9, 17, 19, 15, 15, 17, 18, 12, 18, 14], "d2": [18, 19, 20, 16, 19, 17, 18, 19, 18, 17], "s1": [6, 7, 18, 15, 8, 13, 12, 7, 17, 11], "s2": [8, 14, 18, 15, 8, 17, 18, 11, 17, 12], "r": [5, 7, 1, 9, 2, 8, 10, 4, 3, 6]}, "results": {"wsrpt": {"exec_time": 0.0, "obj": 1796, "s": [3, 3, 9, 9, 8, 8, 10, 10, 2, 2, 4, 4, 5, 5, 6, 6, 1, 1, 7, 7], "ts": 1747940947}, "lp": {"solver": "highs", "exec_time": 0.427001953125, "ts": 1747940947, "obj": 830.0, "x": [[[0, 0, 4], 1.0], [[0, 1, 5], 1.0], [[1, 0, 6], 1.0], [[1, 1, 18], 1.0], [[2, 0, 0], 1.0], [[2, 1, 19], 1.0], [[3, 0, 12], 0.5000002499999996], [[3, 0, 14], 0.4999997500000005], [[3, 1, 12], 0.4999997500000004], [[3, 1, 14], 0.5000002499999996], [[4, 0, 1], 1.0], [[4, 1, 2], 1.0], [[5, 0, 7], 1.0], [[5, 1, 15], 1.0], [[6, 0, 9], 1.0], [[6, 1, 10], 1.0], [[7, 0, 3], 1.0], [[7, 1, 11], 1.0], [[8, 0, 16], 1.0], [[8, 1, 17], 1.0], [[9, 0, 8], 1.0], [[9, 1, 13], 1.0]]}, "a1": {"exec_time": 0.0, "obj": 830, "s": [3, 5, 5, 8, 1, 1, 2, 6, 10, 7, 7, 8, 4, 10, 4, 6, 9, 9, 2, 3]}, "a2": {"exec_time": 0.0, "obj": 830, "s": [3, 5, 5, 8, 1, 1, 2, 6, 10, 7, 7, 8, 4, 10, 4, 6, 9, 9, 2, 3], "ts": 1747940947}, "osp_blp": {"solver": "highs", "exec_time": 0.48200011253356934, "ts": 1747940947, "obj": 830, "x": [4, 5, 6, 18, 0, 19, 12, 14, 1, 2, 7, 15, 9, 10, 3, 11, 16, 17, 8, 13]}}}