{"id": "54bca230ece83da00bbb4ca4a29463e2", "params": {"p": [2, 2, 2, 2, 2, 2, 2, 2, 2, 2], "w": [17, 7, 30, 10, 15, 16, 1, 23, 14, 7], "d1": [15, 12, 12, 13, 12, 16, 14, 17, 10, 20], "d2": [19, 20, 20, 17, 13, 18, 19, 20, 18, 20], "s1": [15, 11, 6, 8, 5, 7, 14, 13, 8, 20], "s2": [15, 11, 8, 8, 11, 7, 14, 16, 10, 20], "r": [5, 9, 2, 7, 4, 1, 6, 10, 8, 3]}, "results": {"wsrpt": {"exec_time": 0.0, "obj": 1313, "s": [6, 6, 3, 3, 1, 1, 5, 5, 9, 9, 8, 8, 4, 4, 2, 2, 10, 10, 7, 7], "ts": 1747940947}, "lp": {"solver": "highs", "exec_time": 0.4309506416320801, "ts": 1747940947, "obj": 462.0, "x": [[[0, 0, 14], 1.0], [[0, 1, 18], 1.0], [[1, 0, 10], 1.0], [[1, 1, 17], 1.0], [[2, 0, 1], 1.0], [[2, 1, 12], 1.0], [[3, 0, 7], 1.0], [[3, 1, 13], 1.0], [[4, 0, 4], 1.0], [[4, 1, 11], 1.0], [[5, 0, 0], 1.0], [[5, 1, 16], 1.0], [[6, 0, 5], 1.0], [[6, 1, 6], 1.0], [[7, 0, 15], 1.0], [[7, 1, 19], 1.0], [[8, 0, 8], 1.0], [[8, 1, 9], 1.0], [[9, 0, 2], 1.0], [[9, 1, 3], 1.0]]}, "a1": {"exec_time": 0.0, "obj": 462, "s": [6, 3, 10, 10, 5, 7, 7, 4, 9, 9, 2, 5, 3, 4, 1, 8, 6, 2, 1, 8]}, "a2": {"exec_time": 0.0, "obj": 462, "s": [6, 3, 10, 10, 5, 7, 7, 4, 9, 9, 2, 5, 3, 4, 1, 8, 6, 2, 1, 8], "ts": 1747940947}, "osp_blp": {"solver": "highs", "exec_time": 0.4669950008392334, "ts": 1747940948, "obj": 462, "x": [14, 17, 10, 18, 1, 19, 7, 13, 4, 11, 0, 15, 5, 6, 12, 16, 8, 9, 2, 3]}}}