{"id": "55997d0630efe69676e4598c3e5cc6a1", "params": {"p": [2, 2, 2, 2, 2, 2, 2, 2, 2, 2], "w": [9, 14, 28, 9, 10, 17, 28, 14, 19, 12], "d1": [19, 20, 17, 12, 20, 18, 15, 15, 16, 18], "d2": [20, 20, 20, 20, 20, 20, 15, 18, 18, 20], "s1": [10, 12, 6, 10, 6, 12, 6, 6, 9, 11], "s2": [11, 16, 9, 10, 17, 18, 8, 13, 9, 18], "r": [6, 7, 2, 10, 4, 8, 5, 3, 9, 1]}, "results": {"wsrpt": {"exec_time": 0.0, "obj": 1741, "s": [10, 3, 3, 10, 7, 7, 2, 2, 9, 9, 6, 6, 8, 8, 5, 5, 1, 1, 4, 4], "ts": 1747940948}, "lp": {"solver": "highs", "exec_time": 0.4329996109008789, "ts": 1747940948, "obj": 561.0, "x": [[[0, 0, 6], 1.0], [[0, 1, 7], 1.0], [[1, 0, 11], 1.0], [[1, 1, 19], 1.0], [[2, 0, 4], 1.0], [[2, 1, 16], 1.0], [[3, 0, 9], 1.0], [[3, 1, 10], 1.0], [[4, 0, 3], 1.0], [[4, 1, 18], 1.0], [[5, 0, 12], 1.0], [[5, 1, 17], 1.0], [[6, 0, 5], 1.0], [[6, 1, 14], 1.0], [[7, 0, 2], 1.0], [[7, 1, 13], 1.0], [[8, 0, 8], 1.0], [[8, 1, 15], 1.0], [[9, 0, 0], 1.0], [[9, 1, 1], 1.0]]}, "a1": {"exec_time": 0.0, "obj": 561, "s": [10, 10, 8, 5, 3, 7, 1, 1, 9, 4, 4, 2, 6, 8, 7, 9, 3, 6, 5, 2]}, "a2": {"exec_time": 0.0, "obj": 561, "s": [10, 10, 8, 5, 3, 7, 1, 1, 9, 4, 4, 2, 6, 8, 7, 9, 3, 6, 5, 2], "ts": 1747940948}, "osp_blp": {"solver": "highs", "exec_time": 0.4570016860961914, "ts": 1747940948, "obj": 561, "x": [6, 7, 12, 19, 4, 16, 9, 10, 3, 18, 11, 17, 5, 14, 2, 13, 8, 15, 0, 1]}}}