{"id": "55d93ea036a48f18d6f67c443a41e283", "params": {"p": [2, 2, 2, 2, 2, 2, 2, 2, 2, 2], "w": [11, 13, 20, 6, 2, 15, 16, 14, 9, 22], "d1": [20, 15, 16, 7, 15, 19, 15, 9, 17, 10], "d2": [20, 15, 18, 17, 18, 20, 20, 17, 19, 20], "s1": [14, 10, 10, 2, 15, 9, 9, 3, 14, 9], "s2": [15, 12, 14, 2, 15, 17, 12, 4, 14, 10], "r": [5, 4, 1, 2, 10, 6, 9, 3, 8, 7]}, "results": {"wsrpt": {"exec_time": 0.0, "obj": 1188, "s": [3, 3, 8, 8, 2, 2, 10, 10, 7, 7, 6, 6, 1, 1, 9, 9, 4, 4, 5, 5], "ts": 1747940948}, "lp": {"solver": "highs", "exec_time": 0.42000269889831543, "ts": 1747940948, "obj": 380.0, "x": [[[0, 0, 13], 1.0], [[0, 1, 19], 1.0], [[1, 0, 4], 1.0], [[1, 1, 14], 1.0], [[2, 0, 0], 1.0], [[2, 1, 15], 1.0], [[3, 0, 1], 1.0], [[3, 1, 3], 1.0], [[4, 0, 10], 1.0], [[4, 1, 11], 1.0], [[5, 0, 6], 1.0], [[5, 1, 18], 1.0], [[6, 0, 8], 1.0], [[6, 1, 16], 1.0], [[7, 0, 2], 1.0], [[7, 1, 5], 1.0], [[8, 0, 12], 1.0], [[8, 1, 17], 1.0], [[9, 0, 7], 1.0], [[9, 1, 9], 1.0]]}, "a1": {"exec_time": 0.0, "obj": 380, "s": [3, 4, 8, 4, 2, 8, 6, 10, 7, 10, 5, 5, 9, 1, 2, 3, 7, 9, 6, 1]}, "a2": {"exec_time": 0.0, "obj": 380, "s": [3, 4, 8, 4, 2, 8, 6, 10, 7, 10, 5, 5, 9, 1, 2, 3, 7, 9, 6, 1], "ts": 1747940948}, "osp_blp": {"solver": "highs", "exec_time": 0.4790019989013672, "ts": 1747940948, "obj": 380, "x": [13, 19, 4, 14, 0, 16, 1, 3, 10, 11, 6, 18, 8, 15, 2, 5, 12, 17, 7, 9]}}}