{"id": "5608c4fe81184b82bb13b56a1d89c056", "params": {"p": [2, 2, 2, 2, 2, 2, 2, 2, 2, 2], "w": [27, 8, 14, 17, 11, 29, 7, 10, 7, 6], "d1": [12, 20, 19, 18, 15, 3, 10, 18, 7, 18], "d2": [18, 20, 19, 18, 16, 5, 13, 20, 19, 18], "s1": [8, 17, 10, 18, 14, 2, 8, 17, 7, 13], "s2": [10, 19, 13, 18, 14, 2, 9, 17, 7, 17], "r": [3, 5, 8, 6, 4, 1, 7, 10, 2, 9]}, "results": {"wsrpt": {"exec_time": 0.0, "obj": 1461, "s": [6, 6, 1, 1, 5, 5, 4, 4, 3, 3, 8, 8, 2, 2, 7, 7, 9, 9, 10, 10], "ts": 1747940948}, "lp": {"solver": "highs", "exec_time": 0.44600367546081543, "ts": 1747940949, "obj": 376.0, "x": [[[0, 0, 7], 1.0], [[0, 1, 11], 1.0], [[1, 0, 4], 1.0], [[1, 1, 5], 1.0], [[2, 0, 9], 1.0], [[2, 1, 18], 1.0], [[3, 0, 16], 0.5000005000000007], [[3, 0, 17], 0.4999994999999993], [[3, 1, 16], 0.4999994999999992], [[3, 1, 17], 0.5000005000000008], [[4, 0, 13], 1.0], [[4, 1, 14], 1.0], [[5, 0, 0], 1.0], [[5, 1, 2], 1.0], [[6, 0, 6], 1.0], [[6, 1, 8], 1.0], [[7, 0, 15], 1.0], [[7, 1, 19], 1.0], [[8, 0, 1], 1.0], [[8, 1, 3], 1.0], [[9, 0, 10], 1.0], [[9, 1, 12], 1.0]]}, "a1": {"exec_time": 0.0, "obj": 376, "s": [6, 9, 6, 9, 2, 2, 7, 1, 7, 3, 10, 1, 10, 5, 5, 8, 4, 4, 3, 8]}, "a2": {"exec_time": 0.0, "obj": 376, "s": [6, 9, 6, 9, 2, 2, 7, 1, 7, 3, 10, 1, 10, 5, 5, 8, 4, 4, 3, 8], "ts": 1747940949}, "osp_blp": {"solver": "highs", "exec_time": 0.47100043296813965, "ts": 1747940949, "obj": 376, "x": [7, 11, 4, 5, 9, 18, 16, 17, 13, 14, 0, 2, 6, 8, 15, 19, 1, 3, 10, 12]}}}