{"id": "573967482dd4c7132eba0e69be1ca852", "params": {"p": [2, 2, 2, 2, 2, 2, 2, 2, 2, 2], "w": [26, 9, 21, 23, 17, 7, 15, 27, 21, 22], "d1": [17, 15, 10, 15, 17, 11, 14, 18, 17, 6], "d2": [18, 16, 16, 19, 18, 13, 15, 20, 18, 6], "s1": [11, 3, 9, 13, 15, 9, 14, 10, 12, 5], "s2": [17, 7, 9, 15, 15, 10, 14, 16, 13, 5], "r": [4, 3, 5, 6, 1, 8, 7, 9, 10, 2]}, "results": {"wsrpt": {"exec_time": 0.0, "obj": 1920, "s": [5, 5, 10, 10, 1, 1, 4, 4, 8, 8, 3, 3, 9, 9, 7, 7, 2, 2, 6, 6], "ts": 1747940949}, "lp": {"solver": "highs", "exec_time": 0.4129977226257324, "ts": 1747940949, "obj": 588.0, "x": [[[0, 0, 10], 1.0], [[0, 1, 16], 1.0], [[1, 0, 2], 1.0], [[1, 1, 3], 1.0], [[2, 0, 4], 1.0], [[2, 1, 6], 1.0], [[3, 0, 12], 1.0], [[3, 1, 18], 1.0], [[4, 0, 0], 1.0], [[4, 1, 15], 1.0], [[5, 0, 7], 1.0], [[5, 1, 8], 1.0], [[6, 0, 13], 1.0], [[6, 1, 14], 1.0], [[7, 0, 9], 1.0], [[7, 1, 19], 1.0], [[8, 0, 11], 1.0], [[8, 1, 17], 1.0], [[9, 0, 1], 1.0], [[9, 1, 5], 1.0]]}, "a1": {"exec_time": 0.0, "obj": 588, "s": [5, 10, 2, 2, 3, 10, 3, 6, 6, 8, 1, 9, 4, 7, 7, 5, 1, 9, 4, 8]}, "a2": {"exec_time": 0.0, "obj": 588, "s": [5, 10, 2, 2, 3, 10, 3, 6, 6, 8, 1, 9, 4, 7, 7, 5, 1, 9, 4, 8], "ts": 1747940949}, "osp_blp": {"solver": "highs", "exec_time": 0.4949972629547119, "ts": 1747940949, "obj": 588, "x": [10, 16, 2, 3, 4, 6, 12, 18, 0, 15, 7, 8, 13, 14, 9, 19, 11, 17, 1, 5]}}}