{"id": "57c9c8cafa6aa0e725887a837e4bebfb", "params": {"p": [2, 2, 2, 2, 2, 2, 2, 2, 2, 2], "w": [26, 23, 8, 7, 24, 10, 13, 28, 19, 12], "d1": [16, 10, 11, 9, 20, 16, 12, 8, 18, 10], "d2": [16, 14, 17, 15, 20, 20, 17, 16, 18, 15], "s1": [11, 9, 11, 8, 10, 7, 9, 4, 11, 9], "s2": [13, 9, 11, 8, 15, 8, 9, 8, 18, 9], "r": [1, 6, 9, 3, 10, 7, 8, 4, 5, 2]}, "results": {"wsrpt": {"exec_time": 0.0, "obj": 1592, "s": [1, 1, 10, 8, 8, 10, 2, 2, 9, 9, 5, 5, 7, 7, 6, 6, 3, 3, 4, 4], "ts": 1747940949}, "lp": {"solver": "highs", "exec_time": 0.4400019645690918, "ts": 1747940950, "obj": 468.0, "x": [[[0, 0, 0], 1.0], [[0, 1, 15], 1.0], [[1, 0, 8], 1.0], [[1, 1, 13], 1.0], [[2, 0, 10], 1.0], [[2, 1, 16], 1.0], [[3, 0, 2], 1.0], [[3, 1, 4], 1.0], [[4, 0, 12], 1.0], [[4, 1, 19], 1.0], [[5, 0, 6], 1.0], [[5, 1, 18], 1.0], [[6, 0, 7], 1.0], [[6, 1, 11], 1.0], [[7, 0, 3], 1.0], [[7, 1, 9], 1.0], [[8, 0, 14], 1.0], [[8, 1, 17], 1.0], [[9, 0, 1], 1.0], [[9, 1, 5], 1.0]]}, "a1": {"exec_time": 0.0, "obj": 468, "s": [1, 10, 4, 8, 4, 10, 6, 7, 2, 8, 3, 7, 5, 2, 9, 1, 3, 9, 6, 5]}, "a2": {"exec_time": 0.0, "obj": 468, "s": [1, 10, 4, 8, 4, 10, 6, 7, 2, 8, 3, 7, 5, 2, 9, 1, 3, 9, 6, 5], "ts": 1747940950}, "osp_blp": {"solver": "highs", "exec_time": 0.5289974212646484, "ts": 1747940950, "obj": 468, "x": [0, 15, 8, 13, 10, 16, 2, 4, 9, 19, 6, 18, 7, 11, 3, 14, 12, 17, 1, 5]}}}