{"id": "5879e3a7ee6797914ac0f6142b181053", "params": {"p": [2, 2, 2, 2, 2, 2, 2, 2, 2, 2], "w": [16, 9, 16, 21, 15, 19, 22, 11, 25, 12], "d1": [16, 19, 5, 6, 15, 14, 18, 18, 20, 14], "d2": [16, 19, 18, 6, 17, 16, 19, 20, 20, 17], "s1": [11, 15, 4, 2, 13, 9, 16, 18, 17, 13], "s2": [16, 18, 4, 6, 15, 13, 16, 18, 18, 13], "r": [9, 10, 2, 1, 8, 5, 3, 6, 4, 7]}, "results": {"wsrpt": {"exec_time": 0.0, "obj": 1809, "s": [4, 4, 7, 7, 9, 9, 6, 6, 1, 1, 3, 3, 5, 5, 10, 10, 8, 8, 2, 2], "ts": 1747940950}, "lp": {"solver": "highs", "exec_time": 0.5590012073516846, "ts": 1747940951, "obj": 682.0, "x": [[[0, 0, 10], 1.0], [[0, 1, 14], 1.0], [[1, 0, 9], 1.0], [[1, 1, 18], 1.0], [[2, 0, 1], 1.0], [[2, 1, 2], 1.0], [[3, 0, 0], 1.0], [[3, 1, 3], 1.0], [[4, 0, 11], 1.0], [[4, 1, 12], 1.0], [[5, 0, 4], 1.0], [[5, 1, 13], 1.0], [[6, 0, 15], 1.0], [[6, 1, 17], 1.0], [[7, 0, 5], 1.0], [[7, 1, 6], 1.0], [[8, 0, 16], 1.0], [[8, 1, 19], 1.0], [[9, 0, 7], 0.5000005], [[9, 0, 8], 0.4999995], [[9, 1, 7], 0.4999995], [[9, 1, 8], 0.5000005]]}, "a1": {"exec_time": 0.0, "obj": 682, "s": [4, 3, 3, 4, 6, 8, 8, 10, 10, 2, 1, 5, 5, 6, 1, 7, 9, 7, 2, 9]}, "a2": {"exec_time": 0.0, "obj": 682, "s": [4, 3, 3, 4, 6, 8, 8, 10, 10, 2, 1, 5, 5, 6, 1, 7, 9, 7, 2, 9], "ts": 1747940951}, "osp_blp": {"solver": "highs", "exec_time": 0.6289839744567871, "ts": 1747940951, "obj": 682, "x": [10, 14, 9, 18, 1, 2, 0, 3, 11, 12, 4, 13, 15, 17, 5, 6, 16, 19, 7, 8]}}}