{"id": "593189cd477246e68b7f60fdbb5b130e", "params": {"p": [2, 2, 2, 2, 2, 2, 2, 2, 2, 2], "w": [10, 22, 14, 12, 19, 21, 13, 26, 11, 7], "d1": [20, 14, 17, 12, 5, 19, 17, 9, 16, 17], "d2": [20, 14, 17, 17, 10, 20, 17, 11, 20, 20], "s1": [18, 10, 7, 5, 1, 9, 12, 7, 11, 16], "s2": [19, 11, 7, 11, 3, 16, 13, 7, 15, 17], "r": [7, 6, 2, 3, 1, 8, 4, 5, 10, 9]}, "results": {"wsrpt": {"exec_time": 0.0, "obj": 958, "s": [5, 5, 3, 3, 8, 8, 2, 2, 6, 6, 7, 7, 4, 4, 9, 9, 1, 1, 10, 10], "ts": 1747940951}, "lp": {"solver": "highs", "exec_time": 0.44300174713134766, "ts": 1747940952, "obj": 369.0, "x": [[[0, 0, 17], 1.0], [[0, 1, 19], 1.0], [[1, 0, 9], 1.0], [[1, 1, 13], 1.0], [[2, 0, 1], 1.0], [[2, 1, 16], 1.0], [[3, 0, 2], 1.0], [[3, 1, 3], 1.0], [[4, 0, 0], 1.0], [[4, 1, 4], 1.0], [[5, 0, 7], 1.0], [[5, 1, 18], 1.0], [[6, 0, 5], 1.0], [[6, 1, 15], 1.0], [[7, 0, 6], 1.0], [[7, 1, 8], 1.0], [[8, 0, 10], 1.0], [[8, 1, 14], 1.0], [[9, 0, 11], 0.500000499999999], [[9, 0, 12], 0.499999500000001], [[9, 1, 11], 0.499999500000001], [[9, 1, 12], 0.500000499999999]]}, "a1": {"exec_time": 0.0, "obj": 369, "s": [5, 3, 4, 4, 5, 7, 8, 6, 8, 2, 9, 10, 10, 2, 9, 7, 3, 1, 6, 1]}, "a2": {"exec_time": 0.0, "obj": 369, "s": [5, 3, 4, 4, 5, 7, 8, 6, 8, 2, 9, 10, 10, 2, 9, 7, 3, 1, 6, 1], "ts": 1747940952}, "osp_blp": {"solver": "highs", "exec_time": 0.5060005187988281, "ts": 1747940952, "obj": 369, "x": [17, 19, 9, 13, 1, 16, 2, 3, 0, 4, 7, 18, 5, 15, 6, 8, 10, 14, 11, 12]}}}