{"id": "594216e611e1d863e0e6364e556ac742", "params": {"p": [2, 2, 2, 2, 2, 2, 2, 2, 2, 2], "w": [8, 9, 26, 18, 12, 24, 11, 8, 11, 20], "d1": [17, 20, 12, 11, 15, 10, 20, 14, 15, 19], "d2": [19, 20, 16, 17, 16, 17, 20, 14, 17, 19], "s1": [7, 17, 7, 1, 12, 5, 8, 10, 15, 9], "s2": [15, 20, 11, 7, 15, 8, 15, 12, 15, 17], "r": [6, 9, 7, 1, 10, 3, 5, 8, 2, 4]}, "results": {"wsrpt": {"exec_time": 0.0, "obj": 1163, "s": [4, 4, 6, 6, 10, 10, 3, 3, 7, 7, 5, 5, 9, 9, 2, 2, 1, 1, 8, 8], "ts": 1747940952}, "lp": {"solver": "highs", "exec_time": 0.4030036926269531, "ts": 1747940952, "obj": 382.0, "x": [[[0, 0, 5], 1.0], [[0, 1, 15], 1.0], [[1, 0, 16], 1.0], [[1, 1, 17], 1.0], [[2, 0, 6], 1.0], [[2, 1, 11], 1.0], [[3, 0, 0], 1.0], [[3, 1, 10], 1.0], [[4, 0, 12], 1.0], [[4, 1, 14], 1.0], [[5, 0, 3], 1.0], [[5, 1, 9], 1.0], [[6, 0, 4], 1.0], [[6, 1, 19], 1.0], [[7, 0, 7], 1.0], [[7, 1, 13], 1.0], [[8, 0, 1], 1.0], [[8, 1, 2], 1.0], [[9, 0, 8], 1.0], [[9, 1, 18], 1.0]]}, "a1": {"exec_time": 0.0, "obj": 382, "s": [4, 9, 9, 6, 7, 1, 3, 8, 10, 6, 4, 3, 5, 8, 5, 1, 2, 2, 10, 7]}, "a2": {"exec_time": 0.0, "obj": 382, "s": [4, 9, 9, 6, 7, 1, 3, 8, 10, 6, 4, 3, 5, 8, 5, 1, 2, 2, 10, 7], "ts": 1747940952}, "osp_blp": {"solver": "highs", "exec_time": 0.46599674224853516, "ts": 1747940952, "obj": 382, "x": [5, 15, 16, 17, 6, 11, 0, 10, 12, 14, 3, 9, 4, 19, 7, 13, 1, 2, 8, 18]}}}