{"id": "59de3e3a3b8ffc1c120e373de7b8b115", "params": {"p": [2, 2, 2, 2, 2, 2, 2, 2, 2, 2], "w": [24, 25, 6, 17, 14, 16, 8, 5, 26, 20], "d1": [18, 17, 5, 13, 18, 12, 13, 11, 16, 15], "d2": [20, 18, 20, 16, 18, 18, 16, 20, 16, 16], "s1": [14, 6, 3, 9, 11, 8, 12, 5, 11, 7], "s2": [16, 15, 5, 12, 11, 11, 12, 7, 13, 9], "r": [10, 1, 2, 9, 3, 6, 8, 5, 7, 4]}, "results": {"wsrpt": {"exec_time": 0.0, "obj": 1795, "s": [2, 2, 5, 5, 10, 10, 9, 9, 4, 4, 1, 1, 6, 6, 7, 7, 3, 3, 8, 8], "ts": 1747940953}, "osp_blp": {"solver": "highs", "exec_time": 0.45200371742248535, "ts": 1747940953, "obj": 304, "x": [13, 19, 0, 17, 1, 2, 8, 12, 3, 18, 7, 16, 9, 11, 4, 5, 10, 15, 6, 14]}, "lp": {"solver": "highs", "exec_time": 0.4649982452392578, "ts": 1747940953, "obj": 304.0, "x": [[[0, 0, 13], 1.0], [[0, 1, 19], 1.0], [[1, 0, 0], 1.0], [[1, 1, 17], 1.0], [[2, 0, 1], 1.0], [[2, 1, 2], 1.0], [[3, 0, 8], 1.0], [[3, 1, 12], 1.0], [[4, 0, 3], 1.0], [[4, 1, 18], 1.0], [[5, 0, 7], 1.0], [[5, 1, 16], 1.0], [[6, 0, 9], 1.0], [[6, 1, 11], 1.0], [[7, 0, 4], 1.0], [[7, 1, 5], 1.0], [[8, 0, 10], 1.0], [[8, 1, 15], 1.0], [[9, 0, 6], 1.0], [[9, 1, 14], 1.0]]}, "a1": {"exec_time": 0.0, "obj": 304, "s": [2, 3, 3, 5, 8, 8, 10, 6, 4, 7, 9, 7, 4, 1, 10, 9, 6, 2, 5, 1]}, "a2": {"exec_time": 0.0, "obj": 304, "s": [2, 3, 3, 5, 8, 8, 10, 6, 4, 7, 9, 7, 4, 1, 10, 9, 6, 2, 5, 1], "ts": 1747940953}}}