{"id": "5b2de8aa2e60b13a1164b87d3eba0a79", "params": {"p": [2, 2, 2, 2, 2, 2, 2, 2, 2, 2], "w": [7, 10, 15, 11, 15, 27, 13, 24, 8, 20], "d1": [13, 8, 7, 17, 9, 10, 13, 3, 18, 12], "d2": [13, 18, 7, 18, 12, 13, 20, 3, 19, 19], "s1": [11, 4, 3, 13, 7, 6, 11, 1, 18, 5], "s2": [12, 6, 6, 15, 7, 7, 13, 1, 18, 7], "r": [7, 4, 3, 10, 2, 6, 8, 1, 9, 5]}, "results": {"wsrpt": {"exec_time": 0.0, "obj": 515, "s": [8, 8, 3, 3, 10, 10, 6, 6, 5, 5, 7, 7, 4, 4, 2, 2, 9, 9, 1, 1], "ts": 1747940954}, "lp": {"solver": "highs", "exec_time": 0.4329829216003418, "ts": 1747940954, "obj": 39.0, "x": [[[0, 0, 10], 1.0], [[0, 1, 12], 1.0], [[1, 0, 3], 1.0], [[1, 1, 15], 1.0], [[2, 0, 2], 1.0], [[2, 1, 6], 1.0], [[3, 0, 13], 1.0], [[3, 1, 16], 1.0], [[4, 0, 7], 1.0], [[4, 1, 8], 1.0], [[5, 0, 5], 1.0], [[5, 1, 9], 1.0], [[6, 0, 11], 1.0], [[6, 1, 19], 1.0], [[7, 0, 0], 1.0], [[7, 1, 1], 1.0], [[8, 0, 17], 1.0], [[8, 1, 18], 1.0], [[9, 0, 4], 1.0], [[9, 1, 14], 1.0]]}, "a1": {"exec_time": 0.0, "obj": 39, "s": [8, 8, 3, 2, 10, 6, 3, 5, 5, 6, 1, 7, 1, 4, 10, 2, 4, 9, 9, 7]}, "a2": {"exec_time": 0.0, "obj": 39, "s": [8, 8, 3, 2, 10, 6, 3, 5, 5, 6, 1, 7, 1, 4, 10, 2, 4, 9, 9, 7], "ts": 1747940954}, "osp_blp": {"solver": "highs", "exec_time": 0.4870002269744873, "ts": 1747940954, "obj": 39, "x": [11, 12, 3, 13, 2, 7, 14, 16, 6, 8, 5, 9, 10, 19, 0, 1, 17, 18, 4, 15]}}}