{"id": "5b60f7bc4c26303833be0d12fc1c7bcc", "params": {"p": [2, 2, 2, 2, 2, 2, 2, 2, 2, 2], "w": [28, 10, 28, 1, 30, 27, 5, 26, 26, 3], "d1": [20, 18, 16, 20, 5, 16, 20, 14, 16, 8], "d2": [20, 20, 18, 20, 12, 18, 20, 19, 17, 16], "s1": [6, 15, 13, 12, 4, 12, 9, 5, 12, 8], "s2": [16, 17, 16, 16, 5, 14, 13, 9, 13, 8], "r": [1, 5, 7, 4, 3, 10, 8, 2, 9, 6]}, "results": {"wsrpt": {"exec_time": 0.0, "obj": 1799, "s": [1, 1, 5, 5, 8, 8, 3, 3, 9, 9, 6, 6, 2, 2, 7, 7, 10, 10, 4, 4], "ts": 1747940954}, "lp": {"solver": "highs", "exec_time": 0.4290001392364502, "ts": 1747940954, "obj": 349.0, "x": [[[0, 0, 0], 1.0], [[0, 1, 19], 1.0], [[1, 0, 14], 1.0], [[1, 1, 18], 1.0], [[2, 0, 12], 1.0], [[2, 1, 17], 1.0], [[3, 0, 3], 1.0], [[3, 1, 5], 1.0], [[4, 0, 2], 1.0], [[4, 1, 4], 1.0], [[5, 0, 11], 1.0], [[5, 1, 16], 1.0], [[6, 0, 8], 1.0], [[6, 1, 9], 1.0], [[7, 0, 1], 1.0], [[7, 1, 13], 1.0], [[8, 0, 10], 1.0], [[8, 1, 15], 1.0], [[9, 0, 6], 1.0], [[9, 1, 7], 1.0]]}, "a1": {"exec_time": 0.0, "obj": 349, "s": [1, 8, 5, 4, 5, 4, 10, 10, 7, 7, 9, 6, 3, 8, 2, 9, 6, 3, 2, 1]}, "a2": {"exec_time": 0.0, "obj": 349, "s": [1, 8, 5, 4, 5, 4, 10, 10, 7, 7, 9, 6, 3, 8, 2, 9, 6, 3, 2, 1], "ts": 1747940954}, "osp_blp": {"solver": "highs", "exec_time": 0.4739975929260254, "ts": 1747940954, "obj": 349, "x": [0, 19, 14, 18, 12, 17, 3, 5, 2, 4, 11, 15, 8, 9, 1, 13, 10, 16, 6, 7]}}}