{"id": "5be0eb52dd0c04e8879a5009a8a6d1fe", "params": {"p": [2, 2, 2, 2, 2, 2, 2, 2, 2, 2], "w": [27, 8, 24, 13, 13, 19, 16, 26, 1, 10], "d1": [15, 10, 9, 20, 15, 10, 15, 13, 20, 12], "d2": [19, 15, 13, 20, 16, 12, 17, 20, 20, 13], "s1": [7, 5, 8, 16, 11, 7, 2, 12, 12, 10], "s2": [9, 8, 8, 19, 15, 7, 7, 13, 20, 11], "r": [6, 1, 3, 8, 10, 5, 2, 9, 7, 4]}, "results": {"wsrpt": {"exec_time": 0.0, "obj": 1134, "s": [2, 2, 3, 3, 6, 6, 1, 1, 8, 8, 7, 7, 4, 4, 5, 5, 10, 10, 9, 9], "ts": 1747940954}, "lp": {"solver": "highs", "exec_time": 0.4259989261627197, "ts": 1747940955, "obj": 219.0, "x": [[[0, 0, 5], 1.0], [[0, 1, 15], 1.0], [[1, 0, 0], 1.0], [[1, 1, 2], 1.0], [[2, 0, 7], 1.0], [[2, 1, 8], 1.0], [[3, 0, 17], 1.0], [[3, 1, 19], 1.0], [[4, 0, 10], 1.0], [[4, 1, 14], 1.0], [[5, 0, 4], 1.0], [[5, 1, 9], 1.0], [[6, 0, 1], 1.0], [[6, 1, 16], 1.0], [[7, 0, 11], 1.0], [[7, 1, 13], 1.0], [[8, 0, 6], 1.0], [[8, 1, 18], 1.0], [[9, 0, 3], 1.0], [[9, 1, 12], 1.0]]}, "a1": {"exec_time": 0.0, "obj": 219, "s": [2, 7, 2, 10, 6, 1, 9, 3, 3, 6, 5, 8, 10, 8, 5, 1, 7, 4, 9, 4]}, "a2": {"exec_time": 0.0, "obj": 219, "s": [2, 7, 2, 10, 6, 1, 9, 3, 3, 6, 5, 8, 10, 8, 5, 1, 7, 4, 9, 4], "ts": 1747940955}, "osp_blp": {"solver": "highs", "exec_time": 0.46099853515625, "ts": 1747940955, "obj": 219, "x": [5, 16, 0, 2, 7, 8, 17, 19, 10, 14, 4, 9, 1, 15, 12, 13, 6, 18, 3, 11]}}}