{"id": "5c08bfb7fd5045b8a8a3e833e0d23e8a", "params": {"p": [2, 2, 2, 2, 2, 2, 2, 2, 2, 2], "w": [29, 2, 28, 4, 25, 14, 9, 28, 4, 5], "d1": [13, 20, 5, 7, 16, 8, 14, 15, 14, 5], "d2": [18, 20, 16, 17, 17, 10, 14, 15, 18, 9], "s1": [13, 12, 2, 3, 16, 8, 13, 13, 9, 3], "s2": [13, 12, 2, 5, 16, 8, 13, 14, 14, 5], "r": [5, 8, 2, 1, 9, 6, 4, 10, 7, 3]}, "results": {"wsrpt": {"exec_time": 0.0, "obj": 1125, "s": [4, 3, 3, 7, 1, 1, 7, 6, 6, 8, 8, 5, 5, 4, 10, 10, 9, 9, 2, 2], "ts": 1747940955}, "lp": {"solver": "highs", "exec_time": 0.43000030517578125, "ts": 1747940955, "obj": 69.0, "x": [[[0, 0, 12], 1.0], [[0, 1, 17], 1.0], [[1, 0, 9], 1.0], [[1, 1, 19], 1.0], [[2, 0, 1], 1.0], [[2, 1, 4], 1.0], [[3, 0, 0], 1.0], [[3, 1, 5], 1.0], [[4, 0, 15], 1.0], [[4, 1, 16], 1.0], [[5, 0, 7], 1.0], [[5, 1, 8], 1.0], [[6, 0, 10], 0.5000004999999996], [[6, 0, 11], 0.4999995000000003], [[6, 1, 10], 0.4999995000000003], [[6, 1, 11], 0.5000004999999997], [[7, 0, 13], 1.0], [[7, 1, 14], 1.0], [[8, 0, 6], 1.0], [[8, 1, 18], 1.0], [[9, 0, 2], 1.0], [[9, 1, 3], 1.0]]}, "a1": {"exec_time": 0.0, "obj": 69, "s": [4, 3, 10, 10, 3, 4, 9, 6, 6, 2, 7, 7, 1, 8, 8, 5, 5, 1, 9, 2]}, "a2": {"exec_time": 0.0, "obj": 69, "s": [4, 3, 10, 10, 3, 4, 9, 6, 6, 2, 7, 7, 1, 8, 8, 5, 5, 1, 9, 2], "ts": 1747940955}, "osp_blp": {"solver": "highs", "exec_time": 0.5200004577636719, "ts": 1747940955, "obj": 69, "x": [12, 17, 9, 19, 1, 4, 0, 5, 15, 16, 7, 8, 10, 11, 13, 14, 6, 18, 2, 3]}}}