{"id": "5c4130f27821dbae1eb7b3e4be4cd67c", "params": {"p": [2, 2, 2, 2, 2, 2, 2, 2, 2, 2], "w": [6, 16, 30, 25, 26, 9, 11, 25, 22, 13], "d1": [13, 16, 12, 20, 9, 15, 16, 10, 12, 20], "d2": [19, 18, 13, 20, 10, 16, 16, 14, 12, 20], "s1": [11, 9, 11, 7, 9, 15, 14, 4, 10, 2], "s2": [13, 13, 12, 18, 9, 15, 16, 8, 10, 15], "r": [9, 6, 3, 5, 7, 2, 10, 4, 8, 1]}, "results": {"wsrpt": {"exec_time": 0.0, "obj": 1362, "s": [10, 10, 3, 3, 4, 4, 5, 5, 8, 8, 9, 9, 2, 2, 7, 7, 6, 6, 1, 1], "ts": 1747940955}, "lp": {"solver": "highs", "exec_time": 0.4010038375854492, "ts": 1747940956, "obj": 439.0, "x": [[[0, 0, 8], 1.0], [[0, 1, 16], 1.0], [[1, 0, 5], 1.0], [[1, 1, 17], 1.0], [[2, 0, 10], 1.0], [[2, 1, 12], 1.0], [[3, 0, 4], 1.0], [[3, 1, 19], 1.0], [[4, 0, 6], 1.0], [[4, 1, 7], 1.0], [[5, 0, 1], 1.0], [[5, 1, 2], 1.0], [[6, 0, 14], 1.0], [[6, 1, 15], 1.0], [[7, 0, 3], 1.0], [[7, 1, 13], 1.0], [[8, 0, 9], 1.0], [[8, 1, 11], 1.0], [[9, 0, 0], 1.0], [[9, 1, 18], 1.0]]}, "a1": {"exec_time": 0.0, "obj": 439, "s": [10, 6, 6, 8, 4, 2, 5, 5, 1, 9, 3, 9, 3, 8, 7, 7, 1, 2, 10, 4]}, "a2": {"exec_time": 0.0, "obj": 439, "s": [10, 6, 6, 8, 4, 2, 5, 5, 1, 9, 3, 9, 3, 8, 7, 7, 1, 2, 10, 4], "ts": 1747940956}, "osp_blp": {"solver": "highs", "exec_time": 0.4439709186553955, "ts": 1747940956, "obj": 439, "x": [8, 17, 5, 16, 10, 12, 4, 19, 6, 7, 1, 2, 14, 15, 3, 13, 9, 11, 0, 18]}}}