{"id": "5e2878801b559d61a7d30e71df8fea8a", "params": {"p": [2, 2, 2, 2, 2, 2, 2, 2, 2, 2], "w": [1, 23, 2, 16, 11, 24, 11, 18, 10, 18], "d1": [18, 11, 12, 14, 14, 15, 20, 20, 20, 18], "d2": [20, 19, 15, 18, 19, 20, 20, 20, 20, 19], "s1": [18, 6, 6, 5, 7, 2, 15, 14, 12, 11], "s2": [18, 7, 11, 8, 14, 5, 19, 16, 19, 18], "r": [7, 2, 5, 4, 3, 1, 6, 10, 8, 9]}, "results": {"wsrpt": {"exec_time": 0.0, "obj": 1285, "s": [6, 6, 2, 2, 4, 4, 5, 5, 10, 10, 8, 8, 7, 7, 9, 9, 3, 3, 1, 1], "ts": 1747940956}, "lp": {"solver": "highs", "exec_time": 0.4429967403411865, "ts": 1747940956, "obj": 338.0, "x": [[[0, 0, 6], 1.0], [[0, 1, 7], 1.0], [[1, 0, 1], 1.0], [[1, 1, 10], 1.0], [[2, 0, 4], 1.0], [[2, 1, 5], 1.0], [[3, 0, 3], 1.0], [[3, 1, 12], 1.0], [[4, 0, 2], 1.0], [[4, 1, 11], 1.0], [[5, 0, 0], 1.0], [[5, 1, 14], 1.0], [[6, 0, 15], 1.0], [[6, 1, 18], 1.0], [[7, 0, 13], 1.0], [[7, 1, 19], 1.0], [[8, 0, 8], 1.0], [[8, 1, 16], 1.0], [[9, 0, 9], 1.0], [[9, 1, 17], 1.0]]}, "a1": {"exec_time": 0.0, "obj": 338, "s": [6, 2, 5, 4, 3, 3, 1, 1, 9, 10, 2, 5, 4, 8, 6, 7, 9, 10, 7, 8]}, "a2": {"exec_time": 0.0, "obj": 338, "s": [6, 2, 5, 4, 3, 3, 1, 1, 9, 10, 2, 5, 4, 8, 6, 7, 9, 10, 7, 8], "ts": 1747940956}, "osp_blp": {"solver": "highs", "exec_time": 0.4779961109161377, "ts": 1747940956, "obj": 338, "x": [6, 7, 1, 10, 4, 5, 3, 12, 2, 11, 0, 14, 15, 18, 13, 19, 8, 16, 9, 17]}}}