{"id": "5f607d208e155f71797769cae00dfe71", "params": {"p": [2, 2, 2, 2, 2, 2, 2, 2, 2, 2], "w": [7, 26, 22, 25, 25, 21, 11, 24, 22, 11], "d1": [15, 9, 20, 13, 20, 13, 17, 19, 15, 10], "d2": [19, 12, 20, 14, 20, 18, 20, 20, 15, 10], "s1": [15, 6, 20, 10, 8, 7, 9, 18, 7, 4], "s2": [15, 7, 20, 10, 17, 9, 17, 18, 8, 5], "r": [8, 6, 10, 9, 3, 2, 4, 5, 7, 1]}, "results": {"wsrpt": {"exec_time": 0.0, "obj": 2063, "s": [10, 10, 5, 5, 8, 8, 2, 2, 4, 4, 3, 3, 9, 9, 6, 6, 7, 7, 1, 1], "ts": 1747940956}, "lp": {"solver": "highs", "exec_time": 0.494002103805542, "ts": 1747940957, "obj": 595.0, "x": [[[0, 0, 10], 1.0], [[0, 1, 11], 1.0], [[1, 0, 5], 1.0], [[1, 1, 8], 1.0], [[2, 0, 15], 0.5000004999999994], [[2, 0, 16], 0.4999995000000007], [[2, 1, 15], 0.4999995000000006], [[2, 1, 16], 0.5000004999999994], [[3, 0, 9], 1.0], [[3, 1, 13], 1.0], [[4, 0, 7], 1.0], [[4, 1, 19], 1.0], [[5, 0, 2], 1.0], [[5, 1, 12], 1.0], [[6, 0, 3], 1.0], [[6, 1, 4], 1.0], [[7, 0, 17], 1.0], [[7, 1, 18], 1.0], [[8, 0, 6], 1.0], [[8, 1, 14], 1.0], [[9, 0, 0], 1.0], [[9, 1, 1], 1.0]]}, "a1": {"exec_time": 0.0, "obj": 595, "s": [10, 10, 6, 7, 7, 2, 9, 5, 2, 4, 1, 1, 6, 4, 9, 3, 3, 8, 8, 5]}, "a2": {"exec_time": 0.0, "obj": 595, "s": [10, 10, 6, 7, 7, 2, 9, 5, 2, 4, 1, 1, 6, 4, 9, 3, 3, 8, 8, 5], "ts": 1747940957}, "osp_blp": {"solver": "highs", "exec_time": 0.5359833240509033, "ts": 1747940957, "obj": 595, "x": [10, 11, 5, 8, 15, 16, 9, 13, 7, 19, 2, 12, 3, 4, 17, 18, 6, 14, 0, 1]}}}