{"id": "5f9ec41f5d76eb5cef6becdedb5f349b", "params": {"p": [2, 2, 2, 2, 2, 2, 2, 2, 2, 2], "w": [26, 25, 26, 28, 9, 7, 8, 21, 23, 4], "d1": [19, 19, 20, 12, 12, 10, 19, 10, 10, 15], "d2": [19, 20, 20, 17, 16, 13, 19, 12, 19, 16], "s1": [9, 11, 20, 11, 11, 9, 10, 4, 8, 14], "s2": [15, 16, 20, 12, 11, 10, 16, 6, 8, 14], "r": [7, 4, 3, 10, 2, 8, 9, 1, 6, 5]}, "results": {"wsrpt": {"exec_time": 0.0, "obj": 2087, "s": [8, 8, 3, 3, 2, 2, 1, 1, 9, 9, 4, 4, 5, 5, 7, 7, 6, 6, 10, 10], "ts": 1747940957}, "lp": {"solver": "highs", "exec_time": 0.3939943313598633, "ts": 1747940957, "obj": 579.0, "x": [[[0, 0, 8], 1.0], [[0, 1, 17], 1.0], [[1, 0, 14], 1.0], [[1, 1, 16], 1.0], [[2, 0, 18], 1.0], [[2, 1, 19], 1.0], [[3, 0, 10], 1.0], [[3, 1, 11], 1.0], [[4, 0, 1], 1.0], [[4, 1, 2], 1.0], [[5, 0, 7], 1.0], [[5, 1, 12], 1.0], [[6, 0, 9], 1.0], [[6, 1, 15], 1.0], [[7, 0, 0], 1.0], [[7, 1, 3], 1.0], [[8, 0, 6], 1.0], [[8, 1, 13], 1.0], [[9, 0, 4], 1.0], [[9, 1, 5], 1.0]]}, "a1": {"exec_time": 0.0, "obj": 579, "s": [8, 5, 5, 8, 10, 10, 9, 6, 1, 7, 4, 4, 6, 9, 2, 7, 2, 1, 3, 3]}, "a2": {"exec_time": 0.0, "obj": 579, "s": [8, 5, 5, 8, 10, 10, 9, 6, 1, 7, 4, 4, 6, 9, 2, 7, 2, 1, 3, 3], "ts": 1747940957}, "osp_blp": {"solver": "highs", "exec_time": 0.48499584197998047, "ts": 1747940957, "obj": 579, "x": [8, 17, 11, 16, 18, 19, 10, 13, 1, 2, 7, 12, 14, 15, 0, 3, 6, 9, 4, 5]}}}