{"id": "60b5be7b28d46a1b4b072337a663b26e", "params": {"p": [2, 2, 2, 2, 2, 2, 2, 2, 2, 2], "w": [13, 30, 28, 22, 2, 28, 28, 15, 11, 8], "d1": [15, 12, 11, 12, 12, 4, 13, 16, 20, 20], "d2": [17, 20, 11, 17, 14, 18, 19, 17, 20, 20], "s1": [15, 11, 10, 11, 8, 3, 9, 5, 11, 16], "s2": [15, 12, 10, 12, 12, 4, 13, 15, 14, 16], "r": [6, 8, 9, 10, 7, 2, 3, 1, 4, 5]}, "results": {"wsrpt": {"exec_time": 0.0, "obj": 1028, "s": [8, 8, 6, 6, 7, 7, 1, 2, 2, 3, 3, 1, 4, 4, 9, 9, 10, 10, 5, 5], "ts": 1747940957}, "lp": {"solver": "highs", "exec_time": 0.39100122451782227, "ts": 1747940958, "obj": 425.0, "x": [[[0, 0, 14], 1.0], [[0, 1, 15], 1.0], [[1, 0, 11], 1.0], [[1, 1, 17], 1.0], [[2, 0, 9], 1.0], [[2, 1, 10], 1.0], [[3, 0, 12], 1.0], [[3, 1, 13], 1.0], [[4, 0, 6], 1.0], [[4, 1, 7], 1.0], [[5, 0, 1], 1.0], [[5, 1, 2], 1.0], [[6, 0, 8], 1.0], [[6, 1, 18], 1.0], [[7, 0, 0], 1.0], [[7, 1, 16], 1.0], [[8, 0, 3], 1.0], [[8, 1, 19], 1.0], [[9, 0, 4], 1.0], [[9, 1, 5], 1.0]]}, "a1": {"exec_time": 0.0, "obj": 425, "s": [8, 6, 6, 9, 10, 10, 5, 5, 7, 3, 3, 2, 4, 4, 1, 1, 8, 2, 7, 9]}, "a2": {"exec_time": 0.0, "obj": 425, "s": [8, 6, 6, 9, 10, 10, 5, 5, 7, 3, 3, 2, 4, 4, 1, 1, 8, 2, 7, 9], "ts": 1747940958}, "osp_blp": {"solver": "highs", "exec_time": 0.4669992923736572, "ts": 1747940958, "obj": 425, "x": [14, 16, 11, 18, 9, 10, 12, 13, 6, 7, 1, 2, 8, 17, 0, 15, 3, 19, 4, 5]}}}