{"id": "611980d3c6e2fb73b534861500dc1624", "params": {"p": [2, 2, 2, 2, 2, 2, 2, 2, 2, 2], "w": [12, 2, 9, 25, 11, 19, 18, 29, 11, 7], "d1": [8, 10, 12, 17, 5, 17, 20, 15, 14, 7], "d2": [11, 13, 17, 20, 10, 19, 20, 15, 18, 17], "s1": [7, 8, 10, 13, 3, 8, 11, 14, 5, 3], "s2": [7, 9, 11, 15, 3, 13, 18, 15, 12, 5], "r": [6, 5, 10, 9, 3, 8, 7, 1, 4, 2]}, "results": {"wsrpt": {"exec_time": 0.0, "obj": 1780, "s": [8, 8, 5, 5, 9, 9, 7, 7, 4, 4, 6, 6, 1, 1, 3, 3, 10, 10, 2, 2], "ts": 1747940958}, "lp": {"solver": "highs", "exec_time": 0.46097731590270996, "ts": 1747940958, "obj": 399.0, "x": [[[0, 0, 6], 1.0], [[0, 1, 7], 1.0], [[1, 0, 5], 1.0], [[1, 1, 10], 1.0], [[2, 0, 9], 1.0], [[2, 1, 13], 1.0], [[3, 0, 12], 1.0], [[3, 1, 18], 1.0], [[4, 0, 2], 1.0], [[4, 1, 4], 1.0], [[5, 0, 11], 1.0], [[5, 1, 16], 1.0], [[6, 0, 17], 1.0], [[6, 1, 19], 1.0], [[7, 0, 0], 1.0], [[7, 1, 14], 1.0], [[8, 0, 3], 1.0], [[8, 1, 15], 1.0], [[9, 0, 1], 1.0], [[9, 1, 8], 1.0]]}, "a1": {"exec_time": 0.0, "obj": 399, "s": [8, 10, 5, 9, 5, 2, 1, 1, 10, 3, 2, 6, 4, 3, 8, 9, 6, 7, 4, 7]}, "a2": {"exec_time": 0.0, "obj": 399, "s": [8, 10, 5, 9, 5, 2, 1, 1, 10, 3, 2, 6, 4, 3, 8, 9, 6, 7, 4, 7], "ts": 1747940958}, "osp_blp": {"solver": "highs", "exec_time": 0.49300074577331543, "ts": 1747940958, "obj": 399, "x": [6, 7, 5, 9, 10, 11, 12, 18, 2, 3, 8, 17, 15, 19, 0, 14, 4, 13, 1, 16]}}}