{"id": "62eae3604db661f9c858d3c612bd41a0", "params": {"p": [2, 2, 2, 2, 2, 2, 2, 2, 2, 2], "w": [2, 19, 13, 8, 3, 23, 19, 28, 25, 22], "d1": [7, 14, 8, 14, 11, 11, 14, 20, 17, 5], "d2": [18, 18, 8, 15, 16, 20, 17, 20, 18, 5], "s1": [5, 14, 8, 12, 9, 9, 13, 7, 13, 5], "s2": [6, 14, 8, 13, 9, 10, 13, 16, 16, 5], "r": [5, 10, 1, 9, 8, 4, 6, 2, 7, 3]}, "results": {"wsrpt": {"exec_time": 0.0, "obj": 1718, "s": [3, 8, 8, 3, 6, 6, 9, 9, 10, 10, 2, 2, 7, 7, 4, 4, 5, 5, 1, 1], "ts": 1747940959}, "lp": {"solver": "highs", "exec_time": 0.4360036849975586, "ts": 1747940959, "obj": 262.0, "x": [[[0, 0, 4], 1.0], [[0, 1, 5], 1.0], [[1, 0, 13], 1.0], [[1, 1, 18], 1.0], [[2, 0, 0], 1.0], [[2, 1, 1], 1.0], [[3, 0, 11], 1.0], [[3, 1, 14], 1.0], [[4, 0, 7], 1.0], [[4, 1, 9], 1.0], [[5, 0, 8], 1.0], [[5, 1, 10], 1.0], [[6, 0, 12], 1.0], [[6, 1, 16], 1.0], [[7, 0, 6], 1.0], [[7, 1, 19], 1.0], [[8, 0, 15], 1.0], [[8, 1, 17], 1.0], [[9, 0, 2], 1.0], [[9, 1, 3], 1.0]]}, "a1": {"exec_time": 0.0, "obj": 262, "s": [3, 3, 10, 10, 1, 1, 8, 5, 6, 5, 6, 4, 7, 2, 4, 9, 7, 9, 2, 8]}, "a2": {"exec_time": 0.0, "obj": 262, "s": [3, 3, 10, 10, 1, 1, 8, 5, 6, 5, 6, 4, 7, 2, 4, 9, 7, 9, 2, 8], "ts": 1747940959}, "osp_blp": {"solver": "highs", "exec_time": 0.4850029945373535, "ts": 1747940959, "obj": 262, "x": [4, 5, 13, 18, 0, 1, 11, 14, 7, 9, 8, 10, 12, 16, 6, 19, 15, 17, 2, 3]}}}