{"id": "6337f42917da4817cd1a6e186a15417d", "params": {"p": [2, 2, 2, 2, 2, 2, 2, 2, 2, 2], "w": [3, 3, 19, 30, 5, 20, 25, 21, 20, 5], "d1": [11, 7, 14, 15, 13, 19, 19, 13, 18, 12], "d2": [20, 18, 17, 15, 20, 20, 20, 18, 20, 19], "s1": [10, 1, 11, 8, 13, 18, 11, 10, 15, 6], "s2": [10, 5, 13, 12, 13, 18, 13, 13, 16, 8], "r": [2, 1, 10, 3, 6, 9, 8, 7, 4, 5]}, "results": {"wsrpt": {"exec_time": 0.0, "obj": 1740, "s": [2, 2, 4, 4, 9, 9, 8, 8, 7, 7, 6, 6, 3, 3, 5, 5, 10, 10, 1, 1], "ts": 1747940959}, "lp": {"solver": "highs", "exec_time": 0.4239978790283203, "ts": 1747940960, "obj": 162.0, "x": [[[0, 0, 1], 1.0], [[0, 1, 3], 1.0], [[1, 0, 0], 1.0], [[1, 1, 2], 1.0], [[2, 0, 10], 1.0], [[2, 1, 13], 1.0], [[3, 0, 7], 1.0], [[3, 1, 14], 1.0], [[4, 0, 5], 1.0], [[4, 1, 8], 1.0], [[5, 0, 17], 1.0], [[5, 1, 19], 1.0], [[6, 0, 11], 1.0], [[6, 1, 18], 1.0], [[7, 0, 9], 1.0], [[7, 1, 12], 1.0], [[8, 0, 15], 1.0], [[8, 1, 16], 1.0], [[9, 0, 4], 1.0], [[9, 1, 6], 1.0]]}, "a1": {"exec_time": 0.0, "obj": 162, "s": [2, 1, 2, 1, 10, 5, 10, 4, 5, 8, 3, 7, 8, 3, 4, 9, 9, 6, 7, 6]}, "a2": {"exec_time": 0.0, "obj": 162, "s": [2, 1, 2, 1, 10, 5, 10, 4, 5, 8, 3, 7, 8, 3, 4, 9, 9, 6, 7, 6], "ts": 1747940960}, "osp_blp": {"solver": "highs", "exec_time": 0.5009965896606445, "ts": 1747940960, "obj": 162, "x": [1, 2, 0, 3, 11, 13, 7, 14, 5, 6, 16, 19, 10, 18, 9, 12, 15, 17, 4, 8]}}}