{"id": "63a22777bf19bcf37c871d7057485bbc", "params": {"p": [2, 2, 2, 2, 2, 2, 2, 2, 2, 2], "w": [4, 25, 5, 6, 6, 8, 1, 17, 16, 10], "d1": [10, 19, 14, 14, 7, 13, 11, 18, 6, 17], "d2": [18, 19, 19, 18, 20, 16, 11, 19, 13, 18], "s1": [6, 13, 13, 10, 4, 11, 9, 5, 3, 14], "s2": [7, 13, 13, 10, 7, 13, 10, 7, 4, 17], "r": [3, 4, 8, 6, 1, 10, 9, 5, 2, 7]}, "results": {"wsrpt": {"exec_time": 0.0, "obj": 1058, "s": [5, 9, 9, 2, 2, 8, 8, 5, 10, 10, 6, 6, 4, 4, 3, 3, 1, 1, 7, 7], "ts": 1747940960}, "osp_blp": {"solver": "highs", "exec_time": 0.4669961929321289, "ts": 1747940960, "obj": 91, "x": [3, 6, 12, 18, 11, 19, 7, 14, 0, 1, 10, 13, 8, 9, 4, 17, 2, 5, 15, 16]}, "lp": {"solver": "highs", "exec_time": 0.49000048637390137, "ts": 1747940960, "obj": 91.0, "x": [[[0, 0, 3], 1.0], [[0, 1, 6], 1.0], [[1, 0, 12], 1.0], [[1, 1, 18], 1.0], [[2, 0, 11], 1.0], [[2, 1, 19], 1.0], [[3, 0, 7], 1.0], [[3, 1, 13], 1.0], [[4, 0, 0], 1.0], [[4, 1, 1], 1.0], [[5, 0, 10], 1.0], [[5, 1, 15], 1.0], [[6, 0, 8], 1.0], [[6, 1, 9], 1.0], [[7, 0, 4], 1.0], [[7, 1, 17], 1.0], [[8, 0, 2], 1.0], [[8, 1, 5], 1.0], [[9, 0, 14], 1.0], [[9, 1, 16], 1.0]]}, "a1": {"exec_time": 0.0, "obj": 91, "s": [5, 5, 9, 1, 8, 9, 1, 4, 7, 7, 6, 3, 2, 4, 10, 6, 10, 8, 2, 3]}, "a2": {"exec_time": 0.0, "obj": 91, "s": [5, 5, 9, 1, 8, 9, 1, 4, 7, 7, 6, 3, 2, 4, 10, 6, 10, 8, 2, 3], "ts": 1747940960}}}