{"id": "64c74206788cc79016fae0d75e860716", "params": {"p": [2, 2, 2, 2, 2, 2, 2, 2, 2, 2], "w": [21, 6, 9, 25, 20, 26, 4, 22, 27, 2], "d1": [8, 18, 17, 18, 16, 11, 12, 12, 12, 13], "d2": [16, 18, 17, 20, 20, 13, 18, 19, 14, 17], "s1": [7, 9, 12, 12, 6, 8, 9, 7, 9, 8], "s2": [7, 13, 13, 17, 16, 8, 10, 10, 11, 9], "r": [6, 5, 8, 10, 2, 3, 1, 7, 9, 4]}, "results": {"wsrpt": {"exec_time": 0.0, "obj": 969, "s": [7, 5, 5, 6, 6, 1, 1, 8, 8, 9, 9, 4, 4, 3, 3, 7, 2, 2, 10, 10], "ts": 1747940960}, "lp": {"solver": "highs", "exec_time": 0.4089961051940918, "ts": 1747940961, "obj": 174.0, "x": [[[0, 0, 6], 1.0], [[0, 1, 10], 1.0], [[1, 0, 5], 1.0], [[1, 1, 17], 1.0], [[2, 0, 11], 1.0], [[2, 1, 16], 1.0], [[3, 0, 14], 1.0], [[3, 1, 19], 1.0], [[4, 0, 2], 1.0], [[4, 1, 15], 1.0], [[5, 0, 7], 1.0], [[5, 1, 12], 1.0], [[6, 0, 0], 1.0], [[6, 1, 1], 1.0], [[7, 0, 8], 1.0], [[7, 1, 18], 1.0], [[8, 0, 9], 1.0], [[8, 1, 13], 1.0], [[9, 0, 3], 1.0], [[9, 1, 4], 1.0]]}, "a1": {"exec_time": 0.0, "obj": 174, "s": [7, 7, 5, 10, 10, 2, 1, 6, 8, 9, 1, 3, 6, 9, 4, 5, 3, 2, 8, 4]}, "a2": {"exec_time": 0.0, "obj": 174, "s": [7, 7, 5, 10, 10, 2, 1, 6, 8, 9, 1, 3, 6, 9, 4, 5, 3, 2, 8, 4], "ts": 1747940961}, "osp_blp": {"solver": "highs", "exec_time": 0.466998815536499, "ts": 1747940961, "obj": 174, "x": [6, 13, 5, 17, 12, 16, 14, 19, 2, 15, 7, 10, 0, 1, 9, 18, 8, 11, 3, 4]}}}