{"id": "650addae31a2194fe84ab0cdbf2d122b", "params": {"p": [2, 2, 2, 2, 2, 2, 2, 2, 2, 2], "w": [1, 15, 5, 19, 5, 27, 9, 10, 10, 30], "d1": [14, 13, 16, 10, 11, 18, 9, 11, 14, 20], "d2": [17, 19, 17, 18, 11, 18, 16, 19, 19, 20], "s1": [14, 11, 7, 6, 8, 12, 3, 9, 12, 15], "s2": [14, 11, 10, 6, 8, 16, 5, 10, 12, 15], "r": [1, 10, 4, 6, 8, 3, 2, 5, 7, 9]}, "results": {"wsrpt": {"exec_time": 0.0, "obj": 1384, "s": [1, 7, 6, 6, 7, 4, 4, 8, 10, 10, 8, 2, 2, 9, 9, 3, 3, 5, 5, 1], "ts": 1747940961}, "lp": {"solver": "highs", "exec_time": 0.41300058364868164, "ts": 1747940961, "obj": 106.0, "x": [[[0, 0, 0], 1.0], [[0, 1, 1], 1.0], [[1, 0, 10], 1.0], [[1, 1, 15], 1.0], [[2, 0, 3], 1.0], [[2, 1, 16], 1.0], [[3, 0, 5], 1.0], [[3, 1, 9], 1.0], [[4, 0, 7], 1.0], [[4, 1, 8], 1.0], [[5, 0, 12], 1.0], [[5, 1, 17], 1.0], [[6, 0, 2], 1.0], [[6, 1, 4], 1.0], [[7, 0, 6], 1.0], [[7, 1, 13], 1.0], [[8, 0, 11], 1.0], [[8, 1, 18], 1.0], [[9, 0, 14], 1.0], [[9, 1, 19], 1.0]]}, "a1": {"exec_time": 0.0, "obj": 106, "s": [1, 1, 7, 3, 7, 4, 8, 5, 5, 4, 2, 9, 6, 8, 10, 2, 3, 6, 9, 10]}, "a2": {"exec_time": 0.0, "obj": 106, "s": [1, 1, 7, 3, 7, 4, 8, 5, 5, 4, 2, 9, 6, 8, 10, 2, 3, 6, 9, 10], "ts": 1747940961}, "osp_blp": {"solver": "highs", "exec_time": 0.481997013092041, "ts": 1747940961, "obj": 106, "x": [0, 1, 10, 18, 3, 15, 5, 9, 7, 8, 13, 17, 2, 4, 6, 12, 11, 16, 14, 19]}}}