{"id": "6572a8796cedef4062374e66fc0c858a", "params": {"p": [2, 2, 2, 2, 2, 2, 2, 2, 2, 2], "w": [25, 3, 21, 14, 27, 22, 2, 1, 14, 22], "d1": [17, 16, 12, 9, 4, 18, 14, 14, 15, 16], "d2": [18, 17, 19, 14, 15, 20, 17, 16, 15, 18], "s1": [13, 6, 8, 7, 1, 14, 10, 14, 10, 9], "s2": [15, 13, 10, 9, 2, 17, 10, 14, 15, 9], "r": [5, 6, 3, 4, 1, 10, 8, 7, 2, 9]}, "results": {"wsrpt": {"exec_time": 0.0, "obj": 1191, "s": [5, 5, 3, 3, 1, 1, 4, 4, 10, 10, 6, 6, 9, 9, 2, 2, 7, 7, 8, 8], "ts": 1747940961}, "lp": {"solver": "highs", "exec_time": 0.42598724365234375, "ts": 1747940962, "obj": 251.0, "x": [[[0, 0, 12], 1.0], [[0, 1, 16], 1.0], [[1, 0, 5], 1.0], [[1, 1, 15], 1.0], [[2, 0, 7], 1.0], [[2, 1, 11], 1.0], [[3, 0, 3], 1.0], [[3, 1, 4], 1.0], [[4, 0, 0], 1.0], [[4, 1, 2], 1.0], [[5, 0, 13], 1.0], [[5, 1, 19], 1.0], [[6, 0, 9], 1.0], [[6, 1, 18], 1.0], [[7, 0, 6], 1.0], [[7, 1, 10], 1.0], [[8, 0, 1], 1.0], [[8, 1, 14], 1.0], [[9, 0, 8], 1.0], [[9, 1, 17], 1.0]]}, "a1": {"exec_time": 0.0, "obj": 251, "s": [5, 9, 5, 4, 4, 2, 8, 3, 10, 7, 8, 3, 1, 6, 9, 2, 1, 10, 7, 6]}, "a2": {"exec_time": 0.0, "obj": 251, "s": [5, 9, 5, 4, 4, 2, 8, 3, 10, 7, 8, 3, 1, 6, 9, 2, 1, 10, 7, 6], "ts": 1747940962}, "osp_blp": {"solver": "highs", "exec_time": 0.4809999465942383, "ts": 1747940962, "obj": 251, "x": [12, 17, 5, 16, 7, 18, 3, 4, 0, 2, 13, 19, 9, 11, 6, 10, 1, 14, 8, 15]}}}