{"id": "6663181a99c5157ebf83dbcf951c0820", "params": {"p": [2, 2, 2, 2, 2, 2, 2, 2, 2, 2], "w": [11, 18, 2, 28, 24, 2, 21, 23, 9, 1], "d1": [13, 16, 9, 9, 14, 16, 16, 11, 15, 14], "d2": [16, 19, 19, 14, 19, 20, 19, 20, 15, 15], "s1": [9, 6, 8, 8, 12, 5, 9, 4, 11, 14], "s2": [12, 7, 9, 9, 14, 6, 15, 11, 15, 14], "r": [3, 5, 7, 2, 8, 1, 6, 4, 10, 9]}, "results": {"wsrpt": {"exec_time": 0.0, "obj": 1120, "s": [6, 4, 4, 8, 8, 7, 7, 5, 5, 2, 2, 1, 1, 9, 9, 6, 3, 3, 10, 10], "ts": 1747940962}, "lp": {"solver": "highs", "exec_time": 0.4259986877441406, "ts": 1747940962, "obj": 181.0, "x": [[[0, 0, 2], 1.0], [[0, 1, 15], 1.0], [[1, 0, 4], 1.0], [[1, 1, 17], 1.0], [[2, 0, 6], 1.0], [[2, 1, 7], 1.0], [[3, 0, 5], 1.0], [[3, 1, 9], 1.0], [[4, 0, 11], 1.0], [[4, 1, 18], 1.0], [[5, 0, 0], 1.0], [[5, 1, 1], 1.0], [[6, 0, 8], 1.0], [[6, 1, 16], 1.0], [[7, 0, 3], 1.0], [[7, 1, 19], 1.0], [[8, 0, 10], 1.0], [[8, 1, 14], 1.0], [[9, 0, 12], 0.5000004999999994], [[9, 0, 13], 0.4999995000000007], [[9, 1, 12], 0.4999995000000006], [[9, 1, 13], 0.5000004999999994]]}, "a1": {"exec_time": 0.0, "obj": 181, "s": [6, 6, 1, 8, 2, 4, 3, 3, 7, 4, 9, 5, 10, 10, 9, 1, 7, 2, 5, 8]}, "a2": {"exec_time": 0.0, "obj": 181, "s": [6, 6, 1, 8, 2, 4, 3, 3, 7, 4, 9, 5, 10, 10, 9, 1, 7, 2, 5, 8], "ts": 1747940962}, "osp_blp": {"solver": "highs", "exec_time": 0.4789597988128662, "ts": 1747940962, "obj": 181, "x": [2, 12, 4, 18, 6, 7, 5, 8, 11, 16, 0, 1, 9, 17, 3, 19, 10, 14, 13, 15]}}}