{"id": "66959b2a5e2736a910e3dc48afa400f2", "params": {"p": [2, 2, 2, 2, 2, 2, 2, 2, 2, 2], "w": [24, 6, 14, 20, 30, 7, 26, 18, 21, 18], "d1": [12, 7, 16, 14, 8, 13, 16, 15, 13, 12], "d2": [17, 15, 17, 15, 19, 18, 17, 16, 16, 16], "s1": [9, 5, 12, 9, 2, 12, 14, 10, 6, 12], "s2": [10, 7, 14, 13, 7, 13, 16, 13, 9, 12], "r": [9, 5, 10, 4, 1, 2, 7, 6, 3, 8]}, "results": {"wsrpt": {"exec_time": 0.0, "obj": 1356, "s": [5, 5, 9, 9, 4, 4, 7, 7, 1, 1, 8, 8, 10, 10, 3, 3, 6, 6, 2, 2], "ts": 1747940962}, "lp": {"solver": "highs", "exec_time": 0.45299553871154785, "ts": 1747940963, "obj": 392.0, "x": [[[0, 0, 8], 1.0], [[0, 1, 17], 1.0], [[1, 0, 4], 1.0], [[1, 1, 5], 1.0], [[2, 0, 10], 1.0], [[2, 1, 19], 1.0], [[3, 0, 6], 1.0], [[3, 1, 13], 1.0], [[4, 0, 0], 1.0], [[4, 1, 7], 1.0], [[5, 0, 1], 1.0], [[5, 1, 2], 1.0], [[6, 0, 15], 1.0], [[6, 1, 16], 1.0], [[7, 0, 9], 1.0], [[7, 1, 14], 1.0], [[8, 0, 3], 1.0], [[8, 1, 12], 1.0], [[9, 0, 11], 1.0], [[9, 1, 18], 1.0]]}, "a1": {"exec_time": 0.0, "obj": 392, "s": [5, 6, 6, 9, 2, 2, 4, 5, 1, 8, 3, 10, 9, 4, 8, 7, 7, 1, 10, 3]}, "a2": {"exec_time": 0.0, "obj": 392, "s": [5, 6, 6, 9, 2, 2, 4, 5, 1, 8, 3, 10, 9, 4, 8, 7, 7, 1, 10, 3], "ts": 1747940963}, "osp_blp": {"solver": "highs", "exec_time": 0.5119998455047607, "ts": 1747940963, "obj": 392, "x": [8, 17, 4, 5, 10, 19, 6, 13, 0, 7, 1, 2, 15, 16, 9, 14, 3, 12, 11, 18]}}}