{"id": "6701898f0a21b4551543455e3195a19f", "params": {"p": [2, 2, 2, 2, 2, 2, 2, 2, 2, 2], "w": [15, 23, 8, 7, 20, 29, 10, 4, 8, 3], "d1": [13, 12, 10, 8, 13, 14, 20, 16, 13, 6], "d2": [14, 18, 13, 11, 16, 20, 20, 19, 14, 16], "s1": [10, 12, 6, 8, 10, 14, 14, 7, 10, 4], "s2": [10, 12, 9, 8, 11, 14, 16, 15, 12, 5], "r": [7, 10, 2, 6, 9, 8, 1, 4, 5, 3]}, "results": {"wsrpt": {"exec_time": 0.0, "obj": 1068, "s": [7, 7, 3, 3, 9, 9, 1, 1, 6, 6, 2, 2, 5, 5, 4, 4, 8, 8, 10, 10], "ts": 1747940963}, "lp": {"solver": "highs", "exec_time": 0.44299817085266113, "ts": 1747940963, "obj": 232.0, "x": [[[0, 0, 9], 1.0], [[0, 1, 12], 1.0], [[1, 0, 11], 1.0], [[1, 1, 17], 1.0], [[2, 0, 1], 1.0], [[2, 1, 8], 1.0], [[3, 0, 5], 1.0], [[3, 1, 6], 1.0], [[4, 0, 10], 1.0], [[4, 1, 15], 1.0], [[5, 0, 13], 1.0], [[5, 1, 16], 1.0], [[6, 0, 0], 1.0], [[6, 1, 19], 1.0], [[7, 0, 4], 1.0], [[7, 1, 18], 1.0], [[8, 0, 7], 1.0], [[8, 1, 14], 1.0], [[9, 0, 2], 1.0], [[9, 1, 3], 1.0]]}, "a1": {"exec_time": 0.0, "obj": 232, "s": [7, 3, 10, 10, 8, 4, 4, 9, 3, 1, 5, 2, 1, 6, 9, 5, 6, 2, 8, 7]}, "a2": {"exec_time": 0.0, "obj": 232, "s": [7, 3, 10, 10, 8, 4, 4, 9, 3, 1, 5, 2, 1, 6, 9, 5, 6, 2, 8, 7], "ts": 1747940963}, "osp_blp": {"solver": "highs", "exec_time": 0.48699498176574707, "ts": 1747940963, "obj": 232, "x": [9, 12, 11, 16, 1, 8, 5, 6, 10, 15, 13, 17, 0, 19, 4, 18, 7, 14, 2, 3]}}}