{"id": "67263774e450261491440936e47d4aeb", "params": {"p": [2, 2, 2, 2, 2, 2, 2, 2, 2, 2], "w": [15, 7, 22, 15, 5, 8, 16, 1, 28, 2], "d1": [20, 15, 13, 8, 18, 4, 14, 5, 20, 20], "d2": [20, 15, 15, 15, 19, 13, 19, 12, 20, 20], "s1": [17, 10, 13, 5, 4, 3, 9, 3, 14, 11], "s2": [17, 15, 13, 7, 13, 4, 10, 5, 17, 12], "r": [9, 10, 8, 5, 4, 2, 7, 3, 6, 1]}, "results": {"wsrpt": {"exec_time": 0.0, "obj": 1012, "s": [10, 6, 6, 5, 4, 4, 9, 9, 3, 3, 7, 7, 1, 1, 5, 2, 2, 10, 8, 8], "ts": 1747940963}, "lp": {"solver": "highs", "exec_time": 0.4519801139831543, "ts": 1747940964, "obj": 82.0, "x": [[[0, 0, 16], 1.0], [[0, 1, 18], 1.0], [[1, 0, 9], 1.0], [[1, 1, 11], 1.0], [[2, 0, 12], 1.0], [[2, 1, 14], 1.0], [[3, 0, 5], 1.0], [[3, 1, 7], 1.0], [[4, 0, 4], 1.0], [[4, 1, 17], 1.0], [[5, 0, 1], 1.0], [[5, 1, 3], 1.0], [[6, 0, 8], 1.0], [[6, 1, 13], 1.0], [[7, 0, 2], 1.0], [[7, 1, 6], 1.0], [[8, 0, 15], 1.0], [[8, 1, 19], 1.0], [[9, 0, 0], 1.0], [[9, 1, 10], 1.0]]}, "a1": {"exec_time": 0.0, "obj": 82, "s": [10, 6, 8, 6, 5, 4, 8, 4, 7, 2, 10, 2, 3, 7, 3, 9, 1, 5, 1, 9]}, "a2": {"exec_time": 0.0, "obj": 82, "s": [10, 6, 8, 6, 5, 4, 8, 4, 7, 2, 10, 2, 3, 7, 3, 9, 1, 5, 1, 9], "ts": 1747940964}, "osp_blp": {"solver": "highs", "exec_time": 0.47299695014953613, "ts": 1747940964, "obj": 82, "x": [16, 18, 9, 11, 12, 13, 4, 7, 3, 17, 1, 5, 8, 14, 2, 6, 15, 19, 0, 10]}}}