{"id": "67b15e2b66f064c9e9be4c698b553465", "params": {"p": [2, 2, 2, 2, 2, 2, 2, 2, 2, 2], "w": [22, 27, 24, 23, 5, 11, 14, 5, 9, 17], "d1": [13, 18, 5, 4, 19, 16, 14, 11, 12, 12], "d2": [18, 18, 14, 10, 19, 19, 18, 17, 17, 15], "s1": [5, 13, 4, 3, 19, 13, 11, 9, 9, 9], "s2": [7, 14, 4, 4, 19, 16, 13, 10, 11, 11], "r": [3, 10, 2, 1, 5, 7, 9, 8, 6, 4]}, "results": {"wsrpt": {"exec_time": 0.0, "obj": 829, "s": [4, 4, 3, 3, 1, 1, 10, 10, 7, 7, 2, 2, 6, 6, 9, 9, 5, 5, 8, 8], "ts": 1747940964}, "lp": {"solver": "highs", "exec_time": 0.41199779510498047, "ts": 1747940964, "obj": 223.0, "x": [[[0, 0, 2], 1.0], [[0, 1, 15], 1.0], [[1, 0, 12], 1.0], [[1, 1, 17], 1.0], [[2, 0, 3], 1.0], [[2, 1, 4], 1.0], [[3, 0, 0], 1.0], [[3, 1, 1], 1.0], [[4, 0, 18], 1.0], [[4, 1, 19], 1.0], [[5, 0, 14], 1.0], [[5, 1, 16], 1.0], [[6, 0, 10], 1.0], [[6, 1, 13], 1.0], [[7, 0, 7], 1.0], [[7, 1, 9], 1.0], [[8, 0, 5], 1.0], [[8, 1, 6], 1.0], [[9, 0, 8], 1.0], [[9, 1, 11], 1.0]]}, "a1": {"exec_time": 0.0, "obj": 223, "s": [4, 4, 1, 3, 3, 9, 9, 8, 10, 8, 7, 10, 2, 7, 6, 1, 6, 2, 5, 5]}, "a2": {"exec_time": 0.0, "obj": 223, "s": [4, 4, 1, 3, 3, 9, 9, 8, 10, 8, 7, 10, 2, 7, 6, 1, 6, 2, 5, 5], "ts": 1747940964}, "osp_blp": {"solver": "highs", "exec_time": 0.4719970226287842, "ts": 1747940964, "obj": 223, "x": [2, 12, 13, 17, 3, 4, 0, 1, 18, 19, 15, 16, 10, 14, 7, 9, 5, 6, 8, 11]}}}