{"id": "68ef2d65cf200159d0aa50af2cf98142", "params": {"p": [2, 2, 2, 2, 2, 2, 2, 2, 2, 2], "w": [14, 30, 3, 24, 10, 26, 30, 18, 28, 8], "d1": [19, 7, 20, 12, 12, 20, 15, 9, 12, 19], "d2": [20, 14, 20, 13, 16, 20, 17, 13, 16, 20], "s1": [13, 5, 1, 12, 11, 9, 12, 8, 9, 19], "s2": [15, 7, 5, 12, 12, 15, 14, 8, 9, 19], "r": [8, 2, 1, 10, 9, 7, 4, 5, 3, 6]}, "results": {"wsrpt": {"exec_time": 0.0, "obj": 1544, "s": [3, 2, 2, 7, 7, 9, 9, 6, 6, 4, 4, 8, 8, 1, 1, 5, 5, 10, 10, 3], "ts": 1747940964}, "lp": {"solver": "highs", "exec_time": 0.43500351905822754, "ts": 1747940965, "obj": 452.0, "x": [[[0, 0, 14], 1.0], [[0, 1, 18], 1.0], [[1, 0, 2], 0.5000005], [[1, 0, 3], 0.4999995], [[1, 1, 2], 0.4999995], [[1, 1, 3], 0.5000005], [[2, 0, 0], 1.0], [[2, 1, 1], 1.0], [[3, 0, 11], 1.0], [[3, 1, 12], 1.0], [[4, 0, 9], 1.0], [[4, 1, 10], 1.0], [[5, 0, 7], 1.0], [[5, 1, 19], 1.0], [[6, 0, 13], 1.0], [[6, 1, 16], 1.0], [[7, 0, 4], 1.0], [[7, 1, 6], 1.0], [[8, 0, 8], 1.0], [[8, 1, 15], 1.0], [[9, 0, 5], 1.0], [[9, 1, 17], 1.0]]}, "a1": {"exec_time": 0.0, "obj": 452, "s": [3, 3, 2, 2, 8, 10, 8, 6, 9, 5, 5, 4, 4, 7, 1, 9, 7, 10, 1, 6]}, "a2": {"exec_time": 0.0, "obj": 452, "s": [3, 3, 2, 2, 8, 10, 8, 6, 9, 5, 5, 4, 4, 7, 1, 9, 7, 10, 1, 6], "ts": 1747940965}, "osp_blp": {"solver": "highs", "exec_time": 0.4900028705596924, "ts": 1747940965, "obj": 452, "x": [14, 18, 2, 3, 0, 1, 11, 12, 9, 10, 7, 19, 13, 16, 4, 6, 8, 15, 5, 17]}}}