{"id": "69827869c822c228499883a46e1e58cd", "params": {"p": [2, 2, 2, 2, 2, 2, 2, 2, 2, 2], "w": [4, 20, 14, 23, 10, 7, 11, 4, 30, 2], "d1": [11, 19, 18, 17, 5, 10, 14, 16, 8, 13], "d2": [19, 19, 18, 19, 9, 15, 19, 19, 11, 19], "s1": [11, 14, 16, 13, 3, 7, 5, 13, 5, 9], "s2": [11, 14, 16, 14, 3, 7, 8, 13, 6, 11], "r": [8, 6, 10, 4, 1, 7, 3, 9, 5, 2]}, "results": {"wsrpt": {"exec_time": 0.0, "obj": 1177, "s": [5, 5, 7, 4, 4, 9, 9, 7, 2, 2, 3, 3, 6, 6, 1, 1, 8, 8, 10, 10], "ts": 1747940965}, "lp": {"solver": "highs", "exec_time": 0.4239950180053711, "ts": 1747940965, "obj": 80.0, "x": [[[0, 0, 8], 0.5000002499999996], [[0, 0, 10], 0.4999997500000004], [[0, 1, 8], 0.4999997500000004], [[0, 1, 10], 0.5000002499999996], [[1, 0, 13], 1.0], [[1, 1, 18], 1.0], [[2, 0, 15], 1.0], [[2, 1, 17], 1.0], [[3, 0, 12], 1.0], [[3, 1, 16], 1.0], [[4, 0, 0], 1.0], [[4, 1, 3], 1.0], [[5, 0, 6], 1.0], [[5, 1, 9], 1.0], [[6, 0, 5], 1.0], [[6, 1, 14], 1.0], [[7, 0, 11], 1.0], [[7, 1, 19], 1.0], [[8, 0, 4], 1.0], [[8, 1, 7], 1.0], [[9, 0, 1], 1.0], [[9, 1, 2], 1.0]]}, "a1": {"exec_time": 0.0, "obj": 80, "s": [5, 10, 10, 5, 9, 7, 6, 9, 1, 6, 1, 8, 4, 2, 7, 3, 4, 3, 2, 8]}, "a2": {"exec_time": 0.0, "obj": 80, "s": [5, 10, 10, 5, 9, 7, 6, 9, 1, 6, 1, 8, 4, 2, 7, 3, 4, 3, 2, 8], "ts": 1747940965}, "osp_blp": {"solver": "highs", "exec_time": 0.47300004959106445, "ts": 1747940965, "obj": 80, "x": [8, 10, 13, 18, 15, 17, 12, 16, 0, 3, 6, 9, 4, 14, 11, 19, 5, 7, 1, 2]}}}