{"id": "69e28f2b3cbd62e3bf263486e679bc37", "params": {"p": [2, 2, 2, 2, 2, 2, 2, 2, 2, 2], "w": [14, 14, 13, 9, 1, 16, 9, 19, 14, 6], "d1": [12, 7, 8, 12, 9, 13, 19, 18, 12, 18], "d2": [17, 11, 14, 17, 13, 17, 20, 20, 12, 20], "s1": [12, 2, 6, 11, 5, 8, 14, 14, 9, 6], "s2": [12, 2, 7, 11, 5, 10, 18, 18, 10, 14], "r": [10, 1, 4, 8, 5, 7, 9, 6, 2, 3]}, "results": {"wsrpt": {"exec_time": 0.0, "obj": 788, "s": [2, 2, 9, 9, 3, 3, 8, 8, 6, 6, 1, 1, 4, 4, 7, 7, 10, 10, 5, 5], "ts": 1747940965}, "lp": {"solver": "highs", "exec_time": 0.42402076721191406, "ts": 1747940966, "obj": 167.0, "x": [[[0, 0, 11], 1.0], [[0, 1, 15], 1.0], [[1, 0, 0], 1.0], [[1, 1, 1], 1.0], [[2, 0, 3], 1.0], [[2, 1, 6], 1.0], [[3, 0, 9], 1.0], [[3, 1, 12], 1.0], [[4, 0, 4], 1.0], [[4, 1, 5], 1.0], [[5, 0, 7], 1.0], [[5, 1, 16], 1.0], [[6, 0, 13], 1.0], [[6, 1, 18], 1.0], [[7, 0, 14], 1.0], [[7, 1, 17], 1.0], [[8, 0, 8], 1.0], [[8, 1, 10], 1.0], [[9, 0, 2], 1.0], [[9, 1, 19], 1.0]]}, "a1": {"exec_time": 0.0, "obj": 167, "s": [2, 2, 10, 3, 5, 5, 3, 6, 9, 4, 9, 1, 4, 7, 8, 1, 6, 8, 7, 10]}, "a2": {"exec_time": 0.0, "obj": 167, "s": [2, 2, 10, 3, 5, 5, 3, 6, 9, 4, 9, 1, 4, 7, 8, 1, 6, 8, 7, 10], "ts": 1747940966}, "osp_blp": {"solver": "highs", "exec_time": 0.5280022621154785, "ts": 1747940966, "obj": 167, "x": [10, 14, 0, 1, 3, 6, 9, 12, 4, 5, 7, 16, 15, 18, 13, 17, 8, 11, 2, 19]}}}