{"id": "6a0ee99a45f5cdb21be49070acecb553", "params": {"p": [2, 2, 2, 2, 2, 2, 2, 2, 2, 2], "w": [3, 2, 1, 28, 21, 8, 4, 11, 28, 7], "d1": [9, 13, 15, 12, 14, 15, 19, 8, 20, 18], "d2": [9, 16, 19, 16, 15, 17, 20, 15, 20, 19], "s1": [2, 10, 14, 4, 7, 11, 8, 6, 9, 10], "s2": [7, 13, 14, 4, 11, 15, 14, 6, 10, 15], "r": [2, 5, 8, 3, 1, 10, 7, 6, 4, 9]}, "results": {"wsrpt": {"exec_time": 0.0, "obj": 1315, "s": [5, 5, 4, 4, 9, 9, 8, 8, 10, 10, 6, 6, 7, 7, 1, 1, 2, 2, 3, 3], "ts": 1747940966}, "lp": {"solver": "highs", "exec_time": 0.447002649307251, "ts": 1747940966, "obj": 158.0, "x": [[[0, 0, 1], 1.0], [[0, 1, 2], 1.0], [[1, 0, 4], 1.0], [[1, 1, 12], 1.0], [[2, 0, 13], 1.0], [[2, 1, 15], 1.0], [[3, 0, 3], 1.0], [[3, 1, 11], 1.0], [[4, 0, 0], 1.0], [[4, 1, 14], 1.0], [[5, 0, 10], 1.0], [[5, 1, 16], 1.0], [[6, 0, 6], 1.0], [[6, 1, 18], 1.0], [[7, 0, 5], 1.0], [[7, 1, 7], 1.0], [[8, 0, 8], 1.0], [[8, 1, 19], 1.0], [[9, 0, 9], 1.0], [[9, 1, 17], 1.0]]}, "a1": {"exec_time": 0.0, "obj": 158, "s": [5, 1, 1, 4, 2, 8, 7, 8, 9, 10, 6, 4, 2, 3, 5, 3, 6, 10, 7, 9]}, "a2": {"exec_time": 0.0, "obj": 158, "s": [5, 1, 1, 4, 2, 8, 7, 8, 9, 10, 6, 4, 2, 3, 5, 3, 6, 10, 7, 9], "ts": 1747940966}, "osp_blp": {"solver": "highs", "exec_time": 0.5029962062835693, "ts": 1747940966, "obj": 158, "x": [1, 2, 4, 12, 13, 16, 3, 11, 0, 14, 10, 15, 6, 18, 5, 7, 8, 19, 9, 17]}}}