{"id": "6a1d4f3f214e526928dadf12d1a13a63", "params": {"p": [2, 2, 2, 2, 2, 2, 2, 2, 2, 2], "w": [14, 16, 13, 14, 26, 21, 28, 12, 10, 3], "d1": [11, 15, 12, 18, 19, 7, 18, 12, 18, 6], "d2": [16, 18, 20, 18, 20, 15, 18, 14, 20, 15], "s1": [3, 9, 10, 11, 12, 6, 13, 8, 14, 5], "s2": [8, 13, 12, 13, 13, 7, 14, 9, 18, 6], "r": [1, 8, 2, 7, 9, 4, 10, 6, 5, 3]}, "results": {"wsrpt": {"exec_time": 0.0, "obj": 1289, "s": [1, 1, 3, 3, 6, 6, 4, 4, 5, 5, 7, 7, 2, 2, 8, 8, 9, 9, 10, 10], "ts": 1747940966}, "lp": {"solver": "highs", "exec_time": 0.4309992790222168, "ts": 1747940967, "obj": 262.0, "x": [[[0, 0, 0], 1.0], [[0, 1, 9], 1.0], [[1, 0, 8], 1.0], [[1, 1, 15], 1.0], [[2, 0, 1], 1.0], [[2, 1, 14], 1.0], [[3, 0, 10], 1.0], [[3, 1, 16], 1.0], [[4, 0, 11], 1.0], [[4, 1, 18], 1.0], [[5, 0, 5], 1.0], [[5, 1, 6], 1.0], [[6, 0, 12], 1.0], [[6, 1, 17], 1.0], [[7, 0, 7], 1.0], [[7, 1, 13], 1.0], [[8, 0, 4], 1.0], [[8, 1, 19], 1.0], [[9, 0, 2], 1.0], [[9, 1, 3], 1.0]]}, "a1": {"exec_time": 0.0, "obj": 262, "s": [1, 3, 10, 10, 9, 6, 6, 8, 2, 1, 4, 5, 7, 8, 3, 2, 4, 7, 5, 9]}, "a2": {"exec_time": 0.0, "obj": 262, "s": [1, 3, 10, 10, 9, 6, 6, 8, 2, 1, 4, 5, 7, 8, 3, 2, 4, 7, 5, 9], "ts": 1747940967}, "osp_blp": {"solver": "highs", "exec_time": 0.45400023460388184, "ts": 1747940967, "obj": 262, "x": [0, 10, 8, 15, 1, 14, 9, 16, 12, 18, 5, 6, 13, 17, 7, 11, 4, 19, 2, 3]}}}