{"id": "6abb1c5524331947e9c13014910b86dd", "params": {"p": [2, 2, 2, 2, 2, 2, 2, 2, 2, 2], "w": [2, 8, 17, 17, 2, 12, 4, 23, 28, 10], "d1": [5, 11, 13, 7, 15, 12, 17, 9, 18, 9], "d2": [5, 20, 17, 16, 15, 17, 19, 19, 20, 18], "s1": [4, 9, 10, 7, 11, 8, 9, 8, 17, 3], "s2": [5, 10, 12, 7, 14, 9, 15, 8, 17, 6], "r": [2, 7, 10, 1, 6, 8, 9, 5, 4, 3]}, "results": {"wsrpt": {"exec_time": 0.0, "obj": 1156, "s": [4, 4, 10, 9, 9, 8, 8, 10, 6, 6, 3, 3, 2, 2, 7, 7, 1, 1, 5, 5], "ts": 1747940967}, "lp": {"solver": "highs", "exec_time": 0.4330003261566162, "ts": 1747940968, "obj": 158.0, "x": [[[0, 0, 1], 1.0], [[0, 1, 3], 1.0], [[1, 0, 9], 1.0], [[1, 1, 19], 1.0], [[2, 0, 11], 1.0], [[2, 1, 15], 1.0], [[3, 0, 0], 1.0], [[3, 1, 6], 1.0], [[4, 0, 5], 1.0], [[4, 1, 14], 1.0], [[5, 0, 8], 1.0], [[5, 1, 12], 1.0], [[6, 0, 10], 1.0], [[6, 1, 17], 1.0], [[7, 0, 7], 1.0], [[7, 1, 13], 1.0], [[8, 0, 16], 1.0], [[8, 1, 18], 1.0], [[9, 0, 2], 1.0], [[9, 1, 4], 1.0]]}, "a1": {"exec_time": 0.0, "obj": 158, "s": [4, 1, 10, 1, 10, 5, 4, 8, 6, 2, 7, 3, 6, 8, 5, 3, 9, 7, 9, 2]}, "a2": {"exec_time": 0.0, "obj": 158, "s": [4, 1, 10, 1, 10, 5, 4, 8, 6, 2, 7, 3, 6, 8, 5, 3, 9, 7, 9, 2], "ts": 1747940968}, "osp_blp": {"solver": "highs", "exec_time": 0.5059945583343506, "ts": 1747940968, "obj": 158, "x": [1, 3, 9, 18, 11, 12, 0, 6, 5, 14, 8, 15, 10, 17, 7, 13, 16, 19, 2, 4]}}}