{"id": "6b0f7c776de0aa48b899cf4d0d425434", "params": {"p": [2, 2, 2, 2, 2, 2, 2, 2, 2, 2], "w": [23, 17, 16, 20, 5, 10, 2, 2, 2, 13], "d1": [20, 19, 10, 18, 15, 19, 19, 13, 15, 17], "d2": [20, 19, 14, 20, 17, 19, 20, 17, 19, 18], "s1": [19, 13, 10, 9, 14, 19, 19, 13, 8, 16], "s2": [19, 18, 10, 11, 14, 19, 19, 13, 9, 17], "r": [5, 8, 1, 6, 10, 3, 7, 9, 4, 2]}, "results": {"wsrpt": {"exec_time": 0.0, "obj": 1921, "s": [3, 3, 10, 10, 1, 1, 4, 4, 2, 2, 6, 6, 5, 5, 7, 7, 8, 8, 9, 9], "ts": 1747940968}, "lp": {"solver": "highs", "exec_time": 0.41700291633605957, "ts": 1747940968, "obj": 720.0, "x": [[[0, 0, 18], 1.0], [[0, 1, 19], 1.0], [[1, 0, 12], 1.0], [[1, 1, 16], 1.0], [[2, 0, 0], 1.0], [[2, 1, 1], 1.0], [[3, 0, 5], 1.0], [[3, 1, 17], 1.0], [[4, 0, 10], 1.0], [[4, 1, 11], 1.0], [[5, 0, 2], 1.0], [[5, 1, 13], 1.0], [[6, 0, 6], 1.0], [[6, 1, 7], 1.0], [[7, 0, 8], 1.0], [[7, 1, 9], 1.0], [[8, 0, 3], 1.0], [[8, 1, 4], 1.0], [[9, 0, 14], 1.0], [[9, 1, 15], 1.0]]}, "a1": {"exec_time": 0.0, "obj": 720, "s": [3, 3, 6, 9, 9, 4, 7, 7, 8, 8, 5, 5, 2, 6, 10, 10, 2, 4, 1, 1]}, "a2": {"exec_time": 0.0, "obj": 720, "s": [3, 3, 6, 9, 9, 4, 7, 7, 8, 8, 5, 5, 2, 6, 10, 10, 2, 4, 1, 1], "ts": 1747940968}, "osp_blp": {"solver": "highs", "exec_time": 0.47899675369262695, "ts": 1747940968, "obj": 720, "x": [18, 19, 12, 16, 0, 1, 5, 17, 10, 11, 2, 13, 6, 7, 8, 9, 3, 4, 14, 15]}}}