{"id": "6cde16dbb4bad666f6b485724ec56eb0", "params": {"p": [2, 2, 2, 2, 2, 2, 2, 2, 2, 2], "w": [10, 18, 17, 5, 23, 7, 21, 12, 5, 10], "d1": [20, 6, 10, 14, 10, 16, 14, 20, 20, 3], "d2": [20, 9, 13, 16, 17, 18, 19, 20, 20, 7], "s1": [19, 5, 4, 11, 9, 10, 11, 12, 10, 2], "s2": [20, 6, 4, 12, 9, 11, 14, 16, 18, 2], "r": [10, 3, 4, 6, 8, 2, 9, 7, 5, 1]}, "results": {"wsrpt": {"exec_time": 0.0, "obj": 611, "s": [10, 10, 2, 2, 3, 3, 8, 8, 5, 5, 7, 7, 1, 1, 6, 6, 4, 4, 9, 9], "ts": 1747940968}, "lp": {"solver": "highs", "exec_time": 0.4290010929107666, "ts": 1747940969, "obj": 131.0, "x": [[[0, 0, 17], 1.0], [[0, 1, 18], 1.0], [[1, 0, 4], 1.0], [[1, 1, 5], 1.0], [[2, 0, 3], 1.0], [[2, 1, 10], 1.0], [[3, 0, 6], 1.0], [[3, 1, 13], 1.0], [[4, 0, 8], 1.0], [[4, 1, 9], 1.0], [[5, 0, 1], 1.0], [[5, 1, 15], 1.0], [[6, 0, 12], 1.0], [[6, 1, 14], 1.0], [[7, 0, 11], 1.0], [[7, 1, 19], 1.0], [[8, 0, 7], 1.0], [[8, 1, 16], 1.0], [[9, 0, 0], 1.0], [[9, 1, 2], 1.0]]}, "a1": {"exec_time": 0.0, "obj": 131, "s": [10, 6, 10, 3, 2, 2, 4, 9, 5, 5, 3, 8, 7, 4, 7, 6, 9, 1, 1, 8]}, "a2": {"exec_time": 0.0, "obj": 131, "s": [10, 6, 10, 3, 2, 2, 4, 9, 5, 5, 3, 8, 7, 4, 7, 6, 9, 1, 1, 8], "ts": 1747940969}, "osp_blp": {"solver": "highs", "exec_time": 0.5259966850280762, "ts": 1747940969, "obj": 131, "x": [17, 18, 4, 5, 3, 9, 7, 13, 8, 11, 1, 15, 10, 14, 12, 19, 6, 16, 0, 2]}}}