{"id": "6dfa0b187c5788e3438f616387c6bf28", "params": {"p": [2, 2, 2, 2, 2, 2, 2, 2, 2, 2], "w": [12, 27, 20, 13, 10, 7, 27, 7, 28, 20], "d1": [12, 17, 16, 16, 15, 13, 20, 18, 7, 20], "d2": [17, 20, 20, 19, 20, 16, 20, 18, 8, 20], "s1": [11, 3, 14, 15, 11, 6, 12, 8, 3, 15], "s2": [11, 7, 14, 16, 15, 13, 12, 14, 7, 20], "r": [10, 3, 1, 7, 6, 4, 5, 8, 2, 9]}, "results": {"wsrpt": {"exec_time": 0.0, "obj": 1919, "s": [3, 3, 9, 9, 2, 2, 7, 7, 10, 10, 4, 4, 1, 1, 5, 5, 6, 6, 8, 8], "ts": 1747940969}, "lp": {"solver": "highs", "exec_time": 0.39899539947509766, "ts": 1747940970, "obj": 548.0, "x": [[[0, 0, 9], 1.0], [[0, 1, 10], 1.0], [[1, 0, 2], 1.0], [[1, 1, 17], 1.0], [[2, 0, 0], 1.0], [[2, 1, 15], 1.0], [[3, 0, 13], 1.0], [[3, 1, 16], 1.0], [[4, 0, 5], 1.0], [[4, 1, 12], 1.0], [[5, 0, 3], 1.0], [[5, 1, 4], 1.0], [[6, 0, 11], 1.0], [[6, 1, 19], 1.0], [[7, 0, 7], 1.0], [[7, 1, 8], 1.0], [[8, 0, 1], 1.0], [[8, 1, 6], 1.0], [[9, 0, 14], 1.0], [[9, 1, 18], 1.0]]}, "a1": {"exec_time": 0.0, "obj": 548, "s": [3, 9, 2, 6, 6, 5, 9, 8, 8, 1, 1, 7, 5, 4, 10, 3, 4, 2, 10, 7]}, "a2": {"exec_time": 0.0, "obj": 548, "s": [3, 9, 2, 6, 6, 5, 9, 8, 8, 1, 1, 7, 5, 4, 10, 3, 4, 2, 10, 7], "ts": 1747940970}, "osp_blp": {"solver": "highs", "exec_time": 0.508995532989502, "ts": 1747940970, "obj": 548, "x": [9, 10, 2, 16, 0, 17, 13, 15, 5, 12, 3, 4, 11, 19, 7, 8, 1, 6, 14, 18]}}}