{"id": "6dfa656edfdd9cb7e10a571002910ab9", "params": {"p": [2, 2, 2, 2, 2, 2, 2, 2, 2, 2], "w": [5, 17, 10, 5, 16, 16, 16, 27, 3, 2], "d1": [4, 14, 13, 11, 20, 19, 9, 13, 20, 10], "d2": [10, 19, 16, 13, 20, 19, 19, 13, 20, 13], "s1": [2, 7, 12, 11, 12, 7, 6, 11, 18, 8], "s2": [4, 11, 12, 11, 20, 12, 6, 13, 19, 9], "r": [2, 4, 5, 7, 8, 3, 1, 10, 9, 6]}, "results": {"wsrpt": {"exec_time": 0.0, "obj": 1144, "s": [7, 7, 6, 6, 2, 2, 3, 3, 5, 5, 8, 8, 1, 1, 4, 4, 9, 9, 10, 10], "ts": 1747940970}, "lp": {"solver": "highs", "exec_time": 0.43999600410461426, "ts": 1747940970, "obj": 206.0, "x": [[[0, 0, 1], 1.0], [[0, 1, 2], 1.0], [[1, 0, 4], 1.0], [[1, 1, 15], 1.0], [[2, 0, 11], 1.0], [[2, 1, 13], 1.0], [[3, 0, 7], 1.0], [[3, 1, 9], 1.0], [[4, 0, 14], 1.0], [[4, 1, 19], 1.0], [[5, 0, 3], 1.0], [[5, 1, 18], 1.0], [[6, 0, 0], 1.0], [[6, 1, 8], 1.0], [[7, 0, 10], 1.0], [[7, 1, 12], 1.0], [[8, 0, 16], 1.0], [[8, 1, 17], 1.0], [[9, 0, 5], 1.0], [[9, 1, 6], 1.0]]}, "a1": {"exec_time": 0.0, "obj": 206, "s": [7, 1, 1, 6, 2, 10, 10, 4, 7, 4, 8, 3, 8, 3, 5, 2, 9, 9, 6, 5]}, "a2": {"exec_time": 0.0, "obj": 206, "s": [7, 1, 1, 6, 2, 10, 10, 4, 7, 4, 8, 3, 8, 3, 5, 2, 9, 9, 6, 5], "ts": 1747940970}, "osp_blp": {"solver": "highs", "exec_time": 0.5039942264556885, "ts": 1747940970, "obj": 206, "x": [1, 2, 4, 14, 11, 15, 7, 9, 13, 19, 3, 18, 0, 8, 10, 12, 16, 17, 5, 6]}}}