{"id": "6dfeeb68cec32828db06fb8be10c8826", "params": {"p": [2, 2, 2, 2, 2, 2, 2, 2, 2, 2], "w": [5, 7, 21, 27, 5, 9, 5, 29, 14, 28], "d1": [19, 19, 3, 16, 19, 13, 10, 19, 16, 9], "d2": [19, 19, 16, 19, 19, 15, 11, 19, 18, 18], "s1": [12, 15, 2, 7, 5, 9, 8, 16, 13, 9], "s2": [13, 18, 2, 9, 9, 13, 10, 19, 15, 9], "r": [10, 5, 1, 2, 4, 8, 6, 7, 9, 3]}, "results": {"wsrpt": {"exec_time": 0.0, "obj": 1612, "s": [3, 3, 10, 10, 4, 4, 8, 8, 9, 9, 6, 6, 2, 2, 1, 1, 5, 5, 7, 7], "ts": 1747940970}, "lp": {"solver": "highs", "exec_time": 0.44299983978271484, "ts": 1747940971, "obj": 305.0, "x": [[[0, 0, 10], 1.0], [[0, 1, 13], 1.0], [[1, 0, 14], 1.0], [[1, 1, 19], 1.0], [[2, 0, 0], 1.0], [[2, 1, 1], 1.0], [[3, 0, 2], 1.0], [[3, 1, 15], 1.0], [[4, 0, 3], 1.0], [[4, 1, 4], 1.0], [[5, 0, 7], 1.0], [[5, 1, 11], 1.0], [[6, 0, 5], 1.0], [[6, 1, 6], 1.0], [[7, 0, 16], 1.0], [[7, 1, 18], 1.0], [[8, 0, 12], 1.0], [[8, 1, 17], 1.0], [[9, 0, 8], 1.0], [[9, 1, 9], 1.0]]}, "a1": {"exec_time": 0.0, "obj": 305, "s": [3, 3, 4, 5, 5, 7, 7, 6, 10, 10, 1, 6, 9, 1, 2, 4, 8, 9, 8, 2]}, "a2": {"exec_time": 0.0, "obj": 305, "s": [3, 3, 4, 5, 5, 7, 7, 6, 10, 10, 1, 6, 9, 1, 2, 4, 8, 9, 8, 2], "ts": 1747940971}, "osp_blp": {"solver": "highs", "exec_time": 0.5210084915161133, "ts": 1747940971, "obj": 305, "x": [10, 13, 14, 19, 0, 1, 2, 15, 3, 4, 7, 11, 5, 6, 16, 18, 12, 17, 8, 9]}}}