{"id": "6dff0b682cc74c9faadd000d8dfba3e0", "params": {"p": [2, 2, 2, 2, 2, 2, 2, 2, 2, 2], "w": [9, 7, 25, 10, 9, 13, 14, 30, 9, 10], "d1": [10, 18, 14, 15, 9, 8, 16, 11, 10, 19], "d2": [14, 19, 15, 19, 10, 15, 17, 16, 12, 20], "s1": [7, 13, 5, 2, 4, 6, 10, 10, 9, 15], "s2": [10, 17, 5, 3, 8, 6, 11, 11, 9, 15], "r": [7, 9, 1, 2, 4, 6, 3, 8, 5, 10]}, "results": {"wsrpt": {"exec_time": 0.0, "obj": 1310, "s": [3, 3, 7, 7, 4, 4, 6, 8, 8, 6, 10, 10, 1, 1, 5, 5, 9, 9, 2, 2], "ts": 1747940971}, "lp": {"solver": "highs", "exec_time": 0.4519975185394287, "ts": 1747940971, "obj": 234.0, "x": [[[0, 0, 6], 1.0], [[0, 1, 11], 1.0], [[1, 0, 15], 1.0], [[1, 1, 17], 1.0], [[2, 0, 0], 1.0], [[2, 1, 13], 1.0], [[3, 0, 1], 1.0], [[3, 1, 18], 1.0], [[4, 0, 3], 1.0], [[4, 1, 8], 1.0], [[5, 0, 5], 1.0], [[5, 1, 7], 1.0], [[6, 0, 2], 1.0], [[6, 1, 16], 1.0], [[7, 0, 10], 1.0], [[7, 1, 12], 1.0], [[8, 0, 4], 1.0], [[8, 1, 9], 1.0], [[9, 0, 14], 1.0], [[9, 1, 19], 1.0]]}, "a1": {"exec_time": 0.0, "obj": 234, "s": [3, 4, 7, 5, 9, 6, 1, 6, 5, 9, 8, 1, 8, 3, 10, 2, 7, 2, 4, 10]}, "a2": {"exec_time": 0.0, "obj": 234, "s": [3, 4, 7, 5, 9, 6, 1, 6, 5, 9, 8, 1, 8, 3, 10, 2, 7, 2, 4, 10], "ts": 1747940971}, "osp_blp": {"solver": "highs", "exec_time": 0.5259978771209717, "ts": 1747940971, "obj": 234, "x": [6, 10, 16, 18, 0, 13, 1, 17, 3, 4, 5, 7, 2, 15, 9, 12, 8, 11, 14, 19]}}}