{"id": "6e53aeb5f37eb892a1372aa0dadf6e1a", "params": {"p": [2, 2, 2, 2, 2, 2, 2, 2, 2, 2], "w": [9, 26, 30, 14, 6, 4, 1, 21, 2, 28], "d1": [16, 13, 15, 14, 11, 14, 13, 18, 5, 14], "d2": [20, 19, 16, 20, 12, 20, 14, 18, 10, 14], "s1": [5, 9, 12, 10, 9, 10, 12, 8, 4, 12], "s2": [10, 9, 14, 13, 11, 10, 13, 13, 4, 13], "r": [2, 4, 10, 5, 9, 8, 6, 3, 1, 7]}, "results": {"wsrpt": {"exec_time": 0.0, "obj": 1371, "s": [9, 1, 8, 8, 2, 2, 10, 10, 1, 3, 3, 4, 4, 5, 5, 6, 6, 9, 7, 7], "ts": 1747940971}, "lp": {"solver": "highs", "exec_time": 0.4299967288970947, "ts": 1747940972, "obj": 204.0, "x": [[[0, 0, 2], 1.0], [[0, 1, 19], 1.0], [[1, 0, 8], 1.0], [[1, 1, 15], 1.0], [[2, 0, 12], 1.0], [[2, 1, 14], 1.0], [[3, 0, 4], 1.0], [[3, 1, 18], 1.0], [[4, 0, 9], 1.0], [[4, 1, 10], 1.0], [[5, 0, 7], 1.0], [[5, 1, 16], 1.0], [[6, 0, 5], 1.0], [[6, 1, 6], 1.0], [[7, 0, 3], 1.0], [[7, 1, 17], 1.0], [[8, 0, 0], 1.0], [[8, 1, 1], 1.0], [[9, 0, 11], 1.0], [[9, 1, 13], 1.0]]}, "a1": {"exec_time": 0.0, "obj": 204, "s": [9, 9, 1, 8, 4, 7, 7, 6, 2, 5, 5, 10, 3, 10, 3, 2, 6, 8, 4, 1]}, "a2": {"exec_time": 0.0, "obj": 204, "s": [9, 9, 1, 8, 4, 7, 7, 6, 2, 5, 5, 10, 3, 10, 3, 2, 6, 8, 4, 1], "ts": 1747940972}, "osp_blp": {"solver": "highs", "exec_time": 0.49900197982788086, "ts": 1747940972, "obj": 204, "x": [2, 16, 8, 18, 12, 15, 4, 19, 9, 10, 7, 14, 5, 6, 3, 17, 0, 1, 11, 13]}}}