{"id": "6ea0bdd9811fb885ca5dca5dcaa091e9", "params": {"p": [2, 2, 2, 2, 2, 2, 2, 2, 2, 2], "w": [10, 15, 2, 30, 1, 19, 3, 13, 3, 22], "d1": [7, 15, 17, 15, 18, 15, 6, 19, 20, 14], "d2": [15, 20, 20, 17, 20, 16, 11, 20, 20, 18], "s1": [1, 11, 14, 15, 13, 9, 6, 11, 8, 10], "s2": [7, 13, 17, 15, 13, 13, 6, 15, 15, 13], "r": [1, 3, 7, 4, 6, 9, 2, 10, 5, 8]}, "results": {"wsrpt": {"exec_time": 0.0, "obj": 1243, "s": [1, 1, 2, 2, 4, 4, 7, 10, 10, 6, 6, 8, 8, 7, 9, 9, 3, 3, 5, 5], "ts": 1747940972}, "lp": {"solver": "highs", "exec_time": 0.45099639892578125, "ts": 1747940972, "obj": 98.0, "x": [[[0, 0, 0], 1.0], [[0, 1, 3], 1.0], [[1, 0, 11], 1.0], [[1, 1, 17], 1.0], [[2, 0, 7], 1.0], [[2, 1, 12], 1.0], [[3, 0, 14], 1.0], [[3, 1, 16], 1.0], [[4, 0, 5], 1.0], [[4, 1, 6], 1.0], [[5, 0, 8], 1.0], [[5, 1, 15], 1.0], [[6, 0, 1], 1.0], [[6, 1, 2], 1.0], [[7, 0, 10], 1.0], [[7, 1, 18], 1.0], [[8, 0, 4], 1.0], [[8, 1, 19], 1.0], [[9, 0, 9], 1.0], [[9, 1, 13], 1.0]]}, "a1": {"exec_time": 0.0, "obj": 98, "s": [1, 7, 7, 1, 9, 5, 5, 3, 6, 10, 8, 2, 3, 10, 4, 6, 4, 2, 8, 9]}, "a2": {"exec_time": 0.0, "obj": 98, "s": [1, 7, 7, 1, 9, 5, 5, 3, 6, 10, 8, 2, 3, 10, 4, 6, 4, 2, 8, 9], "ts": 1747940972}, "osp_blp": {"solver": "highs", "exec_time": 0.46001720428466797, "ts": 1747940972, "obj": 98, "x": [0, 3, 11, 17, 7, 12, 14, 16, 5, 6, 8, 15, 1, 2, 10, 18, 4, 19, 9, 13]}}}