{"id": "6f01938f69ffee3aea67c5016a81a344", "params": {"p": [2, 2, 2, 2, 2, 2, 2, 2, 2, 2], "w": [13, 18, 29, 13, 14, 26, 30, 7, 24, 5], "d1": [13, 12, 14, 13, 18, 9, 17, 11, 6, 9], "d2": [20, 12, 17, 14, 18, 18, 19, 17, 9, 14], "s1": [12, 8, 5, 10, 16, 8, 6, 10, 5, 5], "s2": [12, 11, 13, 10, 17, 8, 15, 11, 5, 7], "r": [10, 8, 5, 2, 1, 7, 6, 9, 3, 4]}, "results": {"wsrpt": {"exec_time": 0.0, "obj": 1301, "s": [5, 5, 9, 9, 3, 3, 7, 7, 6, 6, 2, 2, 1, 1, 4, 4, 8, 8, 10, 10], "ts": 1747940972}, "lp": {"solver": "highs", "exec_time": 0.4439828395843506, "ts": 1747940973, "obj": 380.0, "x": [[[0, 0, 10], 1.0], [[0, 1, 19], 1.0], [[1, 0, 8], 1.0], [[1, 1, 11], 1.0], [[2, 0, 4], 1.0], [[2, 1, 14], 1.0], [[3, 0, 1], 1.0], [[3, 1, 13], 1.0], [[4, 0, 0], 1.0], [[4, 1, 17], 1.0], [[5, 0, 7], 1.0], [[5, 1, 16], 1.0], [[6, 0, 5], 1.0], [[6, 1, 18], 1.0], [[7, 0, 9], 1.0], [[7, 1, 15], 1.0], [[8, 0, 2], 1.0], [[8, 1, 6], 1.0], [[9, 0, 3], 1.0], [[9, 1, 12], 1.0]]}, "a1": {"exec_time": 0.0, "obj": 380, "s": [5, 4, 9, 10, 3, 7, 9, 6, 2, 8, 1, 2, 10, 4, 3, 8, 6, 5, 7, 1]}, "a2": {"exec_time": 0.0, "obj": 380, "s": [5, 4, 9, 10, 3, 7, 9, 6, 2, 8, 1, 2, 10, 4, 3, 8, 6, 5, 7, 1], "ts": 1747940973}, "osp_blp": {"solver": "highs", "exec_time": 0.5100002288818359, "ts": 1747940973, "obj": 380, "x": [12, 19, 10, 11, 4, 15, 1, 13, 0, 17, 7, 14, 6, 18, 9, 16, 2, 5, 3, 8]}}}