{"id": "6f6d6ee60d0db2daee3a3638e7921965", "params": {"p": [2, 2, 2, 2, 2, 2, 2, 2, 2, 2], "w": [25, 10, 5, 4, 27, 13, 17, 2, 5, 6], "d1": [9, 11, 3, 11, 17, 17, 18, 16, 20, 11], "d2": [18, 13, 16, 15, 19, 18, 19, 16, 20, 17], "s1": [9, 11, 3, 5, 14, 12, 12, 9, 7, 9], "s2": [9, 11, 3, 6, 14, 14, 16, 12, 18, 9], "r": [6, 8, 1, 5, 10, 9, 7, 3, 2, 4]}, "results": {"wsrpt": {"exec_time": 0.0, "obj": 955, "s": [3, 3, 9, 9, 10, 1, 1, 7, 7, 5, 5, 6, 6, 10, 2, 2, 4, 4, 8, 8], "ts": 1747940973}, "lp": {"solver": "highs", "exec_time": 0.46000242233276367, "ts": 1747940973, "obj": 77.0, "x": [[[0, 0, 8], 1.0], [[0, 1, 9], 1.0], [[1, 0, 10], 1.0], [[1, 1, 12], 1.0], [[2, 0, 0], 1.0], [[2, 1, 1], 1.0], [[3, 0, 4], 1.0], [[3, 1, 5], 1.0], [[4, 0, 13], 1.0], [[4, 1, 17], 1.0], [[5, 0, 11], 1.0], [[5, 1, 16], 1.0], [[6, 0, 15], 1.0], [[6, 1, 18], 1.0], [[7, 0, 2], 1.0], [[7, 1, 3], 1.0], [[8, 0, 6], 1.0], [[8, 1, 19], 1.0], [[9, 0, 7], 1.0], [[9, 1, 14], 1.0]]}, "a1": {"exec_time": 0.0, "obj": 77, "s": [3, 3, 8, 8, 4, 4, 9, 10, 1, 1, 2, 6, 2, 5, 10, 7, 6, 5, 7, 9]}, "a2": {"exec_time": 0.0, "obj": 77, "s": [3, 3, 8, 8, 4, 4, 9, 10, 1, 1, 2, 6, 2, 5, 10, 7, 6, 5, 7, 9], "ts": 1747940973}, "osp_blp": {"solver": "highs", "exec_time": 0.49900007247924805, "ts": 1747940973, "obj": 77, "x": [8, 9, 10, 12, 0, 1, 4, 5, 13, 16, 11, 17, 14, 18, 2, 3, 6, 19, 7, 15]}}}