{"id": "7190b6a1a18f2f59fc0ad5f38c65bf9c", "params": {"p": [2, 2, 2, 2, 2, 2, 2, 2, 2, 2], "w": [7, 12, 21, 25, 12, 27, 9, 1, 27, 22], "d1": [15, 17, 17, 19, 8, 11, 9, 13, 18, 16], "d2": [15, 17, 17, 20, 19, 15, 19, 17, 19, 17], "s1": [12, 3, 5, 9, 8, 9, 5, 13, 12, 16], "s2": [15, 6, 10, 16, 8, 10, 6, 13, 16, 16], "r": [10, 3, 5, 7, 6, 2, 4, 1, 8, 9]}, "results": {"wsrpt": {"exec_time": 0.0, "obj": 1690, "s": [8, 6, 6, 2, 2, 3, 3, 9, 9, 4, 4, 10, 10, 5, 5, 7, 7, 1, 1, 8], "ts": 1747940974}, "lp": {"solver": "highs", "exec_time": 0.43399977684020996, "ts": 1747940974, "obj": 112.0, "x": [[[0, 0, 12], 1.0], [[0, 1, 13], 1.0], [[1, 0, 2], 1.0], [[1, 1, 17], 1.0], [[2, 0, 4], 1.0], [[2, 1, 16], 1.0], [[3, 0, 8], 1.0], [[3, 1, 19], 1.0], [[4, 0, 6], 0.5000004999999998], [[4, 0, 7], 0.4999995000000001], [[4, 1, 6], 0.4999995000000002], [[4, 1, 7], 0.5000004999999998], [[5, 0, 9], 1.0], [[5, 1, 10], 1.0], [[6, 0, 3], 1.0], [[6, 1, 5], 1.0], [[7, 0, 0], 1.0], [[7, 1, 1], 1.0], [[8, 0, 11], 1.0], [[8, 1, 18], 1.0], [[9, 0, 14], 1.0], [[9, 1, 15], 1.0]]}, "a1": {"exec_time": 0.0, "obj": 112, "s": [8, 8, 2, 7, 3, 7, 5, 5, 4, 6, 6, 9, 1, 1, 10, 10, 3, 2, 9, 4]}, "a2": {"exec_time": 0.0, "obj": 112, "s": [8, 8, 2, 7, 3, 7, 5, 5, 4, 6, 6, 9, 1, 1, 10, 10, 3, 2, 9, 4], "ts": 1747940974}, "osp_blp": {"solver": "highs", "exec_time": 0.4940013885498047, "ts": 1747940974, "obj": 112, "x": [12, 13, 2, 17, 4, 16, 9, 19, 6, 7, 8, 10, 3, 5, 0, 1, 11, 18, 14, 15]}}}