{"id": "721ac898f2f6dbf843bd16e58d6bb7bd", "params": {"p": [2, 2, 2, 2, 2, 2, 2, 2, 2, 2], "w": [5, 6, 27, 1, 27, 20, 29, 1, 5, 12], "d1": [17, 16, 15, 9, 17, 19, 12, 9, 6, 20], "d2": [19, 18, 15, 14, 17, 20, 14, 19, 6, 20], "s1": [10, 16, 13, 8, 6, 12, 12, 3, 4, 17], "s2": [14, 16, 14, 8, 8, 16, 12, 7, 4, 20], "r": [10, 7, 6, 1, 5, 9, 8, 2, 3, 4]}, "results": {"wsrpt": {"exec_time": 0.0, "obj": 1297, "s": [4, 4, 9, 10, 5, 5, 3, 3, 7, 7, 10, 6, 6, 9, 2, 2, 1, 1, 8, 8], "ts": 1747940974}, "lp": {"solver": "highs", "exec_time": 0.44899702072143555, "ts": 1747940975, "obj": 133.0, "x": [[[0, 0, 9], 1.0], [[0, 1, 15], 1.0], [[1, 0, 7], 0.5000004999999994], [[1, 0, 8], 0.4999995000000007], [[1, 1, 7], 0.4999995000000006], [[1, 1, 8], 0.5000004999999994], [[2, 0, 12], 1.0], [[2, 1, 14], 1.0], [[3, 0, 0], 1.0], [[3, 1, 4], 1.0], [[4, 0, 6], 1.0], [[4, 1, 16], 1.0], [[5, 0, 10], 1.0], [[5, 1, 18], 1.0], [[6, 0, 11], 1.0], [[6, 1, 13], 1.0], [[7, 0, 1], 1.0], [[7, 1, 2], 1.0], [[8, 0, 3], 1.0], [[8, 1, 5], 1.0], [[9, 0, 17], 1.0], [[9, 1, 19], 1.0]]}, "a1": {"exec_time": 0.0, "obj": 133, "s": [4, 8, 8, 9, 4, 9, 5, 2, 2, 1, 6, 7, 3, 7, 3, 1, 5, 10, 6, 10]}, "a2": {"exec_time": 0.0, "obj": 133, "s": [4, 8, 8, 9, 4, 9, 5, 2, 2, 1, 6, 7, 3, 7, 3, 1, 5, 10, 6, 10], "ts": 1747940975}, "osp_blp": {"solver": "highs", "exec_time": 0.5159988403320312, "ts": 1747940975, "obj": 133, "x": [9, 15, 7, 8, 12, 14, 0, 4, 6, 16, 10, 18, 11, 13, 1, 2, 3, 5, 17, 19]}}}