{"id": "7241dba49813e2d57e4c4b204bec7a23", "params": {"p": [2, 2, 2, 2, 2, 2, 2, 2, 2, 2], "w": [29, 12, 10, 24, 29, 14, 23, 28, 21, 20], "d1": [6, 11, 15, 18, 11, 15, 20, 14, 13, 13], "d2": [17, 19, 18, 20, 18, 15, 20, 19, 18, 16], "s1": [6, 9, 11, 12, 9, 3, 9, 3, 12, 7], "s2": [6, 11, 13, 17, 10, 13, 20, 9, 12, 7], "r": [4, 8, 2, 10, 6, 3, 9, 1, 5, 7]}, "results": {"wsrpt": {"exec_time": 0.0, "obj": 1511, "s": [8, 8, 6, 1, 1, 5, 5, 6, 7, 7, 4, 4, 9, 9, 10, 10, 2, 2, 3, 3], "ts": 1747940975}, "lp": {"solver": "highs", "exec_time": 0.4309976100921631, "ts": 1747940975, "obj": 297.0, "x": [[[0, 0, 4], 1.0], [[0, 1, 5], 1.0], [[1, 0, 7], 1.0], [[1, 1, 10], 1.0], [[2, 0, 1], 1.0], [[2, 1, 3], 1.0], [[3, 0, 16], 1.0], [[3, 1, 18], 1.0], [[4, 0, 9], 1.0], [[4, 1, 15], 1.0], [[5, 0, 2], 1.0], [[5, 1, 14], 1.0], [[6, 0, 8], 1.0], [[6, 1, 19], 1.0], [[7, 0, 0], 1.0], [[7, 1, 17], 1.0], [[8, 0, 11], 1.0], [[8, 1, 13], 1.0], [[9, 0, 6], 1.0], [[9, 1, 12], 1.0]]}, "a1": {"exec_time": 0.0, "obj": 297, "s": [8, 3, 6, 3, 1, 1, 10, 2, 7, 5, 2, 9, 10, 9, 6, 5, 4, 8, 4, 7]}, "a2": {"exec_time": 0.0, "obj": 297, "s": [8, 3, 6, 3, 1, 1, 10, 2, 7, 5, 2, 9, 10, 9, 6, 5, 4, 8, 4, 7], "ts": 1747940975}, "osp_blp": {"solver": "highs", "exec_time": 0.48699092864990234, "ts": 1747940975, "obj": 297, "x": [4, 5, 7, 10, 1, 3, 12, 18, 8, 13, 2, 14, 9, 19, 0, 16, 11, 17, 6, 15]}}}