{"id": "72c8dc0f676759a1e91a9f9828578db5", "params": {"p": [2, 2, 2, 2, 2, 2, 2, 2, 2, 2], "w": [29, 25, 10, 28, 17, 28, 15, 6, 20, 5], "d1": [15, 15, 14, 12, 9, 14, 13, 15, 19, 17], "d2": [19, 20, 18, 18, 11, 18, 14, 18, 20, 19], "s1": [11, 13, 2, 11, 8, 8, 6, 11, 18, 6], "s2": [15, 15, 7, 12, 8, 11, 9, 13, 19, 17], "r": [3, 10, 2, 5, 7, 6, 4, 8, 9, 1]}, "results": {"wsrpt": {"exec_time": 0.0, "obj": 1941, "s": [10, 3, 1, 1, 4, 4, 6, 6, 3, 2, 2, 9, 9, 5, 5, 7, 7, 10, 8, 8], "ts": 1747940975}, "lp": {"solver": "highs", "exec_time": 0.41798877716064453, "ts": 1747940976, "obj": 329.0, "x": [[[0, 0, 10], 1.0], [[0, 1, 15], 1.0], [[1, 0, 12], 1.0], [[1, 1, 19], 1.0], [[2, 0, 1], 1.0], [[2, 1, 3], 1.0], [[3, 0, 9], 1.0], [[3, 1, 11], 1.0], [[4, 0, 6], 1.0], [[4, 1, 8], 1.0], [[5, 0, 5], 1.0], [[5, 1, 16], 1.0], [[6, 0, 4], 1.0], [[6, 1, 13], 1.0], [[7, 0, 7], 1.0], [[7, 1, 14], 1.0], [[8, 0, 17], 1.0], [[8, 1, 18], 1.0], [[9, 0, 0], 1.0], [[9, 1, 2], 1.0]]}, "a1": {"exec_time": 0.0, "obj": 329, "s": [10, 3, 10, 3, 7, 6, 5, 8, 5, 4, 1, 4, 2, 7, 8, 1, 6, 9, 9, 2]}, "a2": {"exec_time": 0.0, "obj": 329, "s": [10, 3, 10, 3, 7, 6, 5, 8, 5, 4, 1, 4, 2, 7, 8, 1, 6, 9, 9, 2], "ts": 1747940976}, "osp_blp": {"solver": "highs", "exec_time": 0.4849984645843506, "ts": 1747940976, "obj": 329, "x": [10, 14, 12, 18, 1, 3, 9, 11, 6, 8, 5, 15, 4, 13, 7, 16, 17, 19, 0, 2]}}}