{"id": "7365bade05128528286d1a8a132601c2", "params": {"p": [2, 2, 2, 2, 2, 2, 2, 2, 2, 2], "w": [2, 24, 25, 22, 4, 24, 1, 20, 11, 8], "d1": [14, 12, 12, 16, 14, 3, 18, 16, 20, 12], "d2": [14, 12, 17, 16, 16, 11, 20, 19, 20, 14], "s1": [14, 6, 10, 13, 7, 1, 7, 12, 17, 9], "s2": [14, 9, 11, 15, 13, 3, 18, 12, 17, 12], "r": [3, 6, 10, 5, 2, 1, 4, 8, 7, 9]}, "results": {"wsrpt": {"exec_time": 0.0, "obj": 917, "s": [6, 6, 5, 5, 4, 4, 2, 2, 8, 8, 3, 3, 9, 9, 10, 10, 1, 1, 7, 7], "ts": 1747940976}, "lp": {"solver": "highs", "exec_time": 0.4179952144622803, "ts": 1747940976, "obj": 90.0, "x": [[[0, 0, 6], 1.0], [[0, 1, 7], 1.0], [[1, 0, 5], 1.0], [[1, 1, 11], 1.0], [[2, 0, 9], 1.0], [[2, 1, 14], 1.0], [[3, 0, 12], 1.0], [[3, 1, 15], 1.0], [[4, 0, 1], 1.0], [[4, 1, 17], 1.0], [[5, 0, 0], 1.0], [[5, 1, 2], 1.0], [[6, 0, 3], 1.0], [[6, 1, 4], 1.0], [[7, 0, 10], 1.0], [[7, 1, 18], 1.0], [[8, 0, 16], 1.0], [[8, 1, 19], 1.0], [[9, 0, 8], 1.0], [[9, 1, 13], 1.0]]}, "a1": {"exec_time": 0.0, "obj": 90, "s": [6, 5, 6, 7, 7, 2, 1, 1, 10, 3, 8, 2, 4, 10, 3, 4, 9, 5, 8, 9]}, "a2": {"exec_time": 0.0, "obj": 90, "s": [6, 5, 6, 7, 7, 2, 1, 1, 10, 3, 8, 2, 4, 10, 3, 4, 9, 5, 8, 9], "ts": 1747940976}, "osp_blp": {"solver": "highs", "exec_time": 0.496995210647583, "ts": 1747940976, "obj": 90, "x": [6, 7, 5, 11, 9, 14, 12, 15, 1, 17, 0, 2, 3, 4, 10, 18, 16, 19, 8, 13]}}}