{"id": "7420a5e9d112db03b38835cc0b6b1d64", "params": {"p": [2, 2, 2, 2, 2, 2, 2, 2, 2, 2], "w": [29, 14, 22, 25, 30, 2, 16, 9, 28, 5], "d1": [15, 16, 19, 7, 12, 8, 20, 11, 13, 7], "d2": [16, 16, 19, 12, 17, 10, 20, 20, 19, 12], "s1": [10, 14, 13, 7, 8, 6, 11, 11, 12, 6], "s2": [13, 14, 18, 7, 12, 6, 11, 11, 12, 6], "r": [8, 1, 3, 2, 5, 6, 10, 7, 9, 4]}, "results": {"wsrpt": {"exec_time": 0.0, "obj": 1722, "s": [2, 2, 4, 4, 5, 5, 3, 3, 1, 1, 9, 9, 7, 7, 8, 8, 10, 10, 6, 6], "ts": 1747940976}, "lp": {"solver": "highs", "exec_time": 0.42601919174194336, "ts": 1747940977, "obj": 447.0, "x": [[[0, 0, 9], 1.0], [[0, 1, 14], 1.0], [[1, 0, 0], 1.0], [[1, 1, 15], 1.0], [[2, 0, 17], 1.0], [[2, 1, 18], 1.0], [[3, 0, 1], 1.0], [[3, 1, 2], 1.0], [[4, 0, 7], 1.0], [[4, 1, 12], 1.0], [[5, 0, 5], 1.0], [[5, 1, 6], 1.0], [[6, 0, 10], 1.0], [[6, 1, 19], 1.0], [[7, 0, 8], 1.0], [[7, 1, 16], 1.0], [[8, 0, 11], 1.0], [[8, 1, 13], 1.0], [[9, 0, 3], 1.0], [[9, 1, 4], 1.0]]}, "a1": {"exec_time": 0.0, "obj": 447, "s": [2, 4, 4, 10, 10, 6, 6, 5, 8, 1, 7, 9, 5, 9, 1, 2, 8, 3, 3, 7]}, "a2": {"exec_time": 0.0, "obj": 447, "s": [2, 4, 4, 10, 10, 6, 6, 5, 8, 1, 7, 9, 5, 9, 1, 2, 8, 3, 3, 7], "ts": 1747940977}, "osp_blp": {"solver": "highs", "exec_time": 0.4960198402404785, "ts": 1747940977, "obj": 447, "x": [9, 14, 0, 15, 13, 18, 1, 2, 7, 12, 5, 6, 10, 19, 8, 16, 11, 17, 3, 4]}}}