{"id": "76b16afceb8439e3df58d9bdef8ac0f4", "params": {"p": [2, 2, 2, 2, 2, 2, 2, 2, 2, 2], "w": [18, 1, 1, 9, 28, 26, 13, 11, 4, 11], "d1": [16, 9, 11, 18, 13, 13, 10, 6, 6, 19], "d2": [20, 16, 20, 19, 16, 15, 16, 20, 12, 19], "s1": [15, 9, 6, 18, 3, 10, 6, 3, 6, 15], "s2": [15, 9, 8, 18, 11, 13, 6, 6, 6, 15], "r": [9, 7, 6, 4, 3, 10, 5, 1, 2, 8]}, "results": {"wsrpt": {"exec_time": 0.0, "obj": 964, "s": [8, 8, 5, 5, 7, 7, 4, 4, 1, 1, 6, 6, 10, 10, 9, 9, 2, 2, 3, 3], "ts": 1747940977}, "lp": {"solver": "highs", "exec_time": 0.40500402450561523, "ts": 1747940978, "obj": 78.0, "x": [[[0, 0, 14], 1.0], [[0, 1, 16], 1.0], [[1, 0, 7], 0.5000005000000001], [[1, 0, 8], 0.4999994999999999], [[1, 1, 7], 0.4999994999999999], [[1, 1, 8], 0.5000005], [[2, 0, 6], 1.0], [[2, 1, 10], 1.0], [[3, 0, 17], 1.0], [[3, 1, 19], 1.0], [[4, 0, 2], 1.0], [[4, 1, 15], 1.0], [[5, 0, 11], 1.0], [[5, 1, 12], 1.0], [[6, 0, 5], 1.0], [[6, 1, 9], 1.0], [[7, 0, 0], 1.0], [[7, 1, 4], 1.0], [[8, 0, 1], 1.0], [[8, 1, 3], 1.0], [[9, 0, 13], 1.0], [[9, 1, 18], 1.0]]}, "a1": {"exec_time": 0.0, "obj": 78, "s": [8, 9, 5, 9, 8, 7, 3, 2, 2, 7, 3, 6, 6, 10, 1, 5, 1, 4, 10, 4]}, "a2": {"exec_time": 0.0, "obj": 78, "s": [8, 9, 5, 9, 8, 7, 3, 2, 2, 7, 3, 6, 6, 10, 1, 5, 1, 4, 10, 4], "ts": 1747940978}, "osp_blp": {"solver": "highs", "exec_time": 0.48799943923950195, "ts": 1747940978, "obj": 78, "x": [14, 16, 7, 8, 6, 11, 17, 19, 2, 13, 9, 12, 5, 10, 0, 4, 1, 3, 15, 18]}}}