{"id": "770c67dad34ae80339ddb485e3ec5ff8", "params": {"p": [2, 2, 2, 2, 2, 2, 2, 2, 2, 2], "w": [15, 2, 17, 13, 11, 5, 13, 11, 16, 6], "d1": [13, 7, 9, 20, 16, 6, 18, 13, 17, 17], "d2": [19, 12, 19, 20, 19, 12, 19, 20, 20, 17], "s1": [9, 6, 8, 19, 7, 6, 14, 13, 17, 3], "s2": [9, 6, 8, 19, 7, 6, 18, 13, 17, 4], "r": [9, 5, 3, 8, 6, 4, 7, 1, 10, 2]}, "results": {"wsrpt": {"exec_time": 0.0, "obj": 1308, "s": [8, 8, 3, 3, 10, 10, 7, 7, 1, 1, 9, 9, 4, 4, 5, 5, 6, 6, 2, 2], "ts": 1747940978}, "lp": {"solver": "highs", "exec_time": 0.4420011043548584, "ts": 1747940978, "obj": 272.0, "x": [[[0, 0, 8], 1.0], [[0, 1, 12], 1.0], [[1, 0, 4], 1.0], [[1, 1, 10], 1.0], [[2, 0, 7], 1.0], [[2, 1, 9], 1.0], [[3, 0, 18], 1.0], [[3, 1, 19], 1.0], [[4, 0, 6], 1.0], [[4, 1, 14], 1.0], [[5, 0, 3], 1.0], [[5, 1, 5], 1.0], [[6, 0, 13], 1.0], [[6, 1, 17], 1.0], [[7, 0, 0], 1.0], [[7, 1, 11], 1.0], [[8, 0, 15], 0.5000004999999997], [[8, 0, 16], 0.4999995000000003], [[8, 1, 15], 0.4999995000000003], [[8, 1, 16], 0.5000004999999997], [[9, 0, 1], 1.0], [[9, 1, 2], 1.0]]}, "a1": {"exec_time": 0.0, "obj": 272, "s": [8, 10, 10, 6, 2, 6, 5, 3, 1, 3, 2, 8, 1, 7, 5, 9, 9, 7, 4, 4]}, "a2": {"exec_time": 0.0, "obj": 272, "s": [8, 10, 10, 6, 2, 6, 5, 3, 1, 3, 2, 8, 1, 7, 5, 9, 9, 7, 4, 4], "ts": 1747940978}, "osp_blp": {"solver": "highs", "exec_time": 0.528998613357544, "ts": 1747940978, "obj": 272, "x": [8, 12, 4, 9, 7, 10, 18, 19, 6, 14, 3, 5, 13, 17, 0, 11, 15, 16, 1, 2]}}}