{"id": "774745dbda210c1187dba856d23471ca", "params": {"p": [2, 2, 2, 2, 2, 2, 2, 2, 2, 2], "w": [16, 1, 27, 20, 27, 22, 10, 28, 23, 8], "d1": [20, 14, 8, 15, 11, 10, 13, 8, 12, 7], "d2": [20, 18, 8, 20, 17, 14, 15, 10, 17, 10], "s1": [14, 9, 7, 10, 8, 7, 13, 6, 11, 7], "s2": [18, 9, 7, 10, 10, 8, 13, 6, 12, 7], "r": [10, 6, 1, 5, 8, 7, 2, 4, 9, 3]}, "results": {"wsrpt": {"exec_time": 0.0, "obj": 1212, "s": [3, 3, 7, 8, 8, 4, 4, 5, 5, 9, 9, 6, 6, 7, 1, 1, 10, 10, 2, 2], "ts": 1747940978}, "lp": {"solver": "highs", "exec_time": 0.4380025863647461, "ts": 1747940979, "obj": 379.0, "x": [[[0, 0, 16], 1.0], [[0, 1, 19], 1.0], [[1, 0, 5], 1.0], [[1, 1, 17], 1.0], [[2, 0, 0], 1.0], [[2, 1, 7], 1.0], [[3, 0, 10], 1.0], [[3, 1, 18], 1.0], [[4, 0, 8], 1.0], [[4, 1, 15], 1.0], [[5, 0, 6], 1.0], [[5, 1, 12], 1.0], [[6, 0, 1], 1.0], [[6, 1, 14], 1.0], [[7, 0, 4], 1.0], [[7, 1, 9], 1.0], [[8, 0, 11], 1.0], [[8, 1, 13], 1.0], [[9, 0, 2], 1.0], [[9, 1, 3], 1.0]]}, "a1": {"exec_time": 0.0, "obj": 379, "s": [3, 7, 10, 10, 8, 2, 6, 3, 5, 8, 4, 9, 6, 9, 7, 5, 1, 2, 4, 1]}, "a2": {"exec_time": 0.0, "obj": 379, "s": [3, 7, 10, 10, 8, 2, 6, 3, 5, 8, 4, 9, 6, 9, 7, 5, 1, 2, 4, 1], "ts": 1747940979}, "osp_blp": {"solver": "highs", "exec_time": 0.4940037727355957, "ts": 1747940979, "obj": 379, "x": [16, 19, 5, 17, 0, 7, 10, 18, 9, 15, 6, 12, 1, 13, 4, 8, 11, 14, 2, 3]}}}