{"id": "77f4e5a885f99d5006fbbb7d4121550f", "params": {"p": [2, 2, 2, 2, 2, 2, 2, 2, 2, 2], "w": [19, 23, 1, 9, 7, 9, 11, 15, 12, 3], "d1": [11, 12, 19, 14, 7, 18, 9, 12, 19, 14], "d2": [14, 16, 20, 17, 11, 18, 11, 12, 20, 18], "s1": [9, 9, 11, 5, 5, 12, 5, 11, 19, 10], "s2": [9, 9, 15, 6, 5, 15, 9, 12, 19, 13], "r": [5, 8, 2, 4, 1, 6, 3, 9, 7, 10]}, "results": {"wsrpt": {"exec_time": 0.0, "obj": 730, "s": [5, 5, 7, 7, 1, 1, 9, 9, 2, 2, 8, 8, 4, 4, 6, 6, 10, 10, 3, 3], "ts": 1747940979}, "lp": {"solver": "highs", "exec_time": 0.4439983367919922, "ts": 1747940979, "obj": 110.0, "x": [[[0, 0, 7], 1.0], [[0, 1, 12], 1.0], [[1, 0, 8], 1.0], [[1, 1, 15], 1.0], [[2, 0, 1], 1.0], [[2, 1, 2], 1.0], [[3, 0, 3], 1.0], [[3, 1, 13], 1.0], [[4, 0, 0], 1.0], [[4, 1, 5], 1.0], [[5, 0, 14], 1.0], [[5, 1, 17], 1.0], [[6, 0, 4], 1.0], [[6, 1, 6], 1.0], [[7, 0, 10], 1.0], [[7, 1, 11], 1.0], [[8, 0, 18], 1.0], [[8, 1, 19], 1.0], [[9, 0, 9], 1.0], [[9, 1, 16], 1.0]]}, "a1": {"exec_time": 0.0, "obj": 110, "s": [5, 3, 3, 4, 7, 5, 7, 1, 2, 10, 8, 8, 1, 4, 6, 2, 10, 6, 9, 9]}, "a2": {"exec_time": 0.0, "obj": 110, "s": [5, 3, 3, 4, 7, 5, 7, 1, 2, 10, 8, 8, 1, 4, 6, 2, 10, 6, 9, 9], "ts": 1747940979}, "osp_blp": {"solver": "highs", "exec_time": 0.4839944839477539, "ts": 1747940979, "obj": 110, "x": [7, 13, 8, 12, 1, 2, 3, 16, 0, 5, 14, 17, 4, 6, 10, 11, 18, 19, 9, 15]}}}