{"id": "7857cc8df4d770c6094c7116f28c78d7", "params": {"p": [2, 2, 2, 2, 2, 2, 2, 2, 2, 2], "w": [23, 22, 14, 27, 3, 14, 9, 20, 8, 16], "d1": [14, 16, 20, 7, 6, 7, 19, 9, 16, 10], "d2": [19, 16, 20, 17, 11, 20, 20, 19, 18, 10], "s1": [10, 13, 11, 4, 6, 6, 16, 9, 6, 8], "s2": [12, 16, 13, 5, 6, 7, 19, 9, 11, 9], "r": [10, 7, 9, 3, 2, 1, 5, 6, 4, 8]}, "results": {"wsrpt": {"exec_time": 0.0, "obj": 1169, "s": [6, 6, 4, 4, 7, 8, 8, 2, 2, 1, 1, 7, 10, 10, 3, 3, 9, 9, 5, 5], "ts": 1747940979}, "lp": {"solver": "highs", "exec_time": 0.41399693489074707, "ts": 1747940980, "obj": 113.0, "x": [[[0, 0, 10], 1.0], [[0, 1, 13], 1.0], [[1, 0, 14], 1.0], [[1, 1, 15], 1.0], [[2, 0, 11], 1.0], [[2, 1, 19], 1.0], [[3, 0, 3], 1.0], [[3, 1, 6], 1.0], [[4, 0, 1], 1.0], [[4, 1, 2], 1.0], [[5, 0, 0], 1.0], [[5, 1, 5], 1.0], [[6, 0, 16], 1.0], [[6, 1, 18], 1.0], [[7, 0, 8], 1.0], [[7, 1, 12], 1.0], [[8, 0, 4], 1.0], [[8, 1, 17], 1.0], [[9, 0, 7], 1.0], [[9, 1, 9], 1.0]]}, "a1": {"exec_time": 0.0, "obj": 113, "s": [6, 5, 5, 4, 9, 6, 4, 10, 8, 10, 1, 3, 8, 1, 2, 2, 7, 9, 7, 3]}, "a2": {"exec_time": 0.0, "obj": 113, "s": [6, 5, 5, 4, 9, 6, 4, 10, 8, 10, 1, 3, 8, 1, 2, 2, 7, 9, 7, 3], "ts": 1747940980}, "osp_blp": {"solver": "highs", "exec_time": 0.4819977283477783, "ts": 1747940980, "obj": 113, "x": [10, 13, 14, 15, 12, 19, 3, 6, 1, 2, 0, 5, 16, 18, 8, 11, 4, 17, 7, 9]}}}