{"id": "7a17c7eac96dee3177ff1a00de094301", "params": {"p": [2, 2, 2, 2, 2, 2, 2, 2, 2, 2], "w": [24, 24, 20, 28, 21, 20, 18, 1, 24, 19], "d1": [18, 11, 14, 15, 13, 11, 10, 12, 8, 12], "d2": [19, 14, 19, 18, 13, 17, 20, 16, 8, 17], "s1": [18, 10, 6, 13, 10, 10, 10, 8, 7, 11], "s2": [18, 11, 14, 15, 11, 11, 10, 12, 7, 11], "r": [1, 6, 5, 8, 9, 4, 2, 7, 3, 10]}, "results": {"wsrpt": {"exec_time": 0.0, "obj": 1834, "s": [1, 1, 9, 9, 3, 3, 2, 2, 4, 4, 5, 5, 6, 6, 10, 10, 7, 7, 8, 8], "ts": 1747940980}, "lp": {"solver": "highs", "exec_time": 0.4030022621154785, "ts": 1747940980, "obj": 862.0, "x": [[[0, 0, 0], 1.0], [[0, 1, 18], 1.0], [[1, 0, 9], 1.0], [[1, 1, 11], 1.0], [[2, 0, 4], 1.0], [[2, 1, 14], 1.0], [[3, 0, 13], 1.0], [[3, 1, 17], 1.0], [[4, 0, 8], 1.0], [[4, 1, 12], 1.0], [[5, 0, 3], 1.0], [[5, 1, 16], 1.0], [[6, 0, 1], 1.0], [[6, 1, 19], 1.0], [[7, 0, 6], 1.0], [[7, 1, 7], 1.0], [[8, 0, 2], 1.0], [[8, 1, 5], 1.0], [[9, 0, 10], 1.0], [[9, 1, 15], 1.0]]}, "a1": {"exec_time": 0.0, "obj": 862, "s": [1, 7, 9, 6, 3, 9, 8, 8, 5, 2, 10, 2, 5, 4, 3, 10, 6, 4, 1, 7]}, "a2": {"exec_time": 0.0, "obj": 862, "s": [1, 7, 9, 6, 3, 9, 8, 8, 5, 2, 10, 2, 5, 4, 3, 10, 6, 4, 1, 7], "ts": 1747940980}, "osp_blp": {"solver": "highs", "exec_time": 0.4530014991760254, "ts": 1747940980, "obj": 862, "x": [0, 17, 9, 13, 4, 18, 14, 16, 8, 12, 3, 11, 1, 19, 6, 7, 2, 5, 10, 15]}}}