{"id": "7a2672a403ee7dbf4c8c37fc73228ac7", "params": {"p": [2, 2, 2, 2, 2, 2, 2, 2, 2, 2], "w": [28, 16, 18, 20, 29, 6, 23, 4, 7, 22], "d1": [19, 5, 19, 17, 8, 13, 11, 10, 12, 12], "d2": [20, 10, 20, 19, 16, 16, 17, 13, 18, 12], "s1": [10, 4, 6, 5, 8, 7, 8, 5, 11, 10], "s2": [12, 4, 6, 13, 8, 11, 9, 7, 12, 12], "r": [10, 2, 6, 5, 4, 7, 8, 3, 1, 9]}, "results": {"wsrpt": {"exec_time": 0.0, "obj": 1169, "s": [9, 2, 2, 5, 5, 4, 4, 7, 7, 1, 1, 10, 10, 3, 3, 9, 6, 6, 8, 8], "ts": 1747940980}, "lp": {"solver": "highs", "exec_time": 0.38500070571899414, "ts": 1747940981, "obj": 126.0, "x": [[[0, 0, 9], 1.0], [[0, 1, 18], 1.0], [[1, 0, 1], 1.0], [[1, 1, 3], 1.0], [[2, 0, 5], 1.0], [[2, 1, 19], 1.0], [[3, 0, 4], 1.0], [[3, 1, 17], 1.0], [[4, 0, 7], 1.0], [[4, 1, 15], 1.0], [[5, 0, 6], 1.0], [[5, 1, 14], 1.0], [[6, 0, 8], 1.0], [[6, 1, 16], 1.0], [[7, 0, 2], 1.0], [[7, 1, 12], 1.0], [[8, 0, 0], 1.0], [[8, 1, 13], 1.0], [[9, 0, 10], 1.0], [[9, 1, 11], 1.0]]}, "a1": {"exec_time": 0.0, "obj": 126, "s": [9, 2, 8, 2, 4, 3, 6, 5, 7, 1, 10, 10, 8, 9, 6, 5, 7, 4, 1, 3]}, "a2": {"exec_time": 0.0, "obj": 126, "s": [9, 2, 8, 2, 4, 3, 6, 5, 7, 1, 10, 10, 8, 9, 6, 5, 7, 4, 1, 3], "ts": 1747940981}, "osp_blp": {"solver": "highs", "exec_time": 0.49199986457824707, "ts": 1747940981, "obj": 126, "x": [10, 18, 1, 3, 5, 19, 4, 17, 7, 13, 6, 14, 8, 15, 2, 12, 0, 16, 9, 11]}}}