{"id": "7a28c09cd4cddec50174ade75b5210b9", "params": {"p": [2, 2, 2, 2, 2, 2, 2, 2, 2, 2], "w": [5, 27, 24, 7, 12, 1, 12, 13, 10, 2], "d1": [18, 17, 15, 8, 9, 11, 11, 16, 17, 14], "d2": [20, 17, 20, 19, 18, 19, 18, 20, 20, 14], "s1": [14, 6, 14, 3, 8, 6, 9, 6, 16, 13], "s2": [16, 7, 15, 6, 9, 9, 11, 13, 16, 13], "r": [2, 6, 8, 3, 1, 4, 9, 5, 10, 7]}, "results": {"wsrpt": {"exec_time": 0.0, "obj": 920, "s": [5, 5, 4, 4, 8, 2, 2, 8, 3, 3, 7, 7, 9, 9, 1, 1, 10, 10, 6, 6], "ts": 1747940981}, "lp": {"solver": "highs", "exec_time": 0.41500043869018555, "ts": 1747940981, "obj": 156.0, "x": [[[0, 0, 1], 1.0], [[0, 1, 19], 1.0], [[1, 0, 6], 1.0], [[1, 1, 16], 1.0], [[2, 0, 13], 1.0], [[2, 1, 14], 1.0], [[3, 0, 2], 1.0], [[3, 1, 7], 1.0], [[4, 0, 0], 1.0], [[4, 1, 9], 1.0], [[5, 0, 3], 1.0], [[5, 1, 4], 1.0], [[6, 0, 8], 1.0], [[6, 1, 10], 1.0], [[7, 0, 5], 1.0], [[7, 1, 17], 1.0], [[8, 0, 15], 1.0], [[8, 1, 18], 1.0], [[9, 0, 11], 1.0], [[9, 1, 12], 1.0]]}, "a1": {"exec_time": 0.0, "obj": 156, "s": [5, 1, 4, 6, 6, 8, 2, 4, 7, 5, 7, 10, 10, 3, 3, 9, 2, 8, 9, 1]}, "a2": {"exec_time": 0.0, "obj": 156, "s": [5, 1, 4, 6, 6, 8, 2, 4, 7, 5, 7, 10, 10, 3, 3, 9, 2, 8, 9, 1], "ts": 1747940981}, "osp_blp": {"solver": "highs", "exec_time": 0.5310184955596924, "ts": 1747940981, "obj": 156, "x": [1, 17, 6, 16, 13, 14, 2, 7, 0, 8, 3, 4, 9, 10, 5, 18, 15, 19, 11, 12]}}}