{"id": "7af07b43a88958f51608b3878845d70c", "params": {"p": [2, 2, 2, 2, 2, 2, 2, 2, 2, 2], "w": [2, 6, 28, 21, 7, 14, 23, 1, 12, 17], "d1": [8, 16, 9, 15, 12, 13, 10, 20, 14, 16], "d2": [17, 19, 19, 15, 20, 15, 13, 20, 20, 18], "s1": [3, 13, 8, 11, 2, 11, 6, 11, 13, 8], "s2": [5, 14, 9, 12, 6, 12, 7, 12, 14, 16], "r": [3, 10, 6, 8, 2, 9, 5, 4, 7, 1]}, "results": {"wsrpt": {"exec_time": 0.0, "obj": 784, "s": [10, 10, 5, 5, 7, 7, 3, 3, 4, 4, 6, 6, 9, 9, 2, 2, 1, 1, 8, 8], "ts": 1747940982}, "lp": {"solver": "highs", "exec_time": 0.413989782333374, "ts": 1747940982, "obj": 155.0, "x": [[[0, 0, 2], 1.0], [[0, 1, 6], 1.0], [[1, 0, 15], 1.0], [[1, 1, 17], 1.0], [[2, 0, 7], 1.0], [[2, 1, 8], 1.0], [[3, 0, 10], 1.0], [[3, 1, 14], 1.0], [[4, 0, 1], 1.0], [[4, 1, 19], 1.0], [[5, 0, 11], 1.0], [[5, 1, 12], 1.0], [[6, 0, 5], 1.0], [[6, 1, 9], 1.0], [[7, 0, 3], 1.0], [[7, 1, 4], 1.0], [[8, 0, 13], 1.0], [[8, 1, 18], 1.0], [[9, 0, 0], 1.0], [[9, 1, 16], 1.0]]}, "a1": {"exec_time": 0.0, "obj": 155, "s": [10, 5, 1, 8, 8, 7, 1, 3, 3, 7, 4, 6, 6, 9, 4, 2, 10, 2, 9, 5]}, "a2": {"exec_time": 0.0, "obj": 155, "s": [10, 5, 1, 8, 8, 7, 1, 3, 3, 7, 4, 6, 6, 9, 4, 2, 10, 2, 9, 5], "ts": 1747940982}, "osp_blp": {"solver": "highs", "exec_time": 0.5169992446899414, "ts": 1747940982, "obj": 155, "x": [2, 6, 15, 18, 7, 8, 10, 14, 1, 19, 11, 12, 5, 9, 3, 4, 13, 17, 0, 16]}}}