{"id": "7be7a9bd9ddec89881ff71ba42243eec", "params": {"p": [2, 2, 2, 2, 2, 2, 2, 2, 2, 2], "w": [5, 24, 13, 8, 23, 23, 21, 4, 13, 10], "d1": [8, 15, 15, 12, 19, 8, 19, 14, 4, 15], "d2": [17, 20, 15, 14, 20, 14, 20, 20, 4, 17], "s1": [7, 13, 14, 11, 17, 6, 18, 14, 4, 11], "s2": [7, 14, 15, 11, 17, 7, 18, 14, 4, 11], "r": [4, 7, 2, 8, 10, 5, 3, 9, 1, 6]}, "results": {"wsrpt": {"exec_time": 0.0, "obj": 1658, "s": [9, 9, 7, 7, 6, 6, 2, 2, 3, 3, 5, 5, 10, 10, 4, 4, 1, 1, 8, 8], "ts": 1747940982}, "lp": {"solver": "highs", "exec_time": 0.45201945304870605, "ts": 1747940983, "obj": 324.0, "x": [[[0, 0, 3], 1.0], [[0, 1, 4], 1.0], [[1, 0, 12], 1.0], [[1, 1, 15], 1.0], [[2, 0, 2], 1.0], [[2, 1, 14], 1.0], [[3, 0, 10], 1.0], [[3, 1, 11], 1.0], [[4, 0, 16], 1.0], [[4, 1, 19], 1.0], [[5, 0, 5], 1.0], [[5, 1, 7], 1.0], [[6, 0, 17], 1.0], [[6, 1, 18], 1.0], [[7, 0, 8], 1.0], [[7, 1, 9], 1.0], [[8, 0, 0], 1.0], [[8, 1, 1], 1.0], [[9, 0, 6], 1.0], [[9, 1, 13], 1.0]]}, "a1": {"exec_time": 0.0, "obj": 324, "s": [9, 9, 3, 1, 1, 6, 10, 6, 8, 8, 4, 4, 2, 10, 3, 2, 5, 7, 7, 5]}, "a2": {"exec_time": 0.0, "obj": 324, "s": [9, 9, 3, 1, 1, 6, 10, 6, 8, 8, 4, 4, 2, 10, 3, 2, 5, 7, 7, 5], "ts": 1747940983}, "osp_blp": {"solver": "highs", "exec_time": 0.46001362800598145, "ts": 1747940983, "obj": 324, "x": [3, 4, 12, 15, 1, 14, 10, 11, 16, 19, 5, 7, 17, 18, 8, 9, 0, 2, 6, 13]}}}