{"id": "7e37a86468f169e560994188117ed630", "params": {"p": [2, 2, 2, 2, 2, 2, 2, 2, 2, 2], "w": [26, 23, 25, 15, 7, 15, 12, 2, 28, 12], "d1": [9, 17, 14, 11, 13, 19, 20, 16, 9, 15], "d2": [13, 19, 15, 12, 14, 19, 20, 17, 20, 16], "s1": [4, 4, 13, 8, 5, 14, 19, 9, 9, 6], "s2": [9, 4, 14, 9, 9, 17, 20, 15, 9, 6], "r": [3, 4, 10, 7, 5, 6, 9, 8, 2, 1]}, "results": {"wsrpt": {"exec_time": 0.0, "obj": 1311, "s": [10, 9, 9, 1, 1, 10, 2, 2, 4, 4, 3, 3, 6, 6, 7, 7, 5, 5, 8, 8], "ts": 1747940983}, "lp": {"solver": "highs", "exec_time": 0.44499993324279785, "ts": 1747940984, "obj": 320.0, "x": [[[0, 0, 2], 1.0], [[0, 1, 11], 1.0], [[1, 0, 3], 1.0], [[1, 1, 16], 1.0], [[2, 0, 12], 1.0], [[2, 1, 14], 1.0], [[3, 0, 6], 1.0], [[3, 1, 10], 1.0], [[4, 0, 4], 1.0], [[4, 1, 5], 1.0], [[5, 0, 13], 1.0], [[5, 1, 18], 1.0], [[6, 0, 17], 1.0], [[6, 1, 19], 1.0], [[7, 0, 7], 1.0], [[7, 1, 15], 1.0], [[8, 0, 8], 1.0], [[8, 1, 9], 1.0], [[9, 0, 0], 1.0], [[9, 1, 1], 1.0]]}, "a1": {"exec_time": 0.0, "obj": 320, "s": [10, 10, 1, 2, 5, 5, 4, 8, 9, 9, 4, 1, 3, 6, 3, 8, 2, 7, 6, 7]}, "a2": {"exec_time": 0.0, "obj": 320, "s": [10, 10, 1, 2, 5, 5, 4, 8, 9, 9, 4, 1, 3, 6, 3, 8, 2, 7, 6, 7], "ts": 1747940984}, "osp_blp": {"solver": "highs", "exec_time": 0.47299861907958984, "ts": 1747940984, "obj": 320, "x": [2, 11, 3, 16, 12, 13, 6, 10, 4, 5, 14, 18, 17, 19, 7, 15, 8, 9, 0, 1]}}}