{"id": "7eaea29deaeefb0c23368b3ee93b6162", "params": {"p": [2, 2, 2, 2, 2, 2, 2, 2, 2, 2], "w": [8, 8, 30, 5, 24, 18, 30, 2, 28, 7], "d1": [17, 12, 13, 8, 13, 11, 12, 15, 4, 17], "d2": [17, 15, 14, 19, 20, 15, 20, 20, 12, 18], "s1": [14, 7, 11, 8, 13, 5, 10, 7, 2, 5], "s2": [17, 11, 11, 8, 13, 6, 11, 13, 2, 11], "r": [8, 4, 7, 6, 9, 2, 10, 3, 1, 5]}, "results": {"wsrpt": {"exec_time": 0.0, "obj": 872, "s": [9, 9, 6, 6, 2, 2, 3, 3, 5, 5, 7, 7, 1, 1, 10, 10, 4, 4, 8, 8], "ts": 1747940984}, "lp": {"solver": "highs", "exec_time": 0.44100379943847656, "ts": 1747940984, "obj": 108.0, "x": [[[0, 0, 15], 1.0], [[0, 1, 16], 1.0], [[1, 0, 6], 1.0], [[1, 1, 11], 1.0], [[2, 0, 10], 1.0], [[2, 1, 13], 1.0], [[3, 0, 7], 1.0], [[3, 1, 8], 1.0], [[4, 0, 12], 1.0], [[4, 1, 19], 1.0], [[5, 0, 1], 1.0], [[5, 1, 14], 1.0], [[6, 0, 9], 1.0], [[6, 1, 18], 1.0], [[7, 0, 2], 1.0], [[7, 1, 5], 1.0], [[8, 0, 0], 1.0], [[8, 1, 3], 1.0], [[9, 0, 4], 1.0], [[9, 1, 17], 1.0]]}, "a1": {"exec_time": 0.0, "obj": 108, "s": [9, 6, 8, 9, 10, 8, 2, 4, 4, 7, 3, 2, 5, 3, 6, 1, 1, 10, 7, 5]}, "a2": {"exec_time": 0.0, "obj": 108, "s": [9, 6, 8, 9, 10, 8, 2, 4, 4, 7, 3, 2, 5, 3, 6, 1, 1, 10, 7, 5], "ts": 1747940984}, "osp_blp": {"solver": "highs", "exec_time": 0.4700019359588623, "ts": 1747940984, "obj": 108, "x": [15, 16, 6, 11, 10, 13, 7, 8, 12, 18, 1, 14, 9, 19, 2, 5, 0, 3, 4, 17]}}}