{"id": "7ed114c541881269c188ba37eb2d1de2", "params": {"p": [2, 2, 2, 2, 2, 2, 2, 2, 2, 2], "w": [27, 10, 22, 28, 9, 6, 13, 21, 2, 25], "d1": [7, 19, 16, 15, 18, 11, 19, 11, 20, 10], "d2": [7, 20, 18, 15, 20, 13, 19, 11, 20, 20], "s1": [5, 11, 13, 14, 16, 9, 17, 8, 18, 8], "s2": [5, 15, 16, 14, 18, 10, 17, 8, 18, 8], "r": [5, 1, 10, 2, 3, 9, 4, 8, 6, 7]}, "results": {"wsrpt": {"exec_time": 0.0, "obj": 1416, "s": [2, 4, 4, 2, 1, 1, 10, 10, 8, 8, 3, 3, 7, 7, 5, 5, 6, 6, 9, 9], "ts": 1747940984}, "lp": {"solver": "highs", "exec_time": 0.43900227546691895, "ts": 1747940985, "obj": 558.0, "x": [[[0, 0, 4], 1.0], [[0, 1, 6], 1.0], [[1, 0, 0], 1.0], [[1, 1, 1], 1.0], [[2, 0, 12], 1.0], [[2, 1, 15], 1.0], [[3, 0, 13], 1.0], [[3, 1, 14], 1.0], [[4, 0, 2], 1.0], [[4, 1, 3], 1.0], [[5, 0, 9], 1.0], [[5, 1, 11], 1.0], [[6, 0, 16], 1.0], [[6, 1, 18], 1.0], [[7, 0, 8], 1.0], [[7, 1, 10], 1.0], [[8, 0, 5], 1.0], [[8, 1, 19], 1.0], [[9, 0, 7], 1.0], [[9, 1, 17], 1.0]]}, "a1": {"exec_time": 0.0, "obj": 558, "s": [2, 2, 5, 5, 1, 9, 1, 10, 8, 6, 8, 6, 3, 4, 4, 3, 7, 10, 7, 9]}, "a2": {"exec_time": 0.0, "obj": 558, "s": [2, 2, 5, 5, 1, 9, 1, 10, 8, 6, 8, 6, 3, 4, 4, 3, 7, 10, 7, 9], "ts": 1747940985}, "osp_blp": {"solver": "highs", "exec_time": 0.49399566650390625, "ts": 1747940985, "obj": 558, "x": [4, 6, 0, 1, 12, 17, 13, 14, 2, 3, 9, 11, 16, 18, 8, 10, 5, 19, 7, 15]}}}