{"id": "819abce1955c9df7257d19f84707ba17", "params": {"p": [2, 2, 2, 2, 2, 2, 2, 2, 2, 2], "w": [6, 15, 29, 18, 24, 4, 7, 21, 2, 13], "d1": [18, 9, 15, 8, 6, 11, 5, 17, 16, 11], "d2": [18, 11, 19, 17, 16, 16, 10, 18, 17, 12], "s1": [14, 7, 14, 8, 5, 11, 4, 10, 8, 3], "s2": [17, 9, 15, 8, 6, 11, 4, 10, 16, 5], "r": [8, 4, 9, 6, 3, 7, 2, 10, 5, 1]}, "results": {"wsrpt": {"exec_time": 0.0, "obj": 895, "s": [10, 10, 5, 5, 2, 2, 4, 4, 3, 3, 8, 8, 7, 7, 1, 1, 6, 6, 9, 9], "ts": 1747940985}, "lp": {"solver": "highs", "exec_time": 0.3930051326751709, "ts": 1747940986, "obj": 90.0, "x": [[[0, 0, 14], 1.0], [[0, 1, 17], 1.0], [[1, 0, 6], 1.0], [[1, 1, 8], 1.0], [[2, 0, 13], 1.0], [[2, 1, 18], 1.0], [[3, 0, 7], 1.0], [[3, 1, 15], 1.0], [[4, 0, 3], 1.0], [[4, 1, 5], 1.0], [[5, 0, 10], 1.0], [[5, 1, 12], 1.0], [[6, 0, 1], 1.0], [[6, 1, 2], 1.0], [[7, 0, 9], 1.0], [[7, 1, 16], 1.0], [[8, 0, 4], 1.0], [[8, 1, 19], 1.0], [[9, 0, 0], 1.0], [[9, 1, 11], 1.0]]}, "a1": {"exec_time": 0.0, "obj": 90, "s": [10, 7, 7, 5, 9, 5, 2, 4, 2, 8, 6, 10, 6, 3, 1, 4, 8, 1, 3, 9]}, "a2": {"exec_time": 0.0, "obj": 90, "s": [10, 7, 7, 5, 9, 5, 2, 4, 2, 8, 6, 10, 6, 3, 1, 4, 8, 1, 3, 9], "ts": 1747940986}, "osp_blp": {"solver": "highs", "exec_time": 0.5109834671020508, "ts": 1747940986, "obj": 90, "x": [13, 17, 6, 8, 14, 18, 7, 12, 3, 5, 10, 15, 1, 2, 9, 16, 4, 19, 0, 11]}}}