{"id": "8283840f0dcd8203e71079c1d2df7cf8", "params": {"p": [2, 2, 2, 2, 2, 2, 2, 2, 2, 2], "w": [13, 8, 7, 6, 14, 29, 9, 22, 6, 1], "d1": [13, 13, 4, 10, 20, 6, 18, 20, 20, 15], "d2": [13, 15, 8, 14, 20, 10, 19, 20, 20, 16], "s1": [9, 11, 1, 7, 8, 5, 16, 17, 13, 5], "s2": [12, 13, 3, 8, 17, 5, 17, 17, 17, 8], "r": [9, 10, 1, 3, 2, 4, 7, 8, 6, 5]}, "results": {"wsrpt": {"exec_time": 0.0, "obj": 1025, "s": [3, 3, 5, 6, 6, 5, 7, 8, 8, 7, 1, 1, 2, 2, 4, 4, 9, 9, 10, 10], "ts": 1747940986}, "lp": {"solver": "highs", "exec_time": 0.42000317573547363, "ts": 1747940986, "obj": 125.0, "x": [[[0, 0, 8], 1.0], [[0, 1, 12], 1.0], [[1, 0, 10], 1.0], [[1, 1, 13], 1.0], [[2, 0, 0], 1.0], [[2, 1, 1], 1.0], [[3, 0, 2], 1.0], [[3, 1, 9], 1.0], [[4, 0, 7], 1.0], [[4, 1, 18], 1.0], [[5, 0, 3], 1.0], [[5, 1, 5], 1.0], [[6, 0, 15], 1.0], [[6, 1, 17], 1.0], [[7, 0, 16], 1.0], [[7, 1, 19], 1.0], [[8, 0, 11], 1.0], [[8, 1, 14], 1.0], [[9, 0, 4], 1.0], [[9, 1, 6], 1.0]]}, "a1": {"exec_time": 0.0, "obj": 125, "s": [3, 3, 4, 6, 10, 6, 10, 5, 1, 4, 2, 9, 1, 2, 9, 7, 8, 7, 5, 8]}, "a2": {"exec_time": 0.0, "obj": 125, "s": [3, 3, 4, 6, 10, 6, 10, 5, 1, 4, 2, 9, 1, 2, 9, 7, 8, 7, 5, 8], "ts": 1747940986}, "osp_blp": {"solver": "highs", "exec_time": 0.5160188674926758, "ts": 1747940986, "obj": 125, "x": [8, 12, 10, 13, 0, 1, 2, 9, 7, 18, 3, 5, 15, 17, 16, 19, 11, 14, 4, 6]}}}