{"id": "83e20ec0b433c8d1bce812082f064854", "params": {"p": [2, 2, 2, 2, 2, 2, 2, 2, 2, 2], "w": [30, 15, 17, 1, 12, 12, 8, 29, 7, 29], "d1": [20, 13, 12, 8, 18, 10, 10, 14, 17, 9], "d2": [20, 16, 19, 13, 19, 18, 16, 14, 18, 18], "s1": [20, 12, 3, 5, 11, 10, 9, 8, 9, 1], "s2": [20, 12, 4, 8, 13, 10, 10, 9, 16, 9], "r": [9, 10, 3, 2, 7, 5, 6, 4, 8, 1]}, "results": {"wsrpt": {"exec_time": 0.0, "obj": 1587, "s": [10, 10, 3, 3, 8, 8, 5, 5, 1, 1, 2, 2, 6, 6, 7, 7, 9, 9, 4, 4], "ts": 1747940987}, "lp": {"solver": "highs", "exec_time": 0.46098875999450684, "ts": 1747940988, "obj": 145.0, "x": [[[0, 0, 18], 1.0], [[0, 1, 19], 1.0], [[1, 0, 11], 1.0], [[1, 1, 15], 1.0], [[2, 0, 2], 1.0], [[2, 1, 14], 1.0], [[3, 0, 1], 1.0], [[3, 1, 3], 1.0], [[4, 0, 12], 1.0], [[4, 1, 17], 1.0], [[5, 0, 4], 1.0], [[5, 1, 10], 1.0], [[6, 0, 5], 1.0], [[6, 1, 6], 1.0], [[7, 0, 7], 1.0], [[7, 1, 13], 1.0], [[8, 0, 9], 1.0], [[8, 1, 16], 1.0], [[9, 0, 0], 1.0], [[9, 1, 8], 1.0]]}, "a1": {"exec_time": 0.0, "obj": 145, "s": [10, 4, 3, 4, 6, 7, 7, 8, 10, 9, 6, 2, 5, 8, 3, 2, 9, 5, 1, 1]}, "a2": {"exec_time": 0.0, "obj": 145, "s": [10, 4, 3, 4, 6, 7, 7, 8, 10, 9, 6, 2, 5, 8, 3, 2, 9, 5, 1, 1], "ts": 1747940988}, "osp_blp": {"solver": "highs", "exec_time": 0.48799824714660645, "ts": 1747940988, "obj": 145, "x": [18, 19, 11, 14, 2, 15, 1, 3, 12, 17, 4, 10, 5, 6, 7, 13, 9, 16, 0, 8]}}}