{"id": "840f44652819335d126a375544ce79f9", "params": {"p": [2, 2, 2, 2, 2, 2, 2, 2, 2, 2], "w": [28, 29, 27, 12, 4, 22, 15, 20, 22, 24], "d1": [12, 15, 20, 10, 8, 11, 9, 17, 12, 16], "d2": [17, 19, 20, 16, 20, 19, 15, 20, 12, 17], "s1": [11, 13, 13, 7, 8, 9, 9, 4, 4, 13], "s2": [11, 13, 15, 8, 8, 9, 9, 11, 9, 14], "r": [10, 2, 8, 7, 5, 9, 1, 3, 4, 6]}, "results": {"wsrpt": {"exec_time": 0.0, "obj": 2044, "s": [7, 7, 2, 2, 9, 9, 10, 10, 3, 3, 1, 1, 6, 6, 8, 8, 4, 4, 5, 5], "ts": 1747940988}, "lp": {"solver": "highs", "exec_time": 0.45299696922302246, "ts": 1747940988, "obj": 311.0, "x": [[[0, 0, 10], 1.0], [[0, 1, 15], 1.0], [[1, 0, 12], 1.0], [[1, 1, 17], 1.0], [[2, 0, 14], 1.0], [[2, 1, 19], 1.0], [[3, 0, 6], 1.0], [[3, 1, 7], 1.0], [[4, 0, 4], 1.0], [[4, 1, 5], 1.0], [[5, 0, 8], 1.0], [[5, 1, 9], 1.0], [[6, 0, 0], 1.0], [[6, 1, 1], 1.0], [[7, 0, 2], 1.0], [[7, 1, 18], 1.0], [[8, 0, 3], 1.0], [[8, 1, 11], 1.0], [[9, 0, 13], 1.0], [[9, 1, 16], 1.0]]}, "a1": {"exec_time": 0.0, "obj": 311, "s": [7, 7, 8, 9, 5, 5, 4, 4, 6, 6, 1, 9, 2, 10, 3, 1, 10, 2, 8, 3]}, "a2": {"exec_time": 0.0, "obj": 311, "s": [7, 7, 8, 9, 5, 5, 4, 4, 6, 6, 1, 9, 2, 10, 3, 1, 10, 2, 8, 3], "ts": 1747940988}, "osp_blp": {"solver": "highs", "exec_time": 0.5049998760223389, "ts": 1747940988, "obj": 311, "x": [10, 16, 12, 18, 14, 19, 6, 7, 4, 5, 8, 9, 0, 1, 2, 17, 3, 11, 13, 15]}}}