{"id": "84c56f2a88adf994c9a623eb9792af90", "params": {"p": [2, 2, 2, 2, 2, 2, 2, 2, 2, 2], "w": [13, 6, 20, 30, 29, 15, 17, 6, 14, 27], "d1": [9, 11, 12, 16, 18, 19, 15, 14, 13, 7], "d2": [18, 11, 20, 19, 18, 19, 16, 17, 15, 19], "s1": [9, 11, 12, 11, 9, 14, 15, 13, 2, 6], "s2": [9, 11, 12, 16, 18, 19, 15, 14, 2, 7], "r": [6, 3, 9, 10, 5, 7, 8, 4, 1, 2]}, "results": {"wsrpt": {"exec_time": 0.0, "obj": 1539, "s": [9, 9, 10, 10, 5, 5, 6, 6, 3, 3, 4, 4, 7, 7, 1, 1, 2, 2, 8, 8], "ts": 1747940988}, "lp": {"solver": "highs", "exec_time": 0.40399956703186035, "ts": 1747940989, "obj": 321.0, "x": [[[0, 0, 7], 1.0], [[0, 1, 8], 1.0], [[1, 0, 2], 1.0], [[1, 1, 4], 1.0], [[2, 0, 11], 1.0], [[2, 1, 19], 1.0], [[3, 0, 10], 1.0], [[3, 1, 16], 1.0], [[4, 0, 9], 1.0], [[4, 1, 17], 1.0], [[5, 0, 13], 1.0], [[5, 1, 18], 1.0], [[6, 0, 14], 1.0], [[6, 1, 15], 1.0], [[7, 0, 3], 1.0], [[7, 1, 5], 1.0], [[8, 0, 0], 1.0], [[8, 1, 12], 1.0], [[9, 0, 1], 1.0], [[9, 1, 6], 1.0]]}, "a1": {"exec_time": 0.0, "obj": 321, "s": [9, 10, 2, 8, 2, 8, 10, 1, 1, 5, 4, 3, 9, 6, 7, 7, 4, 5, 6, 3]}, "a2": {"exec_time": 0.0, "obj": 321, "s": [9, 10, 2, 8, 2, 8, 10, 1, 1, 5, 4, 3, 9, 6, 7, 7, 4, 5, 6, 3], "ts": 1747940989}, "osp_blp": {"solver": "highs", "exec_time": 0.5049917697906494, "ts": 1747940989, "obj": 321, "x": [7, 9, 2, 5, 11, 19, 10, 16, 8, 17, 13, 18, 14, 15, 3, 4, 0, 12, 1, 6]}}}