{"id": "84fb741eee2b5d3ff4bd5118fadf65cc", "params": {"p": [2, 2, 2, 2, 2, 2, 2, 2, 2, 2], "w": [8, 4, 20, 25, 24, 13, 6, 1, 1, 30], "d1": [7, 16, 17, 15, 19, 19, 8, 20, 16, 16], "d2": [17, 16, 20, 16, 20, 19, 10, 20, 16, 17], "s1": [4, 16, 14, 8, 13, 14, 4, 3, 16, 6], "s2": [4, 16, 17, 14, 19, 19, 8, 6, 16, 12], "r": [1, 10, 5, 7, 4, 8, 2, 3, 9, 6]}, "results": {"wsrpt": {"exec_time": 0.0, "obj": 1394, "s": [1, 1, 7, 5, 5, 10, 10, 4, 4, 3, 3, 6, 6, 7, 2, 2, 8, 8, 9, 9], "ts": 1747940989}, "lp": {"solver": "highs", "exec_time": 0.4499974250793457, "ts": 1747940989, "obj": 119.0, "x": [[[0, 0, 0], 1.0], [[0, 1, 6], 1.0], [[1, 0, 10], 1.0], [[1, 1, 11], 1.0], [[2, 0, 13], 1.0], [[2, 1, 17], 1.0], [[3, 0, 7], 1.0], [[3, 1, 15], 1.0], [[4, 0, 12], 1.0], [[4, 1, 19], 1.0], [[5, 0, 14], 1.0], [[5, 1, 18], 1.0], [[6, 0, 1], 1.0], [[6, 1, 4], 1.0], [[7, 0, 2], 1.0], [[7, 1, 3], 1.0], [[8, 0, 8], 1.0], [[8, 1, 9], 1.0], [[9, 0, 5], 1.0], [[9, 1, 16], 1.0]]}, "a1": {"exec_time": 0.0, "obj": 119, "s": [1, 7, 8, 8, 7, 10, 1, 4, 9, 9, 2, 2, 5, 3, 6, 4, 10, 3, 6, 5]}, "a2": {"exec_time": 0.0, "obj": 119, "s": [1, 7, 8, 8, 7, 10, 1, 4, 9, 9, 2, 2, 5, 3, 6, 4, 10, 3, 6, 5], "ts": 1747940989}, "osp_blp": {"solver": "highs", "exec_time": 0.5159938335418701, "ts": 1747940989, "obj": 119, "x": [0, 6, 10, 11, 13, 17, 7, 14, 12, 19, 16, 18, 1, 4, 2, 3, 8, 9, 5, 15]}}}