{"id": "854c2b86bb11755990bcee369545bcc0", "params": {"p": [2, 2, 2, 2, 2, 2, 2, 2, 2, 2], "w": [28, 24, 7, 15, 3, 13, 7, 22, 6, 10], "d1": [8, 8, 15, 16, 12, 14, 19, 11, 15, 10], "d2": [10, 8, 20, 18, 15, 19, 20, 11, 18, 18], "s1": [7, 6, 8, 15, 12, 5, 10, 11, 8, 9], "s2": [8, 6, 13, 15, 12, 14, 19, 11, 11, 10], "r": [3, 5, 2, 7, 10, 4, 1, 9, 8, 6]}, "results": {"wsrpt": {"exec_time": 0.0, "obj": 926, "s": [7, 7, 1, 1, 2, 2, 4, 4, 8, 8, 6, 6, 10, 10, 3, 3, 9, 9, 5, 5], "ts": 1747940989}, "lp": {"solver": "highs", "exec_time": 0.43497633934020996, "ts": 1747940990, "obj": 281.0, "x": [[[0, 0, 6], 1.0], [[0, 1, 8], 1.0], [[1, 0, 4], 1.0], [[1, 1, 7], 1.0], [[2, 0, 1], 1.0], [[2, 1, 2], 1.0], [[3, 0, 14], 1.0], [[3, 1, 15], 1.0], [[4, 0, 12], 1.0], [[4, 1, 13], 1.0], [[5, 0, 3], 1.0], [[5, 1, 18], 1.0], [[6, 0, 0], 1.0], [[6, 1, 19], 1.0], [[7, 0, 10], 0.5000004999999996], [[7, 0, 11], 0.4999995000000003], [[7, 1, 10], 0.4999995000000003], [[7, 1, 11], 0.5000004999999997], [[8, 0, 9], 1.0], [[8, 1, 17], 1.0], [[9, 0, 5], 1.0], [[9, 1, 16], 1.0]]}, "a1": {"exec_time": 0.0, "obj": 281, "s": [7, 3, 3, 6, 2, 10, 1, 2, 1, 9, 8, 8, 5, 5, 4, 4, 10, 9, 6, 7]}, "a2": {"exec_time": 0.0, "obj": 281, "s": [7, 3, 3, 6, 2, 10, 1, 2, 1, 9, 8, 8, 5, 5, 4, 4, 10, 9, 6, 7], "ts": 1747940990}, "osp_blp": {"solver": "highs", "exec_time": 0.5069994926452637, "ts": 1747940990, "obj": 281, "x": [6, 9, 4, 7, 1, 2, 14, 16, 12, 13, 3, 18, 0, 19, 10, 11, 8, 17, 5, 15]}}}