{"id": "86014128b7f4797ae15cd55e05eaa322", "params": {"p": [2, 2, 2, 2, 2, 2, 2, 2, 2, 2], "w": [16, 2, 7, 4, 7, 20, 2, 12, 17, 28], "d1": [12, 16, 18, 12, 14, 6, 16, 9, 16, 13], "d2": [14, 20, 19, 14, 15, 8, 17, 15, 19, 19], "s1": [4, 12, 15, 10, 12, 6, 11, 9, 5, 9], "s2": [6, 12, 16, 12, 14, 6, 11, 9, 11, 9], "r": [3, 10, 6, 8, 5, 1, 4, 7, 2, 9]}, "results": {"wsrpt": {"exec_time": 0.0, "obj": 756, "s": [6, 6, 9, 9, 1, 1, 8, 8, 10, 10, 3, 3, 5, 5, 4, 4, 2, 2, 7, 7], "ts": 1747940990}, "lp": {"solver": "highs", "exec_time": 0.4200000762939453, "ts": 1747940990, "obj": 237.0, "x": [[[0, 0, 2], 1.0], [[0, 1, 11], 1.0], [[1, 0, 10], 1.0], [[1, 1, 19], 1.0], [[2, 0, 15], 1.0], [[2, 1, 17], 1.0], [[3, 0, 7], 1.0], [[3, 1, 13], 1.0], [[4, 0, 12], 1.0], [[4, 1, 14], 1.0], [[5, 0, 0], 1.0], [[5, 1, 5], 1.0], [[6, 0, 3], 1.0], [[6, 1, 4], 1.0], [[7, 0, 6], 1.0], [[7, 1, 9], 1.0], [[8, 0, 1], 1.0], [[8, 1, 18], 1.0], [[9, 0, 8], 1.0], [[9, 1, 16], 1.0]]}, "a1": {"exec_time": 0.0, "obj": 237, "s": [6, 9, 1, 7, 7, 6, 8, 4, 10, 8, 2, 1, 5, 4, 5, 3, 10, 3, 9, 2]}, "a2": {"exec_time": 0.0, "obj": 237, "s": [6, 9, 1, 7, 7, 6, 8, 4, 10, 8, 2, 1, 5, 4, 5, 3, 10, 3, 9, 2], "ts": 1747940990}, "osp_blp": {"solver": "highs", "exec_time": 0.4880032539367676, "ts": 1747940990, "obj": 237, "x": [2, 11, 10, 19, 15, 17, 7, 13, 12, 14, 0, 5, 3, 4, 6, 9, 1, 16, 8, 18]}}}