{"id": "86dc3d5588476ba655e109e767e65740", "params": {"p": [2, 2, 2, 2, 2, 2, 2, 2, 2, 2], "w": [12, 3, 3, 30, 18, 30, 26, 7, 30, 28], "d1": [18, 13, 12, 12, 17, 16, 17, 14, 19, 17], "d2": [20, 14, 13, 19, 19, 17, 19, 19, 19, 19], "s1": [15, 10, 6, 12, 13, 11, 9, 6, 13, 6], "s2": [17, 10, 8, 12, 16, 12, 9, 13, 13, 15], "r": [3, 10, 5, 8, 7, 4, 1, 6, 9, 2]}, "results": {"wsrpt": {"exec_time": 0.0, "obj": 2389, "s": [7, 7, 10, 10, 6, 6, 5, 5, 4, 4, 9, 9, 1, 1, 8, 8, 2, 2, 3, 3], "ts": 1747940990}, "lp": {"solver": "highs", "exec_time": 0.4500000476837158, "ts": 1747940991, "obj": 776.0, "x": [[[0, 0, 2], 1.0], [[0, 1, 3], 1.0], [[1, 0, 9], 1.0], [[1, 1, 10], 1.0], [[2, 0, 4], 1.0], [[2, 1, 6], 1.0], [[3, 0, 11], 1.0], [[3, 1, 13], 1.0], [[4, 0, 14], 1.0], [[4, 1, 19], 1.0], [[5, 0, 8], 1.0], [[5, 1, 15], 1.0], [[6, 0, 0], 1.0], [[6, 1, 16], 1.0], [[7, 0, 5], 1.0], [[7, 1, 7], 1.0], [[8, 0, 12], 1.0], [[8, 1, 18], 1.0], [[9, 0, 1], 1.0], [[9, 1, 17], 1.0]]}, "a1": {"exec_time": 0.0, "obj": 776, "s": [7, 10, 1, 1, 3, 8, 3, 8, 6, 2, 2, 4, 9, 4, 5, 6, 7, 10, 9, 5]}, "a2": {"exec_time": 0.0, "obj": 776, "s": [7, 10, 1, 1, 3, 8, 3, 8, 6, 2, 2, 4, 9, 4, 5, 6, 7, 10, 9, 5], "ts": 1747940991}, "osp_blp": {"solver": "highs", "exec_time": 0.4859955310821533, "ts": 1747940991, "obj": 776, "x": [2, 3, 9, 10, 4, 6, 11, 13, 14, 19, 8, 15, 0, 17, 5, 7, 12, 18, 1, 16]}}}