{"id": "8772bb32adc4d6d3b57c8b768512d609", "params": {"p": [2, 2, 2, 2, 2, 2, 2, 2, 2, 2], "w": [22, 29, 30, 21, 15, 4, 25, 26, 8, 2], "d1": [16, 14, 13, 9, 4, 13, 14, 16, 14, 15], "d2": [17, 19, 15, 20, 7, 14, 17, 20, 14, 19], "s1": [7, 14, 12, 6, 3, 10, 11, 3, 12, 9], "s2": [7, 14, 13, 8, 3, 12, 12, 4, 13, 9], "r": [7, 6, 10, 5, 2, 3, 4, 1, 8, 9]}, "results": {"wsrpt": {"exec_time": 0.0, "obj": 1574, "s": [8, 8, 5, 5, 7, 7, 2, 2, 1, 1, 3, 3, 4, 4, 9, 9, 6, 6, 10, 10], "ts": 1747940991}, "lp": {"solver": "highs", "exec_time": 0.42401695251464844, "ts": 1747940991, "obj": 167.0, "x": [[[0, 0, 6], 1.0], [[0, 1, 15], 1.0], [[1, 0, 13], 1.0], [[1, 1, 17], 1.0], [[2, 0, 11], 1.0], [[2, 1, 14], 1.0], [[3, 0, 5], 1.0], [[3, 1, 9], 1.0], [[4, 0, 1], 1.0], [[4, 1, 3], 1.0], [[5, 0, 2], 1.0], [[5, 1, 4], 1.0], [[6, 0, 10], 1.0], [[6, 1, 16], 1.0], [[7, 0, 0], 1.0], [[7, 1, 19], 1.0], [[8, 0, 7], 1.0], [[8, 1, 12], 1.0], [[9, 0, 8], 1.0], [[9, 1, 18], 1.0]]}, "a1": {"exec_time": 0.0, "obj": 167, "s": [8, 5, 6, 5, 6, 4, 1, 9, 10, 4, 7, 3, 9, 2, 3, 1, 7, 2, 10, 8]}, "a2": {"exec_time": 0.0, "obj": 167, "s": [8, 5, 6, 5, 6, 4, 1, 9, 10, 4, 7, 3, 9, 2, 3, 1, 7, 2, 10, 8], "ts": 1747940991}, "osp_blp": {"solver": "highs", "exec_time": 0.5029981136322021, "ts": 1747940991, "obj": 167, "x": [6, 16, 13, 18, 11, 12, 5, 9, 1, 3, 2, 4, 10, 15, 0, 19, 7, 14, 8, 17]}}}