{"id": "8837a42d74bfc20976394fe1555d705e", "params": {"p": [2, 2, 2, 2, 2, 2, 2, 2, 2, 2], "w": [23, 16, 17, 16, 24, 3, 7, 12, 20, 6], "d1": [15, 17, 19, 15, 19, 20, 9, 8, 11, 17], "d2": [18, 18, 19, 20, 19, 20, 12, 18, 12, 19], "s1": [4, 13, 18, 13, 16, 12, 7, 6, 8, 10], "s2": [8, 16, 19, 14, 16, 18, 9, 6, 8, 15], "r": [4, 10, 6, 9, 5, 1, 7, 3, 2, 8]}, "results": {"wsrpt": {"exec_time": 0.0, "obj": 1819, "s": [6, 9, 9, 1, 1, 5, 5, 3, 3, 2, 2, 4, 4, 8, 8, 7, 7, 6, 10, 10], "ts": 1747940991}, "lp": {"solver": "highs", "exec_time": 0.42299914360046387, "ts": 1747940992, "obj": 302.0, "x": [[[0, 0, 3], 1.0], [[0, 1, 14], 1.0], [[1, 0, 11], 1.0], [[1, 1, 16], 1.0], [[2, 0, 17], 1.0], [[2, 1, 19], 1.0], [[3, 0, 12], 1.0], [[3, 1, 13], 1.0], [[4, 0, 15], 1.0], [[4, 1, 18], 1.0], [[5, 0, 0], 1.0], [[5, 1, 1], 1.0], [[6, 0, 6], 1.0], [[6, 1, 8], 1.0], [[7, 0, 2], 1.0], [[7, 1, 4], 1.0], [[8, 0, 5], 1.0], [[8, 1, 10], 1.0], [[9, 0, 7], 1.0], [[9, 1, 9], 1.0]]}, "a1": {"exec_time": 0.0, "obj": 302, "s": [6, 6, 8, 1, 8, 9, 7, 10, 7, 10, 9, 2, 4, 4, 1, 5, 2, 3, 5, 3]}, "a2": {"exec_time": 0.0, "obj": 302, "s": [6, 6, 8, 1, 8, 9, 7, 10, 7, 10, 9, 2, 4, 4, 1, 5, 2, 3, 5, 3], "ts": 1747940992}, "osp_blp": {"solver": "highs", "exec_time": 0.5029973983764648, "ts": 1747940992, "obj": 302, "x": [3, 14, 11, 16, 17, 19, 12, 13, 15, 18, 0, 1, 6, 8, 2, 4, 5, 10, 7, 9]}}}