{"id": "88e1067c3af259c27f0b957dde954f08", "params": {"p": [2, 2, 2, 2, 2, 2, 2, 2, 2, 2], "w": [10, 11, 9, 10, 2, 23, 7, 24, 28, 21], "d1": [10, 11, 19, 3, 15, 12, 16, 19, 16, 19], "d2": [13, 15, 19, 9, 16, 19, 17, 20, 20, 20], "s1": [6, 5, 10, 3, 6, 4, 13, 14, 13, 17], "s2": [6, 9, 13, 3, 15, 5, 14, 19, 14, 19], "r": [3, 5, 10, 1, 2, 4, 7, 6, 8, 9]}, "results": {"wsrpt": {"exec_time": 0.0, "obj": 1485, "s": [4, 4, 1, 6, 6, 8, 8, 9, 9, 10, 10, 1, 2, 2, 3, 3, 7, 7, 5, 5], "ts": 1747940992}, "lp": {"solver": "highs", "exec_time": 0.4309971332550049, "ts": 1747940992, "obj": 105.0, "x": [[[0, 0, 5], 1.0], [[0, 1, 8], 1.0], [[1, 0, 4], 1.0], [[1, 1, 10], 1.0], [[2, 0, 9], 1.0], [[2, 1, 17], 1.0], [[3, 0, 0], 1.0], [[3, 1, 2], 1.0], [[4, 0, 1], 1.0], [[4, 1, 6], 1.0], [[5, 0, 3], 1.0], [[5, 1, 11], 1.0], [[6, 0, 7], 1.0], [[6, 1, 14], 1.0], [[7, 0, 13], 1.0], [[7, 1, 19], 1.0], [[8, 0, 12], 1.0], [[8, 1, 15], 1.0], [[9, 0, 16], 1.0], [[9, 1, 18], 1.0]]}, "a1": {"exec_time": 0.0, "obj": 105, "s": [4, 5, 4, 6, 2, 1, 5, 7, 1, 3, 2, 6, 9, 8, 7, 9, 10, 3, 10, 8]}, "a2": {"exec_time": 0.0, "obj": 105, "s": [4, 5, 4, 6, 2, 1, 5, 7, 1, 3, 2, 6, 9, 8, 7, 9, 10, 3, 10, 8], "ts": 1747940992}, "osp_blp": {"solver": "highs", "exec_time": 0.4819951057434082, "ts": 1747940992, "obj": 105, "x": [5, 8, 4, 10, 9, 17, 0, 2, 1, 6, 3, 11, 7, 14, 13, 18, 12, 15, 16, 19]}}}