{"id": "8909c4824e2c92f496db12d76d513c66", "params": {"p": [2, 2, 2, 2, 2, 2, 2, 2, 2, 2], "w": [6, 18, 21, 18, 9, 23, 13, 6, 6, 4], "d1": [19, 18, 8, 6, 20, 16, 19, 13, 11, 17], "d2": [20, 20, 11, 12, 20, 17, 19, 14, 12, 19], "s1": [15, 15, 8, 6, 19, 16, 15, 8, 9, 13], "s2": [18, 17, 8, 6, 19, 16, 17, 11, 9, 15], "r": [6, 8, 2, 3, 4, 1, 10, 5, 9, 7]}, "results": {"wsrpt": {"exec_time": 0.0, "obj": 1685, "s": [6, 6, 3, 3, 4, 4, 5, 2, 2, 5, 7, 7, 1, 1, 8, 8, 9, 9, 10, 10], "ts": 1747940992}, "lp": {"solver": "highs", "exec_time": 0.4100010395050049, "ts": 1747940993, "obj": 758.0, "x": [[[0, 0, 5], 1.0], [[0, 1, 12], 1.0], [[1, 0, 14], 1.0], [[1, 1, 17], 1.0], [[2, 0, 1], 1.0], [[2, 1, 7], 1.0], [[3, 0, 2], 1.0], [[3, 1, 3], 1.0], [[4, 0, 16], 1.0], [[4, 1, 19], 1.0], [[5, 0, 0], 1.0], [[5, 1, 15], 1.0], [[6, 0, 13], 1.0], [[6, 1, 18], 1.0], [[7, 0, 4], 1.0], [[7, 1, 11], 1.0], [[8, 0, 8], 1.0], [[8, 1, 10], 1.0], [[9, 0, 6], 1.0], [[9, 1, 9], 1.0]]}, "a1": {"exec_time": 0.0, "obj": 758, "s": [6, 3, 4, 4, 8, 1, 10, 3, 9, 10, 9, 8, 1, 7, 2, 6, 5, 2, 7, 5]}, "a2": {"exec_time": 0.0, "obj": 758, "s": [6, 3, 4, 4, 8, 1, 10, 3, 9, 10, 9, 8, 1, 7, 2, 6, 5, 2, 7, 5], "ts": 1747940993}, "osp_blp": {"solver": "highs", "exec_time": 0.5850000381469727, "ts": 1747940993, "obj": 758, "x": [11, 12, 14, 17, 1, 7, 2, 3, 16, 19, 0, 15, 13, 18, 4, 5, 8, 10, 6, 9]}}}