{"id": "89220b92d541831e4a89764348b0f97e", "params": {"p": [2, 2, 2, 2, 2, 2, 2, 2, 2, 2], "w": [27, 16, 27, 12, 27, 15, 1, 13, 28, 7], "d1": [6, 18, 11, 10, 20, 16, 9, 20, 6, 10], "d2": [6, 20, 15, 14, 20, 16, 14, 20, 15, 20], "s1": [6, 18, 8, 6, 15, 11, 6, 17, 4, 6], "s2": [6, 18, 11, 6, 16, 14, 7, 17, 5, 7], "r": [3, 7, 8, 6, 4, 9, 5, 10, 1, 2]}, "results": {"wsrpt": {"exec_time": 0.0, "obj": 1752, "s": [9, 9, 1, 1, 5, 5, 2, 2, 3, 3, 6, 6, 8, 8, 4, 4, 10, 10, 7, 7], "ts": 1747940993}, "lp": {"solver": "highs", "exec_time": 0.4440016746520996, "ts": 1747940993, "obj": 296.0, "x": [[[0, 0, 3], 1.0], [[0, 1, 5], 1.0], [[1, 0, 16], 1.0], [[1, 1, 17], 1.0], [[2, 0, 8], 1.0], [[2, 1, 12], 1.0], [[3, 0, 6], 1.0], [[3, 1, 9], 1.0], [[4, 0, 14], 1.0], [[4, 1, 19], 1.0], [[5, 0, 11], 1.0], [[5, 1, 15], 1.0], [[6, 0, 4], 1.0], [[6, 1, 10], 1.0], [[7, 0, 13], 1.0], [[7, 1, 18], 1.0], [[8, 0, 0], 1.0], [[8, 1, 7], 1.0], [[9, 0, 1], 1.0], [[9, 1, 2], 1.0]]}, "a1": {"exec_time": 0.0, "obj": 296, "s": [9, 10, 10, 1, 7, 1, 4, 9, 3, 4, 7, 6, 3, 8, 5, 6, 2, 2, 8, 5]}, "a2": {"exec_time": 0.0, "obj": 296, "s": [9, 10, 10, 1, 7, 1, 4, 9, 3, 4, 7, 6, 3, 8, 5, 6, 2, 2, 8, 5], "ts": 1747940993}, "osp_blp": {"solver": "highs", "exec_time": 0.5150032043457031, "ts": 1747940993, "obj": 296, "x": [3, 5, 16, 17, 7, 11, 6, 9, 14, 19, 10, 15, 4, 12, 13, 18, 0, 8, 1, 2]}}}