{"id": "8990b4b9e495192718ae0a5be5e6cb52", "params": {"p": [2, 2, 2, 2, 2, 2, 2, 2, 2, 2], "w": [21, 26, 14, 5, 8, 30, 3, 28, 8, 30], "d1": [15, 13, 18, 20, 20, 7, 18, 5, 4, 17], "d2": [17, 19, 20, 20, 20, 13, 18, 7, 19, 18], "s1": [8, 11, 16, 13, 10, 5, 16, 3, 3, 12], "s2": [15, 13, 17, 15, 11, 7, 16, 3, 3, 12], "r": [3, 6, 9, 7, 10, 5, 4, 1, 2, 8]}, "results": {"wsrpt": {"exec_time": 0.0, "obj": 1389, "s": [8, 8, 1, 1, 6, 6, 2, 2, 10, 10, 3, 3, 5, 5, 9, 9, 4, 4, 7, 7], "ts": 1747940993}, "lp": {"solver": "highs", "exec_time": 0.44399499893188477, "ts": 1747940994, "obj": 140.0, "x": [[[0, 0, 7], 1.0], [[0, 1, 14], 1.0], [[1, 0, 10], 1.0], [[1, 1, 12], 1.0], [[2, 0, 15], 1.0], [[2, 1, 17], 1.0], [[3, 0, 13], 1.0], [[3, 1, 18], 1.0], [[4, 0, 9], 1.0], [[4, 1, 19], 1.0], [[5, 0, 4], 1.0], [[5, 1, 6], 1.0], [[6, 0, 3], 1.0], [[6, 1, 8], 1.0], [[7, 0, 0], 1.0], [[7, 1, 5], 1.0], [[8, 0, 1], 1.0], [[8, 1, 2], 1.0], [[9, 0, 11], 1.0], [[9, 1, 16], 1.0]]}, "a1": {"exec_time": 0.0, "obj": 140, "s": [8, 9, 9, 7, 6, 8, 6, 1, 7, 5, 2, 10, 2, 4, 1, 3, 10, 3, 4, 5]}, "a2": {"exec_time": 0.0, "obj": 140, "s": [8, 9, 9, 7, 6, 8, 6, 1, 7, 5, 2, 10, 2, 4, 1, 3, 10, 3, 4, 5], "ts": 1747940994}, "osp_blp": {"solver": "highs", "exec_time": 0.4479949474334717, "ts": 1747940994, "obj": 140, "x": [7, 14, 10, 13, 15, 17, 12, 18, 9, 19, 5, 6, 3, 8, 0, 4, 1, 2, 11, 16]}}}