{"id": "89ae54530f0f7d5591fe6108356f22fb", "params": {"p": [2, 2, 2, 2, 2, 2, 2, 2, 2, 2], "w": [28, 10, 10, 22, 22, 7, 22, 16, 4, 8], "d1": [16, 17, 14, 20, 12, 15, 10, 19, 17, 18], "d2": [19, 19, 18, 20, 18, 18, 10, 20, 19, 19], "s1": [15, 8, 11, 15, 10, 7, 5, 13, 9, 14], "s2": [15, 8, 13, 18, 10, 11, 7, 18, 16, 15], "r": [1, 3, 5, 8, 10, 6, 4, 7, 9, 2]}, "results": {"wsrpt": {"exec_time": 0.0, "obj": 1796, "s": [1, 1, 2, 7, 7, 2, 8, 8, 4, 4, 5, 5, 3, 3, 10, 10, 6, 6, 9, 9], "ts": 1747940994}, "lp": {"solver": "highs", "exec_time": 0.4380161762237549, "ts": 1747940994, "obj": 751.0, "x": [[[0, 0, 0], 1.0], [[0, 1, 15], 1.0], [[1, 0, 2], 1.0], [[1, 1, 16], 1.0], [[2, 0, 4], 1.0], [[2, 1, 13], 1.0], [[3, 0, 14], 1.0], [[3, 1, 19], 1.0], [[4, 0, 9], 1.0], [[4, 1, 11], 1.0], [[5, 0, 5], 1.0], [[5, 1, 6], 1.0], [[6, 0, 3], 1.0], [[6, 1, 7], 1.0], [[7, 0, 12], 1.0], [[7, 1, 18], 1.0], [[8, 0, 8], 1.0], [[8, 1, 10], 1.0], [[9, 0, 1], 1.0], [[9, 1, 17], 1.0]]}, "a1": {"exec_time": 0.0, "obj": 751, "s": [1, 10, 2, 7, 3, 6, 6, 7, 9, 5, 9, 5, 8, 3, 4, 1, 2, 10, 8, 4]}, "a2": {"exec_time": 0.0, "obj": 751, "s": [1, 10, 2, 7, 3, 6, 6, 7, 9, 5, 9, 5, 8, 3, 4, 1, 2, 10, 8, 4], "ts": 1747940994}, "osp_blp": {"solver": "highs", "exec_time": 0.5030012130737305, "ts": 1747940994, "obj": 751, "x": [0, 15, 2, 16, 4, 13, 14, 19, 9, 11, 5, 6, 3, 7, 12, 18, 8, 10, 1, 17]}}}