{"id": "8af29b67694be2bfe22a03eee5027022", "params": {"p": [2, 2, 2, 2, 2, 2, 2, 2, 2, 2], "w": [14, 12, 2, 29, 16, 26, 5, 14, 20, 26], "d1": [7, 17, 15, 12, 15, 11, 14, 5, 17, 9], "d2": [11, 18, 15, 12, 19, 14, 20, 7, 18, 11], "s1": [7, 17, 14, 7, 11, 9, 7, 3, 16, 9], "s2": [7, 17, 14, 7, 14, 9, 10, 3, 16, 9], "r": [4, 10, 8, 1, 9, 6, 3, 2, 5, 7]}, "results": {"wsrpt": {"exec_time": 0.0, "obj": 1313, "s": [4, 4, 8, 8, 9, 9, 6, 6, 10, 10, 5, 5, 1, 1, 2, 2, 7, 7, 3, 3], "ts": 1747940994}, "lp": {"solver": "highs", "exec_time": 0.43399739265441895, "ts": 1747940995, "obj": 320.0, "x": [[[0, 0, 5], 0.5000005000000002], [[0, 0, 6], 0.4999994999999998], [[0, 1, 5], 0.4999994999999998], [[0, 1, 6], 0.5000005000000002], [[1, 0, 16], 1.0], [[1, 1, 18], 1.0], [[2, 0, 13], 1.0], [[2, 1, 19], 1.0], [[3, 0, 0], 1.0], [[3, 1, 11], 1.0], [[4, 0, 10], 1.0], [[4, 1, 14], 1.0], [[5, 0, 8], 1.0], [[5, 1, 12], 1.0], [[6, 0, 2], 1.0], [[6, 1, 3], 1.0], [[7, 0, 1], 1.0], [[7, 1, 4], 1.0], [[8, 0, 15], 1.0], [[8, 1, 17], 1.0], [[9, 0, 7], 1.0], [[9, 1, 9], 1.0]]}, "a1": {"exec_time": 0.0, "obj": 320, "s": [4, 8, 7, 7, 8, 1, 1, 10, 6, 10, 5, 4, 6, 3, 5, 9, 2, 9, 2, 3]}, "a2": {"exec_time": 0.0, "obj": 320, "s": [4, 8, 7, 7, 8, 1, 1, 10, 6, 10, 5, 4, 6, 3, 5, 9, 2, 9, 2, 3], "ts": 1747940995}, "osp_blp": {"solver": "highs", "exec_time": 0.5059993267059326, "ts": 1747940995, "obj": 320, "x": [5, 6, 16, 18, 13, 19, 0, 11, 10, 14, 8, 12, 2, 3, 1, 4, 15, 17, 7, 9]}}}