{"id": "8d587ac524231ec741a3dee011eb8fd1", "params": {"p": [2, 2, 2, 2, 2, 2, 2, 2, 2, 2], "w": [1, 23, 29, 26, 28, 4, 23, 24, 10, 21], "d1": [9, 15, 17, 13, 17, 10, 15, 18, 20, 7], "d2": [11, 18, 20, 19, 18, 18, 20, 19, 20, 10], "s1": [8, 13, 15, 13, 10, 8, 7, 11, 20, 5], "s2": [8, 13, 15, 13, 12, 10, 15, 11, 20, 5], "r": [3, 8, 10, 9, 5, 1, 6, 2, 7, 4]}, "results": {"wsrpt": {"exec_time": 0.0, "obj": 1747, "s": [6, 8, 8, 10, 10, 5, 5, 2, 2, 3, 3, 4, 4, 7, 7, 9, 9, 6, 1, 1], "ts": 1747940996}, "lp": {"solver": "highs", "exec_time": 0.46501851081848145, "ts": 1747940996, "obj": 344.0, "x": [[[0, 0, 2], 1.0], [[0, 1, 3], 1.0], [[1, 0, 11], 1.0], [[1, 1, 15], 1.0], [[2, 0, 14], 1.0], [[2, 1, 19], 1.0], [[3, 0, 12], 1.0], [[3, 1, 13], 1.0], [[4, 0, 9], 1.0], [[4, 1, 17], 1.0], [[5, 0, 0], 1.0], [[5, 1, 1], 1.0], [[6, 0, 6], 1.0], [[6, 1, 16], 1.0], [[7, 0, 10], 1.0], [[7, 1, 18], 1.0], [[8, 0, 7], 1.0], [[8, 1, 8], 1.0], [[9, 0, 4], 1.0], [[9, 1, 5], 1.0]]}, "a1": {"exec_time": 0.0, "obj": 344, "s": [6, 6, 1, 1, 10, 10, 7, 9, 9, 5, 8, 2, 4, 4, 3, 2, 7, 5, 8, 3]}, "a2": {"exec_time": 0.0, "obj": 344, "s": [6, 6, 1, 1, 10, 10, 7, 9, 9, 5, 8, 2, 4, 4, 3, 2, 7, 5, 8, 3], "ts": 1747940996}, "osp_blp": {"solver": "highs", "exec_time": 0.5299944877624512, "ts": 1747940996, "obj": 344, "x": [2, 3, 11, 15, 14, 19, 12, 13, 9, 16, 0, 1, 6, 18, 10, 17, 7, 8, 4, 5]}}}