{"id": "8d59a69a0ca2201a5d26a2f6844c3a27", "params": {"p": [2, 2, 2, 2, 2, 2, 2, 2, 2, 2], "w": [17, 14, 9, 7, 24, 27, 3, 15, 7, 17], "d1": [14, 18, 12, 17, 9, 17, 6, 20, 16, 12], "d2": [17, 20, 16, 20, 18, 20, 8, 20, 17, 17], "s1": [9, 18, 7, 10, 6, 12, 4, 11, 8, 11], "s2": [13, 18, 10, 14, 6, 16, 5, 15, 8, 11], "r": [8, 2, 3, 1, 6, 7, 4, 10, 5, 9]}, "results": {"wsrpt": {"exec_time": 0.0, "obj": 1272, "s": [4, 2, 2, 4, 3, 5, 5, 6, 6, 3, 1, 1, 10, 10, 8, 8, 9, 9, 7, 7], "ts": 1747940996}, "lp": {"solver": "highs", "exec_time": 0.41899919509887695, "ts": 1747940997, "obj": 246.0, "x": [[[0, 0, 7], 1.0], [[0, 1, 13], 1.0], [[1, 0, 17], 1.0], [[1, 1, 18], 1.0], [[2, 0, 2], 1.0], [[2, 1, 14], 1.0], [[3, 0, 0], 1.0], [[3, 1, 1], 1.0], [[4, 0, 5], 1.0], [[4, 1, 8], 1.0], [[5, 0, 11], 1.0], [[5, 1, 16], 1.0], [[6, 0, 3], 1.0], [[6, 1, 4], 1.0], [[7, 0, 9], 1.0], [[7, 1, 19], 1.0], [[8, 0, 6], 1.0], [[8, 1, 15], 1.0], [[9, 0, 10], 1.0], [[9, 1, 12], 1.0]]}, "a1": {"exec_time": 0.0, "obj": 246, "s": [4, 4, 3, 7, 7, 5, 9, 1, 5, 8, 10, 6, 10, 1, 3, 9, 6, 2, 2, 8]}, "a2": {"exec_time": 0.0, "obj": 246, "s": [4, 4, 3, 7, 7, 5, 9, 1, 5, 8, 10, 6, 10, 1, 3, 9, 6, 2, 2, 8], "ts": 1747940997}, "osp_blp": {"solver": "highs", "exec_time": 0.49199986457824707, "ts": 1747940997, "obj": 246, "x": [7, 14, 17, 18, 2, 11, 0, 1, 5, 8, 13, 16, 3, 4, 9, 19, 6, 15, 10, 12]}}}