{"id": "8d60f41598f82dd9e1c5fba3a334b6b0", "params": {"p": [2, 2, 2, 2, 2, 2, 2, 2, 2, 2], "w": [22, 22, 29, 9, 26, 5, 23, 19, 22, 14], "d1": [12, 13, 16, 13, 9, 17, 17, 17, 9, 13], "d2": [19, 17, 17, 14, 11, 19, 18, 18, 17, 20], "s1": [12, 1, 11, 13, 8, 14, 13, 5, 5, 3], "s2": [12, 10, 16, 13, 9, 17, 14, 16, 5, 4], "r": [9, 1, 6, 8, 7, 10, 3, 4, 5, 2]}, "results": {"wsrpt": {"exec_time": 0.0, "obj": 1505, "s": [2, 2, 7, 7, 9, 9, 3, 3, 5, 5, 1, 1, 8, 8, 10, 10, 4, 4, 6, 6], "ts": 1747940997}, "lp": {"solver": "highs", "exec_time": 0.47300195693969727, "ts": 1747940997, "obj": 335.0, "x": [[[0, 0, 11], 1.0], [[0, 1, 18], 1.0], [[1, 0, 0], 1.0], [[1, 1, 14], 1.0], [[2, 0, 10], 1.0], [[2, 1, 15], 1.0], [[3, 0, 7], 1.0], [[3, 1, 13], 1.0], [[4, 0, 6], 1.0], [[4, 1, 8], 1.0], [[5, 0, 9], 1.0], [[5, 1, 19], 1.0], [[6, 0, 12], 1.0], [[6, 1, 16], 1.0], [[7, 0, 3], 1.0], [[7, 1, 17], 1.0], [[8, 0, 4], 1.0], [[8, 1, 5], 1.0], [[9, 0, 1], 1.0], [[9, 1, 2], 1.0]]}, "a1": {"exec_time": 0.0, "obj": 335, "s": [2, 10, 10, 8, 9, 9, 5, 4, 5, 6, 3, 1, 7, 4, 2, 3, 7, 8, 1, 6]}, "a2": {"exec_time": 0.0, "obj": 335, "s": [2, 10, 10, 8, 9, 9, 5, 4, 5, 6, 3, 1, 7, 4, 2, 3, 7, 8, 1, 6], "ts": 1747940997}, "osp_blp": {"solver": "highs", "exec_time": 0.4999964237213135, "ts": 1747940997, "obj": 335, "x": [11, 18, 0, 14, 10, 15, 7, 13, 6, 8, 9, 19, 12, 16, 3, 17, 4, 5, 1, 2]}}}