{"id": "8e587fffeef61e0d0a258526da497dee", "params": {"p": [2, 2, 2, 2, 2, 2, 2, 2, 2, 2], "w": [16, 30, 10, 15, 25, 20, 8, 10, 1, 13], "d1": [19, 19, 18, 17, 7, 11, 17, 7, 15, 10], "d2": [19, 20, 18, 17, 14, 20, 20, 15, 17, 15], "s1": [17, 18, 17, 10, 5, 7, 5, 5, 11, 4], "s2": [17, 19, 18, 13, 6, 7, 17, 7, 12, 4], "r": [8, 7, 10, 6, 2, 5, 1, 3, 9, 4]}, "results": {"wsrpt": {"exec_time": 0.0, "obj": 1755, "s": [7, 5, 5, 7, 6, 6, 2, 2, 1, 1, 4, 4, 10, 10, 3, 3, 8, 8, 9, 9], "ts": 1747940997}, "lp": {"solver": "highs", "exec_time": 0.48599815368652344, "ts": 1747940998, "obj": 261.0, "x": [[[0, 0, 16], 1.0], [[0, 1, 18], 1.0], [[1, 0, 17], 1.0], [[1, 1, 19], 1.0], [[2, 0, 13], 1.0], [[2, 1, 14], 1.0], [[3, 0, 9], 1.0], [[3, 1, 15], 1.0], [[4, 0, 4], 1.0], [[4, 1, 7], 1.0], [[5, 0, 6], 1.0], [[5, 1, 10], 1.0], [[6, 0, 0], 1.0], [[6, 1, 1], 1.0], [[7, 0, 2], 1.0], [[7, 1, 5], 1.0], [[8, 0, 8], 1.0], [[8, 1, 12], 1.0], [[9, 0, 3], 1.0], [[9, 1, 11], 1.0]]}, "a1": {"exec_time": 0.0, "obj": 261, "s": [7, 7, 8, 10, 5, 8, 6, 5, 9, 4, 6, 10, 9, 3, 3, 4, 1, 2, 1, 2]}, "a2": {"exec_time": 0.0, "obj": 261, "s": [7, 7, 8, 10, 5, 8, 6, 5, 9, 4, 6, 10, 9, 3, 3, 4, 1, 2, 1, 2], "ts": 1747940998}, "osp_blp": {"solver": "highs", "exec_time": 0.5209994316101074, "ts": 1747940998, "obj": 261, "x": [16, 18, 17, 19, 13, 14, 10, 15, 4, 7, 6, 11, 0, 1, 2, 5, 8, 12, 3, 9]}}}