{"id": "8e659d3ac61d1e61abc0ce2f49722b5b", "params": {"p": [2, 2, 2, 2, 2, 2, 2, 2, 2, 2], "w": [22, 17, 6, 23, 8, 7, 2, 2, 3, 17], "d1": [16, 19, 8, 16, 12, 6, 8, 13, 17, 9], "d2": [17, 19, 12, 20, 12, 11, 19, 18, 20, 18], "s1": [9, 10, 8, 7, 8, 6, 6, 3, 11, 4], "s2": [9, 10, 8, 12, 8, 6, 8, 6, 11, 9], "r": [9, 10, 5, 7, 8, 2, 6, 1, 4, 3]}, "results": {"wsrpt": {"exec_time": 0.0, "obj": 725, "s": [8, 6, 10, 10, 6, 3, 4, 4, 1, 1, 2, 2, 3, 5, 5, 8, 9, 9, 7, 7], "ts": 1747940998}, "lp": {"solver": "highs", "exec_time": 0.5229954719543457, "ts": 1747940998, "obj": 75.0, "x": [[[0, 0, 8], 1.0], [[0, 1, 15], 1.0], [[1, 0, 9], 1.0], [[1, 1, 18], 1.0], [[2, 0, 6], 1.0], [[2, 1, 12], 1.0], [[3, 0, 10], 1.0], [[3, 1, 17], 1.0], [[4, 0, 7], 1.0], [[4, 1, 11], 1.0], [[5, 0, 2], 0.50000025], [[5, 0, 4], 0.49999975], [[5, 1, 2], 0.49999975], [[5, 1, 4], 0.50000025], [[6, 0, 5], 1.0], [[6, 1, 16], 1.0], [[7, 0, 0], 1.0], [[7, 1, 1], 1.0], [[8, 0, 13], 1.0], [[8, 1, 19], 1.0], [[9, 0, 3], 1.0], [[9, 1, 14], 1.0]]}, "a1": {"exec_time": 0.0, "obj": 75, "s": [8, 8, 6, 10, 6, 7, 3, 5, 1, 2, 4, 5, 3, 9, 10, 1, 7, 4, 2, 9]}, "a2": {"exec_time": 0.015625, "obj": 75, "s": [8, 8, 6, 10, 6, 7, 3, 5, 1, 2, 4, 5, 3, 9, 10, 1, 7, 4, 2, 9], "ts": 1747940998}, "osp_blp": {"solver": "highs", "exec_time": 0.6159958839416504, "ts": 1747940999, "obj": 75, "x": [8, 16, 9, 18, 6, 12, 10, 19, 7, 11, 2, 4, 5, 15, 0, 1, 13, 17, 3, 14]}}}