{"id": "8e6e71dbfdef3e88f4918ce19059a0a9", "params": {"p": [2, 2, 2, 2, 2, 2, 2, 2, 2, 2], "w": [10, 30, 11, 12, 5, 16, 14, 24, 16, 16], "d1": [9, 20, 10, 15, 10, 7, 18, 17, 19, 16], "d2": [18, 20, 11, 15, 14, 12, 19, 17, 20, 20], "s1": [4, 16, 6, 9, 10, 5, 15, 3, 11, 7], "s2": [7, 17, 9, 10, 10, 7, 15, 4, 14, 13], "r": [4, 9, 3, 8, 5, 1, 7, 2, 10, 6]}, "results": {"wsrpt": {"exec_time": 0.0, "obj": 1592, "s": [6, 6, 8, 8, 3, 3, 10, 10, 2, 2, 9, 9, 7, 7, 4, 4, 1, 1, 5, 5], "ts": 1747940999}, "lp": {"solver": "highs", "exec_time": 0.46901917457580566, "ts": 1747940999, "obj": 220.0, "x": [[[0, 0, 3], 1.0], [[0, 1, 8], 1.0], [[1, 0, 15], 1.0], [[1, 1, 19], 1.0], [[2, 0, 2], 1.0], [[2, 1, 10], 1.0], [[3, 0, 9], 1.0], [[3, 1, 12], 1.0], [[4, 0, 4], 1.0], [[4, 1, 5], 1.0], [[5, 0, 0], 1.0], [[5, 1, 7], 1.0], [[6, 0, 13], 1.0], [[6, 1, 17], 1.0], [[7, 0, 1], 1.0], [[7, 1, 16], 1.0], [[8, 0, 11], 1.0], [[8, 1, 18], 1.0], [[9, 0, 6], 1.0], [[9, 1, 14], 1.0]]}, "a1": {"exec_time": 0.0, "obj": 220, "s": [6, 8, 3, 1, 5, 5, 10, 6, 1, 4, 3, 9, 4, 7, 10, 2, 8, 7, 9, 2]}, "a2": {"exec_time": 0.0, "obj": 220, "s": [6, 8, 3, 1, 5, 5, 10, 6, 1, 4, 3, 9, 4, 7, 10, 2, 8, 7, 9, 2], "ts": 1747940999}, "osp_blp": {"solver": "highs", "exec_time": 0.551999568939209, "ts": 1747940999, "obj": 220, "x": [3, 8, 15, 19, 2, 10, 9, 12, 4, 5, 0, 6, 13, 17, 1, 16, 11, 18, 7, 14]}}}