{"id": "8e89d0f4c36cfb7b0aac02aae1b6d71e", "params": {"p": [2, 2, 2, 2, 2, 2, 2, 2, 2, 2], "w": [14, 17, 22, 24, 20, 28, 12, 3, 5, 15], "d1": [15, 12, 11, 14, 13, 14, 11, 8, 15, 16], "d2": [16, 13, 13, 20, 17, 18, 15, 10, 17, 20], "s1": [13, 9, 9, 7, 11, 12, 7, 6, 11, 12], "s2": [13, 12, 11, 12, 12, 14, 8, 7, 14, 15], "r": [10, 6, 3, 4, 8, 9, 1, 2, 7, 5]}, "results": {"wsrpt": {"exec_time": 0.0, "obj": 1168, "s": [7, 7, 3, 3, 4, 4, 2, 2, 6, 6, 5, 5, 10, 10, 1, 1, 9, 9, 8, 8], "ts": 1747940999}, "lp": {"solver": "highs", "exec_time": 0.49899744987487793, "ts": 1747941000, "obj": 357.0, "x": [[[0, 0, 12], 1.0], [[0, 1, 15], 1.0], [[1, 0, 5], 1.0], [[1, 1, 11], 1.0], [[2, 0, 8], 1.0], [[2, 1, 10], 1.0], [[3, 0, 4], 1.0], [[3, 1, 18], 1.0], [[4, 0, 9], 1.0], [[4, 1, 16], 1.0], [[5, 0, 13], 1.0], [[5, 1, 17], 1.0], [[6, 0, 0], 1.0], [[6, 1, 3], 1.0], [[7, 0, 1], 1.0], [[7, 1, 2], 1.0], [[8, 0, 6], 1.0], [[8, 1, 7], 1.0], [[9, 0, 14], 1.0], [[9, 1, 19], 1.0]]}, "a1": {"exec_time": 0.0, "obj": 357, "s": [7, 8, 8, 7, 4, 2, 9, 9, 3, 5, 3, 2, 1, 6, 10, 1, 5, 6, 4, 10]}, "a2": {"exec_time": 0.0, "obj": 357, "s": [7, 8, 8, 7, 4, 2, 9, 9, 3, 5, 3, 2, 1, 6, 10, 1, 5, 6, 4, 10], "ts": 1747941000}, "osp_blp": {"solver": "highs", "exec_time": 0.546999454498291, "ts": 1747941000, "obj": 357, "x": [12, 15, 5, 11, 8, 10, 4, 19, 9, 16, 13, 17, 0, 3, 1, 2, 6, 7, 14, 18]}}}