{"id": "8f17e8d2690f5df236586a74895edebd", "params": {"p": [2, 2, 2, 2, 2, 2, 2, 2, 2, 2], "w": [18, 2, 13, 15, 10, 25, 2, 3, 17, 17], "d1": [6, 19, 20, 14, 8, 14, 14, 13, 13, 17], "d2": [20, 20, 20, 18, 14, 14, 17, 17, 15, 17], "s1": [2, 15, 16, 11, 8, 8, 12, 10, 12, 12], "s2": [6, 18, 20, 12, 8, 14, 14, 13, 13, 14], "r": [1, 9, 3, 2, 5, 6, 8, 4, 10, 7]}, "results": {"wsrpt": {"exec_time": 0.0, "obj": 1138, "s": [1, 1, 4, 4, 3, 3, 6, 6, 10, 10, 9, 9, 5, 5, 8, 8, 2, 2, 7, 7], "ts": 1747941000}, "lp": {"solver": "highs", "exec_time": 0.5299978256225586, "ts": 1747941000, "obj": 301.0, "x": [[[0, 0, 0], 1.0], [[0, 1, 2], 1.0], [[1, 0, 8], 1.0], [[1, 1, 18], 1.0], [[2, 0, 17], 1.0], [[2, 1, 19], 1.0], [[3, 0, 1], 1.0], [[3, 1, 15], 1.0], [[4, 0, 5], 1.0], [[4, 1, 6], 1.0], [[5, 0, 7], 1.0], [[5, 1, 13], 1.0], [[6, 0, 9], 1.0], [[6, 1, 10], 1.0], [[7, 0, 3], 1.0], [[7, 1, 4], 1.0], [[8, 0, 12], 1.0], [[8, 1, 14], 1.0], [[9, 0, 11], 1.0], [[9, 1, 16], 1.0]]}, "a1": {"exec_time": 0.0, "obj": 301, "s": [1, 4, 1, 8, 8, 5, 5, 6, 2, 7, 7, 10, 9, 6, 9, 4, 10, 3, 2, 3]}, "a2": {"exec_time": 0.0, "obj": 301, "s": [1, 4, 1, 8, 8, 5, 5, 6, 2, 7, 7, 10, 9, 6, 9, 4, 10, 3, 2, 3], "ts": 1747941000}, "osp_blp": {"solver": "highs", "exec_time": 0.6039981842041016, "ts": 1747941000, "obj": 301, "x": [0, 2, 8, 18, 15, 19, 1, 17, 5, 6, 7, 13, 9, 10, 3, 4, 12, 14, 11, 16]}}}