{"id": "8f4c29e32d57f25791cc0e471027cda8", "params": {"p": [2, 2, 2, 2, 2, 2, 2, 2, 2, 2], "w": [12, 3, 5, 14, 7, 18, 18, 20, 21, 22], "d1": [11, 11, 15, 13, 12, 9, 12, 10, 13, 7], "d2": [17, 19, 19, 17, 16, 12, 17, 12, 17, 17], "s1": [9, 9, 11, 8, 11, 9, 12, 10, 8, 7], "s2": [10, 9, 15, 9, 12, 9, 12, 10, 11, 7], "r": [8, 3, 10, 6, 7, 2, 9, 1, 4, 5]}, "results": {"wsrpt": {"exec_time": 0.0, "obj": 962, "s": [8, 8, 6, 6, 10, 10, 9, 9, 7, 7, 4, 4, 1, 1, 5, 5, 3, 3, 2, 2], "ts": 1747941001}, "lp": {"solver": "highs", "exec_time": 0.483001708984375, "ts": 1747941001, "obj": 461.0, "x": [[[0, 0, 9], 1.0], [[0, 1, 17], 1.0], [[1, 0, 2], 1.0], [[1, 1, 3], 1.0], [[2, 0, 18], 1.0], [[2, 1, 19], 1.0], [[3, 0, 5], 1.0], [[3, 1, 14], 1.0], [[4, 0, 12], 1.0], [[4, 1, 15], 1.0], [[5, 0, 1], 1.0], [[5, 1, 8], 1.0], [[6, 0, 11], 1.0], [[6, 1, 16], 1.0], [[7, 0, 0], 1.0], [[7, 1, 10], 1.0], [[8, 0, 7], 1.0], [[8, 1, 13], 1.0], [[9, 0, 4], 1.0], [[9, 1, 6], 1.0]]}, "a1": {"exec_time": 0.015625, "obj": 461, "s": [8, 6, 2, 2, 10, 4, 10, 9, 6, 1, 8, 7, 5, 9, 4, 5, 7, 1, 3, 3]}, "a2": {"exec_time": 0.0, "obj": 461, "s": [8, 6, 2, 2, 10, 4, 10, 9, 6, 1, 8, 7, 5, 9, 4, 5, 7, 1, 3, 3], "ts": 1747941001}, "osp_blp": {"solver": "highs", "exec_time": 0.5269975662231445, "ts": 1747941001, "obj": 461, "x": [8, 17, 2, 3, 18, 19, 5, 13, 12, 15, 1, 9, 11, 16, 0, 10, 7, 14, 4, 6]}}}