{"id": "8f93c4906cd45734f5e5fdc7aeb75e29", "params": {"p": [2, 2, 2, 2, 2, 2, 2, 2, 2, 2], "w": [3, 2, 20, 1, 2, 25, 21, 23, 13, 24], "d1": [19, 19, 19, 10, 12, 16, 13, 9, 19, 12], "d2": [19, 20, 20, 10, 14, 20, 18, 9, 19, 18], "s1": [7, 8, 19, 3, 8, 9, 9, 9, 16, 12], "s2": [10, 9, 19, 4, 12, 9, 13, 9, 18, 12], "r": [1, 7, 9, 2, 4, 8, 6, 5, 3, 10]}, "results": {"wsrpt": {"exec_time": 0.0, "obj": 1196, "s": [1, 1, 9, 9, 8, 8, 7, 7, 6, 6, 10, 10, 3, 3, 2, 2, 5, 5, 4, 4], "ts": 1747941001}, "lp": {"solver": "highs", "exec_time": 0.6469964981079102, "ts": 1747941002, "obj": 156.0, "x": [[[0, 0, 0], 1.0], [[0, 1, 5], 1.0], [[1, 0, 6], 1.0], [[1, 1, 14], 1.0], [[2, 0, 18], 1.0], [[2, 1, 19], 1.0], [[3, 0, 1], 1.0], [[3, 1, 2], 1.0], [[4, 0, 3], 1.0], [[4, 1, 4], 1.0], [[5, 0, 8], 1.0], [[5, 1, 16], 1.0], [[6, 0, 10], 1.0], [[6, 1, 13], 1.0], [[7, 0, 7], 1.0], [[7, 1, 9], 1.0], [[8, 0, 15], 1.0], [[8, 1, 17], 1.0], [[9, 0, 11], 1.0], [[9, 1, 12], 1.0]]}, "a1": {"exec_time": 0.0, "obj": 156, "s": [1, 4, 4, 5, 5, 1, 2, 8, 6, 8, 7, 10, 10, 7, 2, 9, 6, 9, 3, 3]}, "a2": {"exec_time": 0.0, "obj": 156, "s": [1, 4, 4, 5, 5, 1, 2, 8, 6, 8, 7, 10, 10, 7, 2, 9, 6, 9, 3, 3], "ts": 1747941002}, "osp_blp": {"solver": "highs", "exec_time": 0.698000431060791, "ts": 1747941002, "obj": 156, "x": [0, 5, 6, 14, 18, 19, 1, 2, 3, 4, 8, 16, 10, 13, 7, 9, 15, 17, 11, 12]}}}