{"id": "8fb1eab7593200695d1df5984c8e6da2", "params": {"p": [2, 2, 2, 2, 2, 2, 2, 2, 2, 2], "w": [12, 10, 17, 19, 28, 6, 30, 26, 16, 12], "d1": [15, 11, 17, 17, 8, 12, 17, 16, 20, 16], "d2": [17, 16, 18, 18, 19, 15, 19, 19, 20, 16], "s1": [11, 8, 11, 13, 4, 12, 16, 15, 12, 6], "s2": [13, 8, 16, 17, 8, 12, 17, 15, 17, 12], "r": [8, 1, 10, 2, 4, 7, 3, 9, 5, 6]}, "results": {"wsrpt": {"exec_time": 0.0, "obj": 1954, "s": [2, 2, 7, 7, 5, 5, 4, 4, 8, 8, 3, 3, 9, 9, 1, 1, 10, 10, 6, 6], "ts": 1747941002}, "lp": {"solver": "highs", "exec_time": 0.41900205612182617, "ts": 1747941003, "obj": 645.0, "x": [[[0, 0, 9], 1.0], [[0, 1, 11], 1.0], [[1, 0, 0], 1.0], [[1, 1, 1], 1.0], [[2, 0, 10], 1.0], [[2, 1, 13], 1.0], [[3, 0, 2], 1.0], [[3, 1, 17], 1.0], [[4, 0, 3], 1.0], [[4, 1, 7], 1.0], [[5, 0, 6], 1.0], [[5, 1, 8], 1.0], [[6, 0, 15], 1.0], [[6, 1, 16], 1.0], [[7, 0, 14], 1.0], [[7, 1, 18], 1.0], [[8, 0, 4], 1.0], [[8, 1, 19], 1.0], [[9, 0, 5], 1.0], [[9, 1, 12], 1.0]]}, "a1": {"exec_time": 0.0, "obj": 645, "s": [2, 2, 4, 5, 9, 10, 6, 5, 6, 1, 3, 1, 10, 3, 8, 7, 7, 4, 8, 9]}, "a2": {"exec_time": 0.0, "obj": 645, "s": [2, 2, 4, 5, 9, 10, 6, 5, 6, 1, 3, 1, 10, 3, 8, 7, 7, 4, 8, 9], "ts": 1747941003}, "osp_blp": {"solver": "highs", "exec_time": 0.5479962825775146, "ts": 1747941003, "obj": 645, "x": [9, 11, 0, 1, 10, 13, 2, 17, 3, 7, 6, 8, 15, 18, 14, 16, 4, 19, 5, 12]}}}