{"id": "8fbf69a8341f5fc6797027068f84b78e", "params": {"p": [2, 2, 2, 2, 2, 2, 2, 2, 2, 2], "w": [8, 25, 18, 12, 23, 14, 17, 9, 6, 17], "d1": [14, 17, 11, 7, 13, 14, 13, 17, 11, 13], "d2": [19, 20, 15, 15, 16, 18, 13, 17, 12, 18], "s1": [14, 17, 1, 5, 13, 12, 9, 12, 5, 11], "s2": [14, 17, 9, 5, 13, 12, 10, 15, 11, 12], "r": [8, 5, 1, 2, 7, 10, 9, 6, 3, 4]}, "results": {"wsrpt": {"exec_time": 0.0, "obj": 1261, "s": [3, 3, 4, 4, 2, 2, 5, 5, 7, 7, 10, 10, 6, 6, 8, 8, 1, 1, 9, 9], "ts": 1747941003}, "lp": {"solver": "highs", "exec_time": 0.49500179290771484, "ts": 1747941003, "obj": 338.0, "x": [[[0, 0, 7], 1.0], [[0, 1, 18], 1.0], [[1, 0, 16], 1.0], [[1, 1, 19], 1.0], [[2, 0, 0], 1.0], [[2, 1, 10], 1.0], [[3, 0, 1], 1.0], [[3, 1, 4], 1.0], [[4, 0, 12], 1.0], [[4, 1, 13], 1.0], [[5, 0, 9], 1.0], [[5, 1, 17], 1.0], [[6, 0, 8], 1.0], [[6, 1, 11], 1.0], [[7, 0, 5], 1.0], [[7, 1, 15], 1.0], [[8, 0, 2], 1.0], [[8, 1, 3], 1.0], [[9, 0, 6], 1.0], [[9, 1, 14], 1.0]]}, "a1": {"exec_time": 0.0, "obj": 338, "s": [3, 4, 9, 9, 4, 8, 10, 1, 7, 6, 3, 7, 5, 5, 10, 8, 2, 6, 1, 2]}, "a2": {"exec_time": 0.0, "obj": 338, "s": [3, 4, 9, 9, 4, 8, 10, 1, 7, 6, 3, 7, 5, 5, 10, 8, 2, 6, 1, 2], "ts": 1747941003}, "osp_blp": {"solver": "highs", "exec_time": 0.5560023784637451, "ts": 1747941003, "obj": 338, "x": [7, 18, 16, 19, 0, 10, 1, 4, 12, 13, 9, 14, 8, 11, 5, 17, 2, 3, 6, 15]}}}