{"id": "9001b938fe4df62afa29f1b72f6646d9", "params": {"p": [2, 2, 2, 2, 2, 2, 2, 2, 2, 2], "w": [20, 11, 23, 17, 1, 22, 18, 10, 13, 30], "d1": [19, 15, 8, 19, 18, 18, 11, 7, 19, 9], "d2": [20, 16, 13, 20, 20, 19, 20, 17, 20, 14], "s1": [11, 7, 7, 13, 18, 15, 9, 7, 19, 4], "s2": [13, 11, 8, 17, 18, 17, 9, 7, 19, 9], "r": [10, 7, 2, 6, 4, 9, 8, 5, 1, 3]}, "results": {"wsrpt": {"exec_time": 0.0, "obj": 1691, "s": [9, 9, 10, 10, 3, 3, 4, 4, 6, 6, 1, 1, 7, 7, 2, 2, 8, 8, 5, 5], "ts": 1747941003}, "lp": {"solver": "highs", "exec_time": 0.46899914741516113, "ts": 1747941004, "obj": 442.0, "x": [[[0, 0, 12], 1.0], [[0, 1, 19], 1.0], [[1, 0, 6], 1.0], [[1, 1, 15], 1.0], [[2, 0, 1], 1.0], [[2, 1, 7], 1.0], [[3, 0, 13], 1.0], [[3, 1, 18], 1.0], [[4, 0, 3], 1.0], [[4, 1, 4], 1.0], [[5, 0, 14], 1.0], [[5, 1, 17], 1.0], [[6, 0, 8], 1.0], [[6, 1, 10], 1.0], [[7, 0, 5], 1.0], [[7, 1, 9], 1.0], [[8, 0, 0], 1.0], [[8, 1, 16], 1.0], [[9, 0, 2], 1.0], [[9, 1, 11], 1.0]]}, "a1": {"exec_time": 0.0, "obj": 442, "s": [9, 3, 10, 5, 5, 8, 2, 3, 7, 8, 7, 10, 1, 4, 6, 2, 9, 6, 4, 1]}, "a2": {"exec_time": 0.0, "obj": 442, "s": [9, 3, 10, 5, 5, 8, 2, 3, 7, 8, 7, 10, 1, 4, 6, 2, 9, 6, 4, 1], "ts": 1747941004}, "osp_blp": {"solver": "highs", "exec_time": 0.5079996585845947, "ts": 1747941004, "obj": 442, "x": [10, 19, 7, 14, 1, 9, 12, 18, 3, 4, 15, 17, 8, 11, 5, 6, 0, 16, 2, 13]}}}