{"id": "9156b4680a25224bb50d4d1768f6bf08", "params": {"p": [2, 2, 2, 2, 2, 2, 2, 2, 2, 2], "w": [19, 29, 6, 7, 15, 29, 14, 12, 8, 5], "d1": [18, 10, 5, 9, 16, 7, 19, 18, 5, 14], "d2": [18, 17, 14, 18, 18, 11, 19, 20, 14, 16], "s1": [15, 9, 2, 8, 16, 6, 7, 13, 5, 7], "s2": [17, 10, 2, 8, 16, 6, 15, 14, 5, 11], "r": [9, 8, 2, 5, 10, 4, 7, 1, 3, 6]}, "results": {"wsrpt": {"exec_time": 0.0, "obj": 1140, "s": [8, 8, 9, 6, 6, 9, 7, 2, 2, 7, 1, 1, 5, 5, 4, 4, 3, 3, 10, 10], "ts": 1747941004}, "lp": {"solver": "highs", "exec_time": 0.43167877197265625, "ts": 1747941004, "obj": 164.0, "x": [[[0, 0, 14], 1.0], [[0, 1, 17], 1.0], [[1, 0, 9], 1.0], [[1, 1, 11], 1.0], [[2, 0, 1], 1.0], [[2, 1, 2], 1.0], [[3, 0, 7], 1.0], [[3, 1, 10], 1.0], [[4, 0, 15], 1.0], [[4, 1, 16], 1.0], [[5, 0, 5], 1.0], [[5, 1, 8], 1.0], [[6, 0, 12], 1.0], [[6, 1, 18], 1.0], [[7, 0, 0], 1.0], [[7, 1, 19], 1.0], [[8, 0, 3], 1.0], [[8, 1, 4], 1.0], [[9, 0, 6], 1.0], [[9, 1, 13], 1.0]]}, "a1": {"exec_time": 0.0, "obj": 164, "s": [8, 3, 3, 9, 9, 6, 10, 4, 6, 2, 4, 2, 7, 10, 1, 5, 5, 1, 7, 8]}, "a2": {"exec_time": 0.0, "obj": 164, "s": [8, 3, 3, 9, 9, 6, 10, 4, 6, 2, 4, 2, 7, 10, 1, 5, 5, 1, 7, 8], "ts": 1747941004}, "osp_blp": {"solver": "highs", "exec_time": 0.48970675468444824, "ts": 1747941004, "obj": 164, "x": [14, 17, 8, 12, 1, 2, 7, 11, 15, 16, 5, 10, 6, 18, 0, 19, 3, 4, 9, 13]}}}