{"id": "931b1788875d736c77eddeb780992999", "params": {"p": [2, 2, 2, 2, 2, 2, 2, 2, 2, 2], "w": [13, 18, 17, 6, 15, 12, 5, 5, 3, 18], "d1": [7, 9, 11, 10, 8, 18, 9, 8, 8, 18], "d2": [19, 17, 16, 17, 17, 20, 9, 13, 8, 18], "s1": [5, 6, 9, 4, 5, 15, 7, 8, 3, 17], "s2": [6, 7, 9, 10, 6, 17, 8, 8, 8, 17], "r": [2, 6, 9, 1, 5, 8, 7, 4, 3, 10]}, "results": {"wsrpt": {"exec_time": 0.0, "obj": 707, "s": [4, 1, 1, 4, 5, 5, 2, 2, 3, 3, 10, 10, 6, 6, 7, 7, 8, 8, 9, 9], "ts": 1747941004}, "lp": {"solver": "highs", "exec_time": 0.43001389503479004, "ts": 1747941005, "obj": 74.0, "x": [[[0, 0, 1], 1.0], [[0, 1, 18], 1.0], [[1, 0, 5], 1.0], [[1, 1, 13], 1.0], [[2, 0, 8], 1.0], [[2, 1, 14], 1.0], [[3, 0, 0], 1.0], [[3, 1, 10], 1.0], [[4, 0, 4], 1.0], [[4, 1, 11], 1.0], [[5, 0, 15], 1.0], [[5, 1, 19], 1.0], [[6, 0, 6], 1.0], [[6, 1, 9], 1.0], [[7, 0, 7], 1.0], [[7, 1, 12], 1.0], [[8, 0, 2], 1.0], [[8, 1, 3], 1.0], [[9, 0, 16], 1.0], [[9, 1, 17], 1.0]]}, "a1": {"exec_time": 0.0, "obj": 74, "s": [4, 1, 9, 9, 5, 2, 7, 8, 3, 7, 4, 5, 8, 2, 3, 6, 10, 10, 1, 6]}, "a2": {"exec_time": 0.0, "obj": 74, "s": [4, 1, 9, 9, 5, 2, 7, 8, 3, 7, 4, 5, 8, 2, 3, 6, 10, 10, 1, 6], "ts": 1747941005}, "osp_blp": {"solver": "highs", "exec_time": 0.4820845127105713, "ts": 1747941005, "obj": 74, "x": [1, 18, 5, 13, 8, 10, 0, 15, 4, 11, 14, 19, 6, 9, 7, 12, 2, 3, 16, 17]}}}