{"id": "9329bf595447ce99ba86e752afa68db2", "params": {"p": [2, 2, 2, 2, 2, 2, 2, 2, 2, 2], "w": [29, 3, 25, 18, 27, 18, 16, 28, 21, 5], "d1": [15, 18, 13, 12, 12, 8, 9, 18, 16, 10], "d2": [17, 19, 19, 17, 19, 15, 13, 19, 19, 13], "s1": [15, 16, 10, 10, 9, 4, 8, 6, 11, 6], "s2": [15, 18, 13, 12, 12, 4, 9, 14, 11, 7], "r": [6, 9, 10, 5, 8, 2, 3, 4, 7, 1]}, "results": {"wsrpt": {"exec_time": 0.0, "obj": 1549, "s": [10, 6, 6, 8, 8, 1, 1, 5, 5, 3, 3, 9, 9, 4, 4, 7, 7, 10, 2, 2], "ts": 1747941005}, "lp": {"solver": "highs", "exec_time": 0.4762754440307617, "ts": 1747941005, "obj": 266.0, "x": [[[0, 0, 14], 1.0], [[0, 1, 15], 1.0], [[1, 0, 16], 1.0], [[1, 1, 19], 1.0], [[2, 0, 9], 1.0], [[2, 1, 12], 1.0], [[3, 0, 7], 1.0], [[3, 1, 11], 1.0], [[4, 0, 8], 1.0], [[4, 1, 13], 1.0], [[5, 0, 3], 1.0], [[5, 1, 6], 1.0], [[6, 0, 2], 1.0], [[6, 1, 4], 1.0], [[7, 0, 5], 1.0], [[7, 1, 17], 1.0], [[8, 0, 10], 1.0], [[8, 1, 18], 1.0], [[9, 0, 0], 1.0], [[9, 1, 1], 1.0]]}, "a1": {"exec_time": 0.0, "obj": 266, "s": [10, 10, 7, 6, 7, 8, 6, 4, 5, 3, 9, 4, 3, 5, 1, 1, 2, 8, 9, 2]}, "a2": {"exec_time": 0.0, "obj": 266, "s": [10, 10, 7, 6, 7, 8, 6, 4, 5, 3, 9, 4, 3, 5, 1, 1, 2, 8, 9, 2], "ts": 1747941005}, "osp_blp": {"solver": "highs", "exec_time": 0.5562770366668701, "ts": 1747941005, "obj": 266, "x": [14, 16, 17, 19, 9, 12, 7, 13, 8, 11, 3, 6, 2, 4, 5, 18, 10, 15, 0, 1]}}}