{"id": "93e28e4b8a16601b1cc2a9716611deae", "params": {"p": [2, 2, 2, 2, 2, 2, 2, 2, 2, 2], "w": [23, 1, 26, 9, 7, 2, 3, 7, 14, 23], "d1": [8, 9, 16, 14, 15, 20, 6, 11, 12, 11], "d2": [10, 20, 17, 15, 15, 20, 11, 14, 13, 14], "s1": [3, 6, 10, 10, 9, 13, 6, 11, 9, 9], "s2": [6, 7, 14, 10, 11, 20, 6, 11, 12, 9], "r": [1, 2, 10, 6, 3, 7, 4, 5, 9, 8]}, "results": {"wsrpt": {"exec_time": 0.0, "obj": 710, "s": [1, 1, 5, 5, 8, 8, 4, 10, 10, 3, 3, 4, 9, 9, 7, 7, 6, 6, 2, 2], "ts": 1747941005}, "lp": {"solver": "highs", "exec_time": 0.4649965763092041, "ts": 1747941006, "obj": 148.0, "x": [[[0, 0, 0], 1.0], [[0, 1, 7], 1.0], [[1, 0, 1], 1.0], [[1, 1, 2], 1.0], [[2, 0, 9], 1.0], [[2, 1, 16], 1.0], [[3, 0, 6], 1.0], [[3, 1, 14], 1.0], [[4, 0, 5], 1.0], [[4, 1, 17], 1.0], [[5, 0, 18], 1.0], [[5, 1, 19], 1.0], [[6, 0, 3], 1.0], [[6, 1, 4], 1.0], [[7, 0, 10], 1.0], [[7, 1, 15], 1.0], [[8, 0, 11], 1.0], [[8, 1, 12], 1.0], [[9, 0, 8], 1.0], [[9, 1, 13], 1.0]]}, "a1": {"exec_time": 0.0, "obj": 148, "s": [1, 2, 2, 7, 7, 5, 4, 1, 10, 3, 8, 9, 9, 10, 4, 8, 3, 5, 6, 6]}, "a2": {"exec_time": 0.0, "obj": 148, "s": [1, 2, 2, 7, 7, 5, 4, 1, 10, 3, 8, 9, 9, 10, 4, 8, 3, 5, 6, 6], "ts": 1747941006}, "osp_blp": {"solver": "highs", "exec_time": 0.5380032062530518, "ts": 1747941006, "obj": 148, "x": [0, 7, 1, 2, 9, 16, 6, 14, 5, 15, 18, 19, 3, 4, 10, 17, 11, 12, 8, 13]}}}