{"id": "93fb9538082c855e107a45adc5a254c7", "params": {"p": [2, 2, 2, 2, 2, 2, 2, 2, 2, 2], "w": [28, 17, 15, 14, 9, 13, 2, 8, 26, 18], "d1": [8, 19, 13, 20, 18, 7, 19, 17, 19, 18], "d2": [18, 19, 20, 20, 19, 9, 19, 18, 20, 18], "s1": [6, 9, 5, 15, 5, 6, 7, 10, 9, 17], "s2": [7, 17, 9, 16, 14, 7, 13, 10, 16, 17], "r": [5, 2, 3, 6, 1, 4, 7, 10, 9, 8]}, "results": {"wsrpt": {"exec_time": 0.0, "obj": 1523, "s": [5, 5, 2, 2, 1, 1, 3, 3, 9, 9, 10, 10, 4, 4, 6, 6, 8, 8, 7, 7], "ts": 1747941006}, "lp": {"solver": "highs", "exec_time": 0.45099735260009766, "ts": 1747941006, "obj": 351.0, "x": [[[0, 0, 5], 1.0], [[0, 1, 7], 1.0], [[1, 0, 8], 1.0], [[1, 1, 15], 1.0], [[2, 0, 2], 1.0], [[2, 1, 12], 1.0], [[3, 0, 14], 1.0], [[3, 1, 19], 1.0], [[4, 0, 0], 1.0], [[4, 1, 1], 1.0], [[5, 0, 3], 1.0], [[5, 1, 4], 1.0], [[6, 0, 6], 1.0], [[6, 1, 11], 1.0], [[7, 0, 9], 1.0], [[7, 1, 13], 1.0], [[8, 0, 10], 1.0], [[8, 1, 18], 1.0], [[9, 0, 16], 1.0], [[9, 1, 17], 1.0]]}, "a1": {"exec_time": 0.0, "obj": 351, "s": [5, 5, 3, 6, 6, 1, 7, 1, 2, 8, 9, 7, 3, 8, 4, 2, 10, 10, 9, 4]}, "a2": {"exec_time": 0.0, "obj": 351, "s": [5, 5, 3, 6, 6, 1, 7, 1, 2, 8, 9, 7, 3, 8, 4, 2, 10, 10, 9, 4], "ts": 1747941006}, "osp_blp": {"solver": "highs", "exec_time": 0.48601818084716797, "ts": 1747941006, "obj": 351, "x": [5, 7, 8, 15, 2, 12, 14, 19, 0, 1, 3, 4, 6, 11, 9, 13, 10, 18, 16, 17]}}}