{"id": "93fce802b842c6222810c1ebb9ce6f8a", "params": {"p": [2, 2, 2, 2, 2, 2, 2, 2, 2, 2], "w": [29, 13, 30, 17, 9, 15, 24, 11, 9, 21], "d1": [15, 15, 17, 17, 20, 17, 19, 18, 12, 13], "d2": [19, 17, 18, 20, 20, 17, 19, 18, 12, 18], "s1": [12, 5, 16, 12, 15, 13, 16, 14, 6, 8], "s2": [15, 10, 16, 12, 15, 13, 18, 15, 9, 12], "r": [3, 1, 6, 10, 7, 4, 9, 8, 5, 2]}, "results": {"wsrpt": {"exec_time": 0.0, "obj": 2302, "s": [2, 2, 1, 1, 10, 10, 3, 3, 7, 7, 4, 4, 6, 6, 8, 8, 5, 5, 9, 9], "ts": 1747941006}, "lp": {"solver": "highs", "exec_time": 0.4569826126098633, "ts": 1747941007, "obj": 909.0, "x": [[[0, 0, 11], 1.0], [[0, 1, 14], 1.0], [[1, 0, 0], 1.0], [[1, 1, 1], 1.0], [[2, 0, 15], 1.0], [[2, 1, 16], 1.0], [[3, 0, 10], 1.0], [[3, 1, 19], 1.0], [[4, 0, 6], 1.0], [[4, 1, 7], 1.0], [[5, 0, 3], 1.0], [[5, 1, 13], 1.0], [[6, 0, 17], 1.0], [[6, 1, 18], 1.0], [[7, 0, 8], 1.0], [[7, 1, 9], 1.0], [[8, 0, 4], 1.0], [[8, 1, 5], 1.0], [[9, 0, 2], 1.0], [[9, 1, 12], 1.0]]}, "a1": {"exec_time": 0.0, "obj": 909, "s": [2, 2, 10, 6, 9, 9, 5, 5, 8, 8, 4, 1, 10, 6, 1, 3, 3, 7, 7, 4]}, "a2": {"exec_time": 0.0, "obj": 909, "s": [2, 2, 10, 6, 9, 9, 5, 5, 8, 8, 4, 1, 10, 6, 1, 3, 3, 7, 7, 4], "ts": 1747941007}, "osp_blp": {"solver": "highs", "exec_time": 0.5010013580322266, "ts": 1747941007, "obj": 909, "x": [11, 14, 0, 1, 15, 17, 10, 19, 6, 7, 3, 13, 16, 18, 8, 9, 4, 5, 2, 12]}}}