{"id": "94a6f66b9ac010f106bc36e11a64775b", "params": {"p": [2, 2, 2, 2, 2, 2, 2, 2, 2, 2], "w": [19, 18, 12, 5, 6, 4, 30, 23, 22, 7], "d1": [20, 19, 17, 7, 6, 16, 18, 7, 15, 18], "d2": [20, 20, 20, 14, 19, 16, 18, 20, 16, 20], "s1": [11, 10, 7, 5, 3, 11, 14, 7, 9, 12], "s2": [13, 17, 15, 7, 3, 13, 16, 7, 13, 15], "r": [8, 7, 6, 1, 3, 2, 5, 4, 9, 10]}, "results": {"wsrpt": {"exec_time": 0.0, "obj": 1270, "s": [4, 4, 5, 8, 8, 7, 7, 1, 1, 9, 9, 2, 2, 3, 3, 5, 10, 10, 6, 6], "ts": 1747941007}, "lp": {"solver": "highs", "exec_time": 0.4279956817626953, "ts": 1747941007, "obj": 115.0, "x": [[[0, 0, 10], 1.0], [[0, 1, 19], 1.0], [[1, 0, 9], 1.0], [[1, 1, 18], 1.0], [[2, 0, 5], 1.0], [[2, 1, 16], 1.0], [[3, 0, 0], 1.0], [[3, 1, 3], 1.0], [[4, 0, 2], 1.0], [[4, 1, 4], 1.0], [[5, 0, 1], 1.0], [[5, 1, 12], 1.0], [[6, 0, 13], 1.0], [[6, 1, 17], 1.0], [[7, 0, 6], 1.0], [[7, 1, 7], 1.0], [[8, 0, 8], 1.0], [[8, 1, 14], 1.0], [[9, 0, 11], 1.0], [[9, 1, 15], 1.0]]}, "a1": {"exec_time": 0.0, "obj": 115, "s": [4, 6, 5, 4, 5, 3, 8, 8, 9, 2, 1, 10, 6, 7, 9, 10, 3, 7, 2, 1]}, "a2": {"exec_time": 0.0, "obj": 115, "s": [4, 6, 5, 4, 5, 3, 8, 8, 9, 2, 1, 10, 6, 7, 9, 10, 3, 7, 2, 1], "ts": 1747941007}, "osp_blp": {"solver": "highs", "exec_time": 0.5059969425201416, "ts": 1747941007, "obj": 115, "x": [10, 19, 9, 18, 5, 16, 0, 3, 2, 4, 1, 12, 13, 17, 6, 7, 8, 14, 11, 15]}}}