{"id": "950619c9a40e8681f5677552174840c9", "params": {"p": [2, 2, 2, 2, 2, 2, 2, 2, 2, 2], "w": [26, 28, 26, 26, 13, 26, 30, 4, 10, 30], "d1": [17, 13, 13, 14, 17, 19, 13, 4, 13, 17], "d2": [20, 16, 20, 20, 18, 20, 18, 8, 18, 18], "s1": [8, 9, 11, 12, 14, 11, 8, 3, 4, 13], "s2": [9, 9, 11, 14, 16, 15, 9, 3, 7, 14], "r": [7, 6, 9, 1, 4, 10, 5, 2, 3, 8]}, "results": {"wsrpt": {"exec_time": 0.0, "obj": 1961, "s": [4, 4, 9, 9, 7, 7, 2, 2, 10, 10, 1, 1, 3, 3, 6, 6, 5, 5, 8, 8], "ts": 1747941007}, "lp": {"solver": "highs", "exec_time": 0.46699976921081543, "ts": 1747941008, "obj": 556.0, "x": [[[0, 0, 6], 1.0], [[0, 1, 19], 1.0], [[1, 0, 8], 1.0], [[1, 1, 15], 1.0], [[2, 0, 10], 1.0], [[2, 1, 11], 1.0], [[3, 0, 0], 1.0], [[3, 1, 13], 1.0], [[4, 0, 5], 1.0], [[4, 1, 17], 1.0], [[5, 0, 9], 1.0], [[5, 1, 18], 1.0], [[6, 0, 7], 1.0], [[6, 1, 14], 1.0], [[7, 0, 1], 1.0], [[7, 1, 2], 1.0], [[8, 0, 3], 1.0], [[8, 1, 4], 1.0], [[9, 0, 12], 1.0], [[9, 1, 16], 1.0]]}, "a1": {"exec_time": 0.0, "obj": 556, "s": [4, 8, 8, 9, 9, 5, 1, 7, 2, 6, 3, 3, 10, 4, 7, 2, 10, 5, 6, 1]}, "a2": {"exec_time": 0.0, "obj": 556, "s": [4, 8, 8, 9, 9, 5, 1, 7, 2, 6, 3, 3, 10, 4, 7, 2, 10, 5, 6, 1], "ts": 1747941008}, "osp_blp": {"solver": "highs", "exec_time": 0.5459978580474854, "ts": 1747941008, "obj": 556, "x": [6, 19, 8, 15, 9, 11, 0, 13, 5, 16, 10, 18, 7, 14, 1, 2, 3, 4, 12, 17]}}}