{"id": "958be21c65a5e1ac73c2d3c21b54a72f", "params": {"p": [2, 2, 2, 2, 2, 2, 2, 2, 2, 2], "w": [2, 21, 14, 5, 5, 22, 17, 28, 19, 12], "d1": [13, 3, 6, 12, 17, 12, 20, 15, 11, 19], "d2": [15, 8, 11, 18, 17, 19, 20, 17, 18, 19], "s1": [12, 1, 4, 12, 16, 8, 11, 5, 7, 10], "s2": [13, 2, 5, 12, 16, 12, 14, 11, 11, 15], "r": [7, 1, 3, 10, 8, 6, 2, 4, 5, 9]}, "results": {"wsrpt": {"exec_time": 0.0, "obj": 1015, "s": [2, 2, 7, 7, 8, 8, 6, 6, 9, 9, 3, 3, 10, 10, 4, 4, 5, 5, 1, 1], "ts": 1747941008}, "lp": {"solver": "highs", "exec_time": 0.4420015811920166, "ts": 1747941008, "obj": 100.0, "x": [[[0, 0, 6], 1.0], [[0, 1, 8], 1.0], [[1, 0, 0], 1.0], [[1, 1, 1], 1.0], [[2, 0, 2], 1.0], [[2, 1, 3], 1.0], [[3, 0, 11], 1.0], [[3, 1, 13], 1.0], [[4, 0, 15], 1.0], [[4, 1, 16], 1.0], [[5, 0, 7], 1.0], [[5, 1, 17], 1.0], [[6, 0, 12], 1.0], [[6, 1, 19], 1.0], [[7, 0, 4], 1.0], [[7, 1, 14], 1.0], [[8, 0, 5], 1.0], [[8, 1, 10], 1.0], [[9, 0, 9], 1.0], [[9, 1, 18], 1.0]]}, "a1": {"exec_time": 0.0, "obj": 100, "s": [2, 2, 3, 3, 8, 9, 1, 6, 1, 10, 9, 4, 7, 4, 8, 5, 5, 6, 10, 7]}, "a2": {"exec_time": 0.0, "obj": 100, "s": [2, 2, 3, 3, 8, 9, 1, 6, 1, 10, 9, 4, 7, 4, 8, 5, 5, 6, 10, 7], "ts": 1747941008}, "osp_blp": {"solver": "highs", "exec_time": 0.5189993381500244, "ts": 1747941008, "obj": 100, "x": [6, 8, 0, 1, 2, 3, 11, 17, 15, 16, 7, 12, 10, 19, 4, 14, 5, 13, 9, 18]}}}