{"id": "97200026c08d688f1f670244565321cc", "params": {"p": [2, 2, 2, 2, 2, 2, 2, 2, 2, 2], "w": [29, 30, 6, 18, 22, 16, 30, 7, 22, 21], "d1": [10, 14, 15, 5, 8, 17, 16, 14, 17, 13], "d2": [17, 19, 17, 17, 17, 19, 17, 17, 19, 19], "s1": [10, 11, 14, 3, 8, 15, 15, 2, 16, 12], "s2": [10, 11, 15, 5, 8, 15, 16, 9, 17, 12], "r": [6, 10, 9, 3, 4, 5, 7, 2, 1, 8]}, "results": {"wsrpt": {"exec_time": 0.0, "obj": 1499, "s": [9, 9, 4, 4, 5, 5, 7, 7, 1, 1, 2, 2, 10, 10, 6, 6, 8, 8, 3, 3], "ts": 1747941008}, "lp": {"solver": "highs", "exec_time": 0.4309968948364258, "ts": 1747941009, "obj": 572.0, "x": [[[0, 0, 7], 1.0], [[0, 1, 9], 1.0], [[1, 0, 10], 1.0], [[1, 1, 13], 1.0], [[2, 0, 8], 1.0], [[2, 1, 19], 1.0], [[3, 0, 2], 1.0], [[3, 1, 4], 1.0], [[4, 0, 5], 1.0], [[4, 1, 6], 1.0], [[5, 0, 14], 1.0], [[5, 1, 17], 1.0], [[6, 0, 15], 1.0], [[6, 1, 16], 1.0], [[7, 0, 1], 1.0], [[7, 1, 3], 1.0], [[8, 0, 0], 1.0], [[8, 1, 18], 1.0], [[9, 0, 11], 1.0], [[9, 1, 12], 1.0]]}, "a1": {"exec_time": 0.0, "obj": 572, "s": [9, 8, 4, 8, 4, 5, 5, 1, 3, 1, 2, 10, 10, 2, 6, 7, 7, 6, 9, 3]}, "a2": {"exec_time": 0.0, "obj": 572, "s": [9, 8, 4, 8, 4, 5, 5, 1, 3, 1, 2, 10, 10, 2, 6, 7, 7, 6, 9, 3], "ts": 1747941009}, "osp_blp": {"solver": "highs", "exec_time": 0.5200023651123047, "ts": 1747941009, "obj": 572, "x": [7, 9, 10, 13, 8, 19, 2, 4, 5, 6, 14, 17, 15, 16, 1, 3, 0, 18, 11, 12]}}}