{"id": "975f6dfd3d4d2cc767275dbb2f028700", "params": {"p": [2, 2, 2, 2, 2, 2, 2, 2, 2, 2], "w": [29, 3, 3, 29, 12, 1, 1, 21, 7, 29], "d1": [17, 8, 18, 19, 13, 12, 17, 12, 9, 19], "d2": [19, 20, 19, 19, 13, 17, 17, 16, 19, 20], "s1": [14, 4, 15, 9, 8, 4, 12, 12, 5, 16], "s2": [14, 8, 18, 13, 8, 12, 17, 12, 9, 18], "r": [9, 2, 10, 7, 3, 1, 8, 6, 5, 4]}, "results": {"wsrpt": {"exec_time": 0.0, "obj": 1690, "s": [6, 2, 5, 10, 10, 5, 4, 4, 1, 1, 8, 8, 9, 9, 2, 3, 3, 6, 7, 7], "ts": 1747941009}, "lp": {"solver": "highs", "exec_time": 0.41698765754699707, "ts": 1747941009, "obj": 84.0, "x": [[[0, 0, 13], 1.0], [[0, 1, 16], 1.0], [[1, 0, 2], 1.0], [[1, 1, 3], 1.0], [[2, 0, 10], 1.0], [[2, 1, 17], 1.0], [[3, 0, 8], 1.0], [[3, 1, 18], 1.0], [[4, 0, 6], 1.0], [[4, 1, 12], 1.0], [[5, 0, 0], 1.0], [[5, 1, 1], 1.0], [[6, 0, 7], 1.0], [[6, 1, 9], 1.0], [[7, 0, 11], 1.0], [[7, 1, 14], 1.0], [[8, 0, 4], 1.0], [[8, 1, 5], 1.0], [[9, 0, 15], 1.0], [[9, 1, 19], 1.0]]}, "a1": {"exec_time": 0.0, "obj": 84, "s": [6, 6, 2, 2, 9, 9, 5, 7, 4, 7, 3, 8, 5, 1, 8, 10, 1, 3, 4, 10]}, "a2": {"exec_time": 0.0, "obj": 84, "s": [6, 6, 2, 2, 9, 9, 5, 7, 4, 7, 3, 8, 5, 1, 8, 10, 1, 3, 4, 10], "ts": 1747941009}, "osp_blp": {"solver": "highs", "exec_time": 0.497999906539917, "ts": 1747941009, "obj": 84, "x": [13, 16, 2, 3, 10, 17, 8, 18, 6, 12, 0, 1, 7, 9, 11, 14, 4, 5, 15, 19]}}}