{"id": "983947699155094af09ae9268e2a2687", "params": {"p": [2, 2, 2, 2, 2, 2, 2, 2, 2, 2], "w": [24, 2, 27, 21, 9, 2, 1, 1, 4, 16], "d1": [20, 16, 14, 15, 16, 12, 14, 17, 7, 4], "d2": [20, 20, 20, 19, 20, 15, 16, 18, 11, 8], "s1": [17, 16, 12, 11, 15, 12, 11, 16, 6, 3], "s2": [17, 16, 12, 12, 16, 12, 14, 16, 7, 3], "r": [3, 7, 4, 5, 8, 6, 10, 9, 2, 1]}, "results": {"wsrpt": {"exec_time": 0.0, "obj": 1576, "s": [10, 10, 1, 1, 3, 3, 4, 4, 5, 5, 9, 9, 2, 2, 6, 6, 7, 7, 8, 8], "ts": 1747941010}, "lp": {"solver": "highs", "exec_time": 0.4310009479522705, "ts": 1747941011, "obj": 243.0, "x": [[[0, 0, 16], 1.0], [[0, 1, 19], 1.0], [[1, 0, 6], 1.0], [[1, 1, 17], 1.0], [[2, 0, 11], 1.0], [[2, 1, 13], 1.0], [[3, 0, 4], 1.0], [[3, 1, 18], 1.0], [[4, 0, 14], 1.0], [[4, 1, 15], 1.0], [[5, 0, 5], 1.0], [[5, 1, 7], 1.0], [[6, 0, 9], 1.0], [[6, 1, 10], 1.0], [[7, 0, 8], 1.0], [[7, 1, 12], 1.0], [[8, 0, 1], 1.0], [[8, 1, 2], 1.0], [[9, 0, 0], 1.0], [[9, 1, 3], 1.0]]}, "a1": {"exec_time": 0.0, "obj": 243, "s": [10, 9, 9, 10, 4, 6, 2, 6, 8, 7, 7, 3, 8, 3, 5, 5, 1, 2, 4, 1]}, "a2": {"exec_time": 0.0, "obj": 243, "s": [10, 9, 9, 10, 4, 6, 2, 6, 8, 7, 7, 3, 8, 3, 5, 5, 1, 2, 4, 1], "ts": 1747941011}, "osp_blp": {"solver": "highs", "exec_time": 0.5100009441375732, "ts": 1747941011, "obj": 243, "x": [16, 19, 6, 18, 11, 13, 4, 17, 14, 15, 5, 7, 9, 12, 8, 10, 1, 2, 0, 3]}}}