{"id": "98c023804e2e9d4c68686e3534c97e07", "params": {"p": [2, 2, 2, 2, 2, 2, 2, 2, 2, 2], "w": [12, 28, 5, 28, 10, 9, 22, 25, 20, 25], "d1": [17, 20, 20, 15, 16, 14, 15, 18, 14, 16], "d2": [17, 20, 20, 17, 18, 19, 18, 18, 14, 17], "s1": [5, 10, 19, 11, 13, 7, 8, 13, 9, 4], "s2": [5, 20, 19, 12, 15, 7, 8, 17, 13, 10], "r": [3, 10, 9, 5, 2, 6, 7, 8, 1, 4]}, "results": {"wsrpt": {"exec_time": 0.0, "obj": 1947, "s": [9, 9, 1, 10, 10, 4, 4, 8, 8, 2, 2, 1, 7, 7, 5, 5, 6, 6, 3, 3], "ts": 1747941011}, "lp": {"solver": "highs", "exec_time": 0.4029974937438965, "ts": 1747941011, "obj": 584.0, "x": [[[0, 0, 4], 1.0], [[0, 1, 16], 1.0], [[1, 0, 9], 1.0], [[1, 1, 19], 1.0], [[2, 0, 8], 1.0], [[2, 1, 11], 1.0], [[3, 0, 10], 1.0], [[3, 1, 14], 1.0], [[4, 0, 1], 1.0], [[4, 1, 2], 1.0], [[5, 0, 5], 1.0], [[5, 1, 6], 1.0], [[6, 0, 7], 1.0], [[6, 1, 18], 1.0], [[7, 0, 12], 1.0], [[7, 1, 17], 1.0], [[8, 0, 0], 1.0], [[8, 1, 13], 1.0], [[9, 0, 3], 1.0], [[9, 1, 15], 1.0]]}, "a1": {"exec_time": 0.0, "obj": 584, "s": [9, 5, 5, 10, 1, 6, 6, 7, 3, 2, 4, 3, 8, 9, 4, 10, 1, 8, 7, 2]}, "a2": {"exec_time": 0.0, "obj": 584, "s": [9, 5, 5, 10, 1, 6, 6, 7, 3, 2, 4, 3, 8, 9, 4, 10, 1, 8, 7, 2], "ts": 1747941011}, "osp_blp": {"solver": "highs", "exec_time": 0.47299695014953613, "ts": 1747941011, "obj": 584, "x": [4, 16, 9, 19, 8, 11, 10, 14, 1, 2, 5, 6, 7, 18, 12, 17, 0, 13, 3, 15]}}}