{"id": "990d41ebc96fc80db04bd423851aa8b5", "params": {"p": [2, 2, 2, 2, 2, 2, 2, 2, 2, 2], "w": [19, 2, 9, 21, 25, 22, 24, 23, 5, 28], "d1": [18, 9, 4, 9, 18, 17, 11, 20, 14, 20], "d2": [20, 20, 17, 17, 19, 18, 18, 20, 19, 20], "s1": [11, 6, 4, 4, 9, 9, 5, 14, 10, 16], "s2": [14, 8, 4, 5, 18, 11, 11, 18, 11, 16], "r": [8, 6, 1, 3, 2, 9, 5, 10, 4, 7]}, "results": {"wsrpt": {"exec_time": 0.0, "obj": 1807, "s": [3, 5, 5, 4, 4, 7, 7, 10, 10, 8, 8, 6, 6, 1, 1, 3, 9, 9, 2, 2], "ts": 1747941011}, "lp": {"solver": "highs", "exec_time": 0.46900391578674316, "ts": 1747941012, "obj": 206.0, "x": [[[0, 0, 11], 1.0], [[0, 1, 14], 1.0], [[1, 0, 5], 1.0], [[1, 1, 6], 1.0], [[2, 0, 0], 1.0], [[2, 1, 1], 1.0], [[3, 0, 2], 1.0], [[3, 1, 7], 1.0], [[4, 0, 8], 1.0], [[4, 1, 17], 1.0], [[5, 0, 9], 1.0], [[5, 1, 16], 1.0], [[6, 0, 4], 1.0], [[6, 1, 10], 1.0], [[7, 0, 13], 1.0], [[7, 1, 18], 1.0], [[8, 0, 3], 1.0], [[8, 1, 12], 1.0], [[9, 0, 15], 1.0], [[9, 1, 19], 1.0]]}, "a1": {"exec_time": 0.0, "obj": 206, "s": [3, 3, 4, 9, 7, 2, 2, 4, 5, 6, 7, 1, 9, 8, 1, 10, 6, 5, 8, 10]}, "a2": {"exec_time": 0.0, "obj": 206, "s": [3, 3, 4, 9, 7, 2, 2, 4, 5, 6, 7, 1, 9, 8, 1, 10, 6, 5, 8, 10], "ts": 1747941012}, "osp_blp": {"solver": "highs", "exec_time": 0.5520029067993164, "ts": 1747941012, "obj": 206, "x": [10, 14, 5, 6, 0, 1, 2, 7, 9, 17, 8, 16, 4, 11, 13, 18, 3, 12, 15, 19]}}}