{"id": "991466ca494ce402f7c901ae45c0d524", "params": {"p": [2, 2, 2, 2, 2, 2, 2, 2, 2, 2], "w": [29, 22, 22, 26, 16, 29, 10, 24, 13, 8], "d1": [12, 20, 10, 14, 18, 14, 13, 15, 10, 14], "d2": [14, 20, 19, 18, 19, 14, 15, 19, 12, 19], "s1": [9, 11, 2, 14, 13, 13, 9, 10, 4, 3], "s2": [11, 19, 6, 14, 16, 14, 12, 12, 10, 6], "r": [9, 4, 2, 5, 8, 6, 7, 10, 3, 1]}, "results": {"wsrpt": {"exec_time": 0.0, "obj": 1760, "s": [10, 3, 3, 2, 2, 6, 6, 4, 4, 1, 1, 8, 8, 5, 5, 10, 9, 9, 7, 7], "ts": 1747941012}, "lp": {"solver": "highs", "exec_time": 0.44300103187561035, "ts": 1747941012, "obj": 353.0, "x": [[[0, 0, 8], 1.0], [[0, 1, 11], 1.0], [[1, 0, 10], 1.0], [[1, 1, 19], 1.0], [[2, 0, 1], 1.0], [[2, 1, 5], 1.0], [[3, 0, 14], 1.0], [[3, 1, 17], 1.0], [[4, 0, 15], 1.0], [[4, 1, 18], 1.0], [[5, 0, 12], 1.0], [[5, 1, 13], 1.0], [[6, 0, 6], 1.0], [[6, 1, 7], 1.0], [[7, 0, 9], 1.0], [[7, 1, 16], 1.0], [[8, 0, 3], 1.0], [[8, 1, 4], 1.0], [[9, 0, 0], 1.0], [[9, 1, 2], 1.0]]}, "a1": {"exec_time": 0.0, "obj": 353, "s": [10, 3, 10, 9, 9, 3, 7, 7, 1, 8, 2, 1, 6, 6, 4, 5, 8, 4, 5, 2]}, "a2": {"exec_time": 0.0, "obj": 353, "s": [10, 3, 10, 9, 9, 3, 7, 7, 1, 8, 2, 1, 6, 6, 4, 5, 8, 4, 5, 2], "ts": 1747941012}, "osp_blp": {"solver": "highs", "exec_time": 0.46199560165405273, "ts": 1747941012, "obj": 353, "x": [8, 11, 10, 19, 1, 5, 14, 17, 15, 18, 12, 13, 6, 7, 9, 16, 3, 4, 0, 2]}}}