{"id": "9941320a6a3b5fee030674a8549b0b0b", "params": {"p": [2, 2, 2, 2, 2, 2, 2, 2, 2, 2], "w": [25, 19, 14, 19, 29, 11, 22, 6, 29, 1], "d1": [18, 10, 13, 18, 15, 17, 13, 11, 17, 16], "d2": [20, 10, 17, 20, 20, 17, 15, 12, 17, 20], "s1": [8, 10, 5, 14, 12, 3, 4, 8, 15, 7], "s2": [12, 10, 7, 14, 15, 6, 7, 9, 17, 8], "r": [8, 6, 3, 10, 5, 1, 4, 2, 9, 7]}, "results": {"wsrpt": {"exec_time": 0.0, "obj": 1727, "s": [6, 6, 3, 3, 5, 5, 7, 7, 9, 9, 1, 1, 2, 2, 4, 4, 8, 8, 10, 10], "ts": 1747941012}, "lp": {"solver": "highs", "exec_time": 0.4139997959136963, "ts": 1747941013, "obj": 228.0, "x": [[[0, 0, 7], 1.0], [[0, 1, 19], 1.0], [[1, 0, 5], 1.0], [[1, 1, 9], 1.0], [[2, 0, 4], 1.0], [[2, 1, 10], 1.0], [[3, 0, 13], 1.0], [[3, 1, 18], 1.0], [[4, 0, 11], 1.0], [[4, 1, 15], 1.0], [[5, 0, 0], 1.0], [[5, 1, 17], 1.0], [[6, 0, 3], 1.0], [[6, 1, 12], 1.0], [[7, 0, 1], 1.0], [[7, 1, 2], 1.0], [[8, 0, 14], 1.0], [[8, 1, 16], 1.0], [[9, 0, 6], 1.0], [[9, 1, 8], 1.0]]}, "a1": {"exec_time": 0.0, "obj": 228, "s": [6, 8, 8, 7, 3, 2, 10, 1, 10, 2, 3, 5, 7, 4, 9, 5, 9, 6, 4, 1]}, "a2": {"exec_time": 0.0, "obj": 228, "s": [6, 8, 8, 7, 3, 2, 10, 1, 10, 2, 3, 5, 7, 4, 9, 5, 9, 6, 4, 1], "ts": 1747941013}, "osp_blp": {"solver": "highs", "exec_time": 0.528998851776123, "ts": 1747941013, "obj": 228, "x": [7, 17, 5, 9, 4, 10, 13, 18, 11, 19, 0, 15, 3, 12, 1, 2, 14, 16, 6, 8]}}}