{"id": "9a7482ce8e75dfafb19903b0d11d478e", "params": {"p": [2, 2, 2, 2, 2, 2, 2, 2, 2, 2], "w": [8, 19, 4, 28, 16, 27, 25, 19, 16, 2], "d1": [20, 17, 17, 11, 20, 17, 16, 8, 20, 10], "d2": [20, 18, 20, 14, 20, 17, 19, 11, 20, 18], "s1": [6, 7, 13, 11, 10, 14, 14, 8, 8, 6], "s2": [9, 12, 17, 11, 13, 14, 16, 8, 9, 6], "r": [5, 6, 8, 7, 4, 10, 9, 1, 3, 2]}, "results": {"wsrpt": {"exec_time": 0.0, "obj": 1760, "s": [8, 8, 9, 9, 5, 5, 4, 4, 7, 7, 6, 6, 2, 2, 1, 1, 3, 3, 10, 10], "ts": 1747941013}, "lp": {"solver": "highs", "exec_time": 0.41298627853393555, "ts": 1747941013, "obj": 387.0, "x": [[[0, 0, 4], 1.0], [[0, 1, 5], 1.0], [[1, 0, 6], 1.0], [[1, 1, 17], 1.0], [[2, 0, 8], 1.0], [[2, 1, 12], 1.0], [[3, 0, 10], 1.0], [[3, 1, 11], 1.0], [[4, 0, 9], 1.0], [[4, 1, 19], 1.0], [[5, 0, 13], 1.0], [[5, 1, 16], 1.0], [[6, 0, 14], 1.0], [[6, 1, 15], 1.0], [[7, 0, 0], 1.0], [[7, 1, 7], 1.0], [[8, 0, 3], 1.0], [[8, 1, 18], 1.0], [[9, 0, 1], 1.0], [[9, 1, 2], 1.0]]}, "a1": {"exec_time": 0.0, "obj": 387, "s": [8, 10, 10, 9, 1, 1, 2, 8, 3, 5, 4, 4, 3, 6, 7, 7, 6, 2, 9, 5]}, "a2": {"exec_time": 0.0, "obj": 387, "s": [8, 10, 10, 9, 1, 1, 2, 8, 3, 5, 4, 4, 3, 6, 7, 7, 6, 2, 9, 5], "ts": 1747941013}, "osp_blp": {"solver": "highs", "exec_time": 0.4790065288543701, "ts": 1747941013, "obj": 387, "x": [4, 5, 6, 17, 8, 12, 10, 11, 9, 19, 13, 16, 14, 15, 0, 7, 3, 18, 1, 2]}}}