{"id": "9aaa7488f8081cf616223805a0d681fe", "params": {"p": [2, 2, 2, 2, 2, 2, 2, 2, 2, 2], "w": [14, 4, 1, 16, 17, 23, 14, 1, 8, 16], "d1": [8, 20, 10, 13, 19, 12, 20, 18, 8, 18], "d2": [20, 20, 18, 13, 20, 12, 20, 19, 13, 18], "s1": [7, 3, 8, 8, 13, 11, 8, 17, 5, 4], "s2": [8, 9, 9, 9, 19, 11, 19, 17, 7, 6], "r": [4, 3, 7, 2, 6, 9, 8, 10, 5, 1]}, "results": {"wsrpt": {"exec_time": 0.0, "obj": 1184, "s": [10, 10, 4, 4, 1, 1, 5, 5, 6, 6, 7, 7, 9, 9, 2, 2, 3, 3, 8, 8], "ts": 1747941013}, "lp": {"solver": "highs", "exec_time": 0.3860054016113281, "ts": 1747941014, "obj": 219.0, "x": [[[0, 0, 3], 1.0], [[0, 1, 7], 1.0], [[1, 0, 2], 1.0], [[1, 1, 16], 1.0], [[2, 0, 6], 1.0], [[2, 1, 9], 1.0], [[3, 0, 1], 1.0], [[3, 1, 12], 1.0], [[4, 0, 13], 1.0], [[4, 1, 18], 1.0], [[5, 0, 10], 1.0], [[5, 1, 11], 1.0], [[6, 0, 8], 1.0], [[6, 1, 19], 1.0], [[7, 0, 14], 0.5000005000000005], [[7, 0, 15], 0.4999994999999995], [[7, 1, 14], 0.4999994999999995], [[7, 1, 15], 0.5000005000000005], [[8, 0, 4], 1.0], [[8, 1, 5], 1.0], [[9, 0, 0], 1.0], [[9, 1, 17], 1.0]]}, "a1": {"exec_time": 0.0, "obj": 219, "s": [10, 4, 2, 1, 9, 9, 3, 1, 7, 3, 6, 6, 4, 5, 8, 8, 2, 10, 5, 7]}, "a2": {"exec_time": 0.0, "obj": 219, "s": [10, 4, 2, 1, 9, 9, 3, 1, 7, 3, 6, 6, 4, 5, 8, 8, 2, 10, 5, 7], "ts": 1747941014}, "osp_blp": {"solver": "highs", "exec_time": 0.48702096939086914, "ts": 1747941014, "obj": 219, "x": [3, 7, 2, 16, 6, 9, 1, 12, 13, 18, 10, 11, 8, 19, 14, 15, 4, 5, 0, 17]}}}