{"id": "9c799966c3dab23ab05a295e4a49404a", "params": {"p": [2, 2, 2, 2, 2, 2, 2, 2, 2, 2], "w": [20, 4, 10, 28, 14, 30, 3, 11, 14, 8], "d1": [17, 15, 15, 11, 12, 15, 5, 19, 8, 16], "d2": [19, 19, 20, 13, 15, 19, 15, 20, 14, 17], "s1": [13, 10, 8, 5, 12, 12, 3, 7, 3, 13], "s2": [16, 12, 15, 10, 12, 12, 4, 11, 4, 13], "r": [1, 4, 7, 5, 10, 9, 2, 6, 3, 8]}, "results": {"wsrpt": {"exec_time": 0.0, "obj": 1217, "s": [1, 1, 9, 9, 4, 4, 8, 8, 6, 6, 5, 5, 3, 3, 10, 10, 2, 2, 7, 7], "ts": 1747941014}, "lp": {"solver": "highs", "exec_time": 0.44199585914611816, "ts": 1747941014, "obj": 290.0, "x": [[[0, 0, 0], 1.0], [[0, 1, 18], 1.0], [[1, 0, 5], 1.0], [[1, 1, 17], 1.0], [[2, 0, 8], 1.0], [[2, 1, 14], 1.0], [[3, 0, 4], 1.0], [[3, 1, 10], 1.0], [[4, 0, 9], 1.0], [[4, 1, 13], 1.0], [[5, 0, 11], 1.0], [[5, 1, 16], 1.0], [[6, 0, 1], 1.0], [[6, 1, 3], 1.0], [[7, 0, 6], 1.0], [[7, 1, 19], 1.0], [[8, 0, 2], 1.0], [[8, 1, 7], 1.0], [[9, 0, 12], 1.0], [[9, 1, 15], 1.0]]}, "a1": {"exec_time": 0.0, "obj": 290, "s": [1, 7, 9, 7, 4, 2, 8, 9, 3, 5, 4, 6, 10, 5, 3, 10, 6, 2, 1, 8]}, "a2": {"exec_time": 0.0, "obj": 290, "s": [1, 7, 9, 7, 4, 2, 8, 9, 3, 5, 4, 6, 10, 5, 3, 10, 6, 2, 1, 8], "ts": 1747941014}, "osp_blp": {"solver": "highs", "exec_time": 0.4879930019378662, "ts": 1747941014, "obj": 290, "x": [0, 17, 5, 14, 7, 19, 4, 10, 9, 13, 11, 16, 1, 3, 6, 18, 2, 8, 12, 15]}}}