{"id": "9cf6fa3596fca532a18bf1cf6c5fd067", "params": {"p": [2, 2, 2, 2, 2, 2, 2, 2, 2, 2], "w": [25, 24, 13, 18, 18, 8, 28, 14, 13, 11], "d1": [20, 15, 6, 18, 16, 20, 7, 15, 8, 15], "d2": [20, 16, 7, 20, 19, 20, 7, 19, 13, 19], "s1": [8, 12, 6, 15, 15, 17, 7, 13, 6, 12], "s2": [14, 14, 6, 16, 16, 19, 7, 13, 8, 12], "r": [7, 4, 3, 8, 9, 2, 5, 6, 1, 10]}, "results": {"wsrpt": {"exec_time": 0.0, "obj": 1144, "s": [9, 9, 3, 3, 7, 7, 1, 1, 2, 2, 4, 4, 5, 5, 8, 8, 10, 10, 6, 6], "ts": 1747941014}, "osp_blp": {"solver": "highs", "exec_time": 0.46302008628845215, "ts": 1747941015, "obj": 472, "x": [7, 19, 11, 15, 3, 4, 13, 17, 14, 18, 1, 2, 5, 6, 12, 16, 0, 8, 9, 10]}, "lp": {"solver": "highs", "exec_time": 0.4720003604888916, "ts": 1747941015, "obj": 472.0, "x": [[[0, 0, 7], 1.0], [[0, 1, 19], 1.0], [[1, 0, 11], 1.0], [[1, 1, 15], 1.0], [[2, 0, 3], 0.5000005000000001], [[2, 0, 4], 0.4999994999999999], [[2, 1, 3], 0.4999994999999999], [[2, 1, 4], 0.5000005000000001], [[3, 0, 13], 1.0], [[3, 1, 18], 1.0], [[4, 0, 14], 1.0], [[4, 1, 17], 1.0], [[5, 0, 1], 1.0], [[5, 1, 2], 1.0], [[6, 0, 5], 1.0], [[6, 1, 6], 1.0], [[7, 0, 12], 1.0], [[7, 1, 16], 1.0], [[8, 0, 0], 1.0], [[8, 1, 8], 1.0], [[9, 0, 9], 1.0], [[9, 1, 10], 1.0]]}, "a1": {"exec_time": 0.0, "obj": 472, "s": [9, 6, 6, 3, 3, 7, 7, 1, 9, 10, 10, 2, 8, 4, 5, 2, 8, 5, 4, 1]}, "a2": {"exec_time": 0.0, "obj": 472, "s": [9, 6, 6, 3, 3, 7, 7, 1, 9, 10, 10, 2, 8, 4, 5, 2, 8, 5, 4, 1], "ts": 1747941015}}}