{"id": "9db095ac54a3ea648acf3d09200e2843", "params": {"p": [2, 2, 2, 2, 2, 2, 2, 2, 2, 2], "w": [25, 24, 27, 15, 15, 9, 17, 20, 12, 8], "d1": [13, 10, 13, 19, 19, 19, 18, 12, 19, 17], "d2": [17, 13, 20, 19, 19, 20, 18, 19, 19, 18], "s1": [13, 9, 12, 17, 16, 11, 17, 7, 19, 10], "s2": [13, 10, 12, 18, 17, 13, 17, 11, 19, 14], "r": [5, 2, 6, 3, 9, 4, 10, 1, 7, 8]}, "results": {"wsrpt": {"exec_time": 0.0, "obj": 2017, "s": [8, 8, 2, 2, 1, 1, 3, 3, 4, 4, 7, 7, 5, 5, 9, 9, 6, 6, 10, 10], "ts": 1747941015}, "lp": {"solver": "highs", "exec_time": 0.40399861335754395, "ts": 1747941015, "obj": 1126.0, "x": [[[0, 0, 12], 1.0], [[0, 1, 13], 1.0], [[1, 0, 5], 1.0], [[1, 1, 9], 1.0], [[2, 0, 11], 1.0], [[2, 1, 14], 1.0], [[3, 0, 2], 1.0], [[3, 1, 18], 1.0], [[4, 0, 15], 1.0], [[4, 1, 19], 1.0], [[5, 0, 3], 1.0], [[5, 1, 4], 1.0], [[6, 0, 16], 1.0], [[6, 1, 17], 1.0], [[7, 0, 0], 1.0], [[7, 1, 1], 1.0], [[8, 0, 6], 1.0], [[8, 1, 10], 1.0], [[9, 0, 7], 1.0], [[9, 1, 8], 1.0]]}, "a1": {"exec_time": 0.0, "obj": 1126, "s": [8, 8, 4, 6, 6, 2, 9, 10, 10, 2, 9, 3, 1, 1, 3, 5, 7, 7, 4, 5]}, "a2": {"exec_time": 0.0, "obj": 1126, "s": [8, 8, 4, 6, 6, 2, 9, 10, 10, 2, 9, 3, 1, 1, 3, 5, 7, 7, 4, 5], "ts": 1747941015}, "osp_blp": {"solver": "highs", "exec_time": 0.4819986820220947, "ts": 1747941015, "obj": 1126, "x": [12, 14, 5, 9, 11, 13, 2, 18, 15, 19, 3, 4, 16, 17, 0, 1, 6, 10, 7, 8]}}}