{"id": "9e37bbc8be47e6f95eacc9d74c7e849a", "params": {"p": [2, 2, 2, 2, 2, 2, 2, 2, 2, 2], "w": [20, 2, 11, 6, 24, 4, 28, 13, 6, 19], "d1": [11, 13, 10, 19, 13, 17, 17, 14, 11, 13], "d2": [20, 15, 16, 20, 16, 20, 18, 14, 20, 17], "s1": [11, 9, 7, 17, 11, 11, 10, 4, 11, 10], "s2": [11, 10, 7, 17, 11, 16, 15, 5, 11, 12], "r": [2, 1, 3, 6, 7, 10, 5, 4, 9, 8]}, "results": {"wsrpt": {"exec_time": 0.0, "obj": 1246, "s": [2, 1, 1, 8, 7, 7, 8, 5, 5, 10, 10, 3, 3, 4, 4, 9, 9, 2, 6, 6], "ts": 1747941015}, "lp": {"solver": "highs", "exec_time": 0.3849945068359375, "ts": 1747941016, "obj": 333.0, "x": [[[0, 0, 6], 1.0], [[0, 1, 18], 1.0], [[1, 0, 0], 1.0], [[1, 1, 1], 1.0], [[2, 0, 2], 1.0], [[2, 1, 4], 1.0], [[3, 0, 5], 1.0], [[3, 1, 19], 1.0], [[4, 0, 10], 1.0], [[4, 1, 14], 1.0], [[5, 0, 11], 1.0], [[5, 1, 17], 1.0], [[6, 0, 9], 1.0], [[6, 1, 16], 1.0], [[7, 0, 3], 1.0], [[7, 1, 13], 1.0], [[8, 0, 8], 1.0], [[8, 1, 15], 1.0], [[9, 0, 7], 1.0], [[9, 1, 12], 1.0]]}, "a1": {"exec_time": 0.0, "obj": 333, "s": [2, 2, 3, 8, 3, 4, 1, 10, 9, 7, 5, 6, 10, 8, 5, 9, 7, 6, 1, 4]}, "a2": {"exec_time": 0.0, "obj": 333, "s": [2, 2, 3, 8, 3, 4, 1, 10, 9, 7, 5, 6, 10, 8, 5, 9, 7, 6, 1, 4], "ts": 1747941016}, "osp_blp": {"solver": "highs", "exec_time": 0.4469947814941406, "ts": 1747941016, "obj": 333, "x": [6, 18, 0, 1, 2, 4, 5, 19, 10, 12, 11, 16, 9, 17, 3, 13, 8, 14, 7, 15]}}}