{"id": "a0211f75a07cf3a979ece2ac0d25944c", "params": {"p": [2, 2, 2, 2, 2, 2, 2, 2, 2, 2], "w": [28, 20, 25, 24, 3, 22, 29, 2, 5, 13], "d1": [9, 14, 12, 19, 20, 16, 8, 17, 20, 7], "d2": [10, 15, 12, 19, 20, 19, 20, 19, 20, 12], "s1": [8, 10, 5, 17, 11, 16, 5, 16, 19, 5], "s2": [9, 12, 5, 17, 18, 16, 6, 17, 20, 7], "r": [6, 10, 5, 7, 1, 2, 4, 8, 9, 3]}, "results": {"wsrpt": {"exec_time": 0.0, "obj": 1550, "s": [5, 6, 6, 7, 7, 1, 1, 3, 3, 4, 4, 2, 2, 10, 10, 5, 9, 9, 8, 8], "ts": 1747941016}, "lp": {"solver": "highs", "exec_time": 0.4030032157897949, "ts": 1747941017, "obj": 215.0, "x": [[[0, 0, 6], 1.0], [[0, 1, 8], 1.0], [[1, 0, 9], 1.0], [[1, 1, 13], 1.0], [[2, 0, 4], 1.0], [[2, 1, 11], 1.0], [[3, 0, 16], 1.0], [[3, 1, 18], 1.0], [[4, 0, 0], 1.0], [[4, 1, 1], 1.0], [[5, 0, 15], 1.0], [[5, 1, 17], 1.0], [[6, 0, 5], 1.0], [[6, 1, 7], 1.0], [[7, 0, 10], 0.5000002499999996], [[7, 0, 12], 0.4999997500000004], [[7, 1, 10], 0.4999997500000004], [[7, 1, 12], 0.5000002499999996], [[8, 0, 14], 1.0], [[8, 1, 19], 1.0], [[9, 0, 2], 1.0], [[9, 1, 3], 1.0]]}, "a1": {"exec_time": 0.0, "obj": 215, "s": [5, 5, 10, 10, 3, 7, 1, 7, 1, 2, 8, 3, 8, 2, 9, 6, 4, 6, 4, 9]}, "a2": {"exec_time": 0.0, "obj": 215, "s": [5, 5, 10, 10, 3, 7, 1, 7, 1, 2, 8, 3, 8, 2, 9, 6, 4, 6, 4, 9], "ts": 1747941017}, "osp_blp": {"solver": "highs", "exec_time": 0.47099804878234863, "ts": 1747941017, "obj": 215, "x": [6, 8, 9, 13, 4, 11, 16, 18, 0, 1, 15, 17, 5, 7, 10, 12, 14, 19, 2, 3]}}}