{"id": "a0d311b9094f714ef57475ba73ab0166", "params": {"p": [2, 2, 2, 2, 2, 2, 2, 2, 2, 2], "w": [4, 2, 12, 12, 2, 9, 27, 23, 10, 17], "d1": [11, 13, 18, 14, 19, 13, 17, 11, 11, 12], "d2": [18, 15, 19, 17, 20, 20, 17, 17, 17, 13], "s1": [9, 11, 5, 13, 8, 11, 15, 10, 6, 7], "s2": [11, 11, 13, 14, 19, 11, 15, 10, 10, 10], "r": [9, 1, 3, 10, 5, 2, 4, 8, 6, 7]}, "results": {"wsrpt": {"exec_time": 0.0, "obj": 1143, "s": [2, 6, 6, 7, 7, 3, 3, 8, 8, 10, 10, 4, 4, 9, 9, 1, 1, 2, 5, 5], "ts": 1747941017}, "lp": {"solver": "highs", "exec_time": 0.41098976135253906, "ts": 1747941018, "obj": 154.0, "x": [[[0, 0, 8], 1.0], [[0, 1, 17], 1.0], [[1, 0, 0], 1.0], [[1, 1, 1], 1.0], [[2, 0, 3], 1.0], [[2, 1, 18], 1.0], [[3, 0, 12], 1.0], [[3, 1, 13], 1.0], [[4, 0, 4], 1.0], [[4, 1, 7], 1.0], [[5, 0, 2], 1.0], [[5, 1, 19], 1.0], [[6, 0, 14], 1.0], [[6, 1, 16], 1.0], [[7, 0, 9], 1.0], [[7, 1, 15], 1.0], [[8, 0, 5], 1.0], [[8, 1, 10], 1.0], [[9, 0, 6], 1.0], [[9, 1, 11], 1.0]]}, "a1": {"exec_time": 0.0, "obj": 154, "s": [2, 2, 6, 3, 5, 9, 10, 5, 1, 8, 9, 10, 4, 4, 7, 8, 7, 1, 3, 6]}, "a2": {"exec_time": 0.0, "obj": 154, "s": [2, 2, 6, 3, 5, 9, 10, 5, 1, 8, 9, 10, 4, 4, 7, 8, 7, 1, 3, 6], "ts": 1747941018}, "osp_blp": {"solver": "highs", "exec_time": 0.4779980182647705, "ts": 1747941018, "obj": 154, "x": [8, 17, 0, 1, 3, 18, 12, 13, 4, 7, 2, 19, 14, 16, 9, 15, 5, 10, 6, 11]}}}