{"id": "a117fafd59d69296f3926a8e9ad1eea7", "params": {"p": [2, 2, 2, 2, 2, 2, 2, 2, 2, 2], "w": [14, 10, 10, 22, 19, 17, 16, 8, 1, 22], "d1": [12, 18, 16, 11, 20, 19, 12, 10, 17, 12], "d2": [19, 18, 17, 11, 20, 19, 19, 19, 20, 19], "s1": [10, 16, 15, 3, 14, 11, 9, 10, 14, 9], "s2": [12, 18, 16, 8, 14, 15, 11, 10, 16, 10], "r": [5, 9, 2, 3, 4, 7, 8, 6, 10, 1]}, "results": {"wsrpt": {"exec_time": 0.0, "obj": 1403, "s": [10, 10, 4, 4, 5, 5, 6, 6, 7, 7, 1, 1, 2, 2, 3, 3, 8, 8, 9, 9], "ts": 1747941018}, "lp": {"solver": "highs", "exec_time": 0.42701196670532227, "ts": 1747941018, "obj": 606.0, "x": [[[0, 0, 4], 1.0], [[0, 1, 11], 1.0], [[1, 0, 15], 1.0], [[1, 1, 17], 1.0], [[2, 0, 1], 1.0], [[2, 1, 3], 1.0], [[3, 0, 2], 1.0], [[3, 1, 10], 1.0], [[4, 0, 13], 1.0], [[4, 1, 19], 1.0], [[5, 0, 8], 1.0], [[5, 1, 18], 1.0], [[6, 0, 7], 1.0], [[6, 1, 12], 1.0], [[7, 0, 5], 1.0], [[7, 1, 6], 1.0], [[8, 0, 9], 1.0], [[8, 1, 16], 1.0], [[9, 0, 0], 1.0], [[9, 1, 14], 1.0]]}, "a1": {"exec_time": 0.0, "obj": 606, "s": [10, 3, 4, 3, 1, 8, 8, 7, 6, 9, 4, 1, 7, 5, 10, 2, 9, 2, 6, 5]}, "a2": {"exec_time": 0.0, "obj": 606, "s": [10, 3, 4, 3, 1, 8, 8, 7, 6, 9, 4, 1, 7, 5, 10, 2, 9, 2, 6, 5], "ts": 1747941018}, "osp_blp": {"solver": "highs", "exec_time": 0.4979972839355469, "ts": 1747941018, "obj": 606, "x": [4, 11, 15, 17, 1, 3, 2, 10, 13, 19, 8, 18, 7, 12, 5, 6, 9, 16, 0, 14]}}}