{"id": "a160aebf42f5889d70e3238a6033d2cf", "params": {"p": [2, 2, 2, 2, 2, 2, 2, 2, 2, 2], "w": [20, 14, 1, 7, 3, 17, 24, 6, 21, 3], "d1": [14, 15, 11, 15, 19, 11, 16, 9, 9, 8], "d2": [17, 16, 18, 18, 19, 11, 18, 18, 19, 17], "s1": [11, 13, 5, 15, 14, 3, 9, 4, 6, 7], "s2": [13, 15, 5, 15, 16, 10, 12, 5, 9, 8], "r": [7, 10, 3, 9, 5, 2, 8, 1, 6, 4]}, "results": {"wsrpt": {"exec_time": 0.0, "obj": 646, "s": [8, 6, 6, 8, 5, 9, 9, 7, 7, 1, 1, 2, 2, 4, 4, 5, 10, 10, 3, 3], "ts": 1747941018}, "lp": {"solver": "highs", "exec_time": 0.39699792861938477, "ts": 1747941019, "obj": 69.0, "x": [[[0, 0, 11], 1.0], [[0, 1, 16], 1.0], [[1, 0, 12], 1.0], [[1, 1, 15], 1.0], [[2, 0, 2], 1.0], [[2, 1, 3], 1.0], [[3, 0, 14], 1.0], [[3, 1, 18], 1.0], [[4, 0, 13], 1.0], [[4, 1, 19], 1.0], [[5, 0, 1], 1.0], [[5, 1, 10], 1.0], [[6, 0, 8], 1.0], [[6, 1, 17], 1.0], [[7, 0, 0], 1.0], [[7, 1, 7], 1.0], [[8, 0, 5], 1.0], [[8, 1, 9], 1.0], [[9, 0, 4], 1.0], [[9, 1, 6], 1.0]]}, "a1": {"exec_time": 0.0, "obj": 69, "s": [8, 6, 3, 3, 10, 9, 10, 8, 7, 9, 6, 1, 2, 5, 4, 2, 1, 7, 4, 5]}, "a2": {"exec_time": 0.0, "obj": 69, "s": [8, 6, 3, 3, 10, 9, 10, 8, 7, 9, 6, 1, 2, 5, 4, 2, 1, 7, 4, 5], "ts": 1747941019}, "osp_blp": {"solver": "highs", "exec_time": 0.45400142669677734, "ts": 1747941019, "obj": 69, "x": [11, 16, 12, 15, 2, 3, 14, 18, 13, 19, 1, 10, 9, 17, 0, 7, 5, 8, 4, 6]}}}