{"id": "a17ee204647e70e9ab4d8dd0d16be063", "params": {"p": [2, 2, 2, 2, 2, 2, 2, 2, 2, 2], "w": [25, 25, 20, 8, 13, 28, 16, 24, 1, 13], "d1": [7, 17, 15, 11, 17, 17, 18, 9, 13, 9], "d2": [12, 19, 17, 15, 18, 20, 18, 15, 18, 9], "s1": [6, 12, 15, 10, 10, 8, 15, 8, 10, 7], "s2": [7, 12, 15, 10, 17, 9, 16, 8, 10, 9], "r": [5, 3, 10, 9, 6, 8, 7, 4, 1, 2]}, "results": {"wsrpt": {"exec_time": 0.0, "obj": 1186, "s": [9, 10, 10, 2, 2, 1, 1, 6, 6, 8, 8, 3, 3, 7, 7, 5, 5, 4, 4, 9], "ts": 1747941019}, "lp": {"solver": "highs", "exec_time": 0.46700000762939453, "ts": 1747941019, "obj": 225.0, "x": [[[0, 0, 5], 1.0], [[0, 1, 6], 1.0], [[1, 0, 11], 1.0], [[1, 1, 18], 1.0], [[2, 0, 14], 1.0], [[2, 1, 15], 1.0], [[3, 0, 9], 1.0], [[3, 1, 10], 1.0], [[4, 0, 12], 1.0], [[4, 1, 16], 1.0], [[5, 0, 7], 1.0], [[5, 1, 19], 1.0], [[6, 0, 13], 1.0], [[6, 1, 17], 1.0], [[7, 0, 4], 1.0], [[7, 1, 8], 1.0], [[8, 0, 0], 1.0], [[8, 1, 1], 1.0], [[9, 0, 2], 1.0], [[9, 1, 3], 1.0]]}, "a1": {"exec_time": 0.0, "obj": 225, "s": [9, 9, 10, 10, 8, 1, 1, 6, 8, 4, 4, 2, 5, 7, 3, 3, 5, 7, 2, 6]}, "a2": {"exec_time": 0.015625, "obj": 225, "s": [9, 9, 10, 10, 8, 1, 1, 6, 8, 4, 4, 2, 5, 7, 3, 3, 5, 7, 2, 6], "ts": 1747941019}, "osp_blp": {"solver": "highs", "exec_time": 0.5229992866516113, "ts": 1747941019, "obj": 225, "x": [5, 6, 11, 18, 14, 15, 9, 10, 12, 16, 7, 19, 13, 17, 4, 8, 0, 1, 2, 3]}}}