{"id": "a1e4007ed2b871102d36093d47b71a8c", "params": {"p": [2, 2, 2, 2, 2, 2, 2, 2, 2, 2], "w": [25, 6, 12, 24, 8, 6, 15, 8, 3, 30], "d1": [6, 13, 12, 20, 16, 11, 10, 19, 9, 12], "d2": [9, 14, 19, 20, 16, 17, 13, 20, 14, 14], "s1": [6, 8, 12, 8, 9, 10, 9, 9, 3, 10], "s2": [6, 11, 12, 15, 12, 10, 9, 14, 3, 10], "r": [1, 5, 7, 4, 2, 9, 8, 6, 3, 10]}, "results": {"wsrpt": {"exec_time": 0.0, "obj": 1137, "s": [1, 1, 5, 4, 4, 5, 3, 3, 7, 7, 10, 10, 8, 8, 2, 2, 6, 6, 9, 9], "ts": 1747941019}, "lp": {"solver": "highs", "exec_time": 0.3829958438873291, "ts": 1747941020, "obj": 242.0, "x": [[[0, 0, 0], 1.0], [[0, 1, 5], 1.0], [[1, 0, 4], 1.0], [[1, 1, 14], 1.0], [[2, 0, 11], 1.0], [[2, 1, 17], 1.0], [[3, 0, 7], 1.0], [[3, 1, 19], 1.0], [[4, 0, 1], 1.0], [[4, 1, 15], 1.0], [[5, 0, 10], 1.0], [[5, 1, 16], 1.0], [[6, 0, 8], 1.0], [[6, 1, 12], 1.0], [[7, 0, 6], 1.0], [[7, 1, 18], 1.0], [[8, 0, 2], 1.0], [[8, 1, 3], 1.0], [[9, 0, 9], 1.0], [[9, 1, 13], 1.0]]}, "a1": {"exec_time": 0.0, "obj": 242, "s": [1, 5, 9, 9, 2, 1, 8, 4, 7, 10, 6, 3, 7, 10, 2, 5, 6, 3, 8, 4]}, "a2": {"exec_time": 0.0, "obj": 242, "s": [1, 5, 9, 9, 2, 1, 8, 4, 7, 10, 6, 3, 7, 10, 2, 5, 6, 3, 8, 4], "ts": 1747941020}, "osp_blp": {"solver": "highs", "exec_time": 0.43999481201171875, "ts": 1747941020, "obj": 242, "x": [0, 5, 4, 14, 11, 17, 7, 19, 1, 15, 10, 16, 8, 12, 6, 18, 2, 3, 9, 13]}}}