{"id": "a2b1e377527835169608b3fab500c8cc", "params": {"p": [2, 2, 2, 2, 2, 2, 2, 2, 2, 2], "w": [24, 8, 14, 30, 22, 8, 13, 30, 22, 28], "d1": [17, 15, 9, 20, 13, 14, 20, 17, 7, 5], "d2": [17, 16, 17, 20, 14, 17, 20, 19, 14, 10], "s1": [5, 11, 7, 9, 2, 9, 19, 17, 5, 3], "s2": [13, 13, 9, 18, 2, 11, 20, 17, 5, 4], "r": [5, 10, 7, 6, 1, 4, 9, 8, 2, 3]}, "results": {"wsrpt": {"exec_time": 0.0, "obj": 1854, "s": [5, 5, 10, 10, 1, 1, 4, 4, 8, 8, 9, 9, 3, 3, 7, 7, 2, 2, 6, 6], "ts": 1747941020}, "lp": {"solver": "highs", "exec_time": 0.46899986267089844, "ts": 1747941020, "obj": 241.0, "x": [[[0, 0, 4], 1.0], [[0, 1, 15], 1.0], [[1, 0, 10], 1.0], [[1, 1, 13], 1.0], [[2, 0, 7], 1.0], [[2, 1, 8], 1.0], [[3, 0, 9], 1.0], [[3, 1, 19], 1.0], [[4, 0, 0], 1.0], [[4, 1, 12], 1.0], [[5, 0, 3], 1.0], [[5, 1, 11], 1.0], [[6, 0, 14], 1.0], [[6, 1, 18], 1.0], [[7, 0, 16], 1.0], [[7, 1, 17], 1.0], [[8, 0, 1], 1.0], [[8, 1, 6], 1.0], [[9, 0, 2], 1.0], [[9, 1, 5], 1.0]]}, "a1": {"exec_time": 0.0, "obj": 241, "s": [5, 9, 10, 6, 1, 10, 9, 3, 3, 4, 2, 6, 5, 2, 7, 1, 8, 8, 7, 4]}, "a2": {"exec_time": 0.0, "obj": 241, "s": [5, 9, 10, 6, 1, 10, 9, 3, 3, 4, 2, 6, 5, 2, 7, 1, 8, 8, 7, 4], "ts": 1747941020}, "osp_blp": {"solver": "highs", "exec_time": 0.5059967041015625, "ts": 1747941020, "obj": 241, "x": [5, 15, 10, 13, 7, 8, 9, 19, 0, 12, 3, 11, 14, 18, 16, 17, 1, 6, 2, 4]}}}