{"id": "a36269765ea3b1dfcd26ada868e9f054", "params": {"p": [2, 2, 2, 2, 2, 2, 2, 2, 2, 2], "w": [9, 24, 23, 7, 14, 10, 13, 29, 25, 17], "d1": [9, 13, 18, 20, 14, 20, 20, 18, 16, 15], "d2": [14, 16, 19, 20, 16, 20, 20, 18, 18, 17], "s1": [8, 4, 11, 9, 8, 18, 3, 10, 13, 13], "s2": [8, 7, 13, 16, 13, 18, 12, 11, 15, 13], "r": [7, 3, 2, 8, 6, 9, 1, 5, 10, 4]}, "results": {"wsrpt": {"exec_time": 0.0, "obj": 1826, "s": [7, 7, 2, 2, 8, 8, 3, 3, 10, 10, 9, 9, 5, 5, 6, 6, 1, 1, 4, 4], "ts": 1747941020}, "lp": {"solver": "highs", "exec_time": 0.42299985885620117, "ts": 1747941021, "obj": 716.0, "x": [[[0, 0, 6], 1.0], [[0, 1, 8], 1.0], [[1, 0, 2], 1.0], [[1, 1, 11], 1.0], [[2, 0, 4], 1.0], [[2, 1, 18], 1.0], [[3, 0, 7], 1.0], [[3, 1, 10], 1.0], [[4, 0, 5], 1.0], [[4, 1, 13], 1.0], [[5, 0, 16], 1.0], [[5, 1, 19], 1.0], [[6, 0, 0], 1.0], [[6, 1, 1], 1.0], [[7, 0, 9], 1.0], [[7, 1, 17], 1.0], [[8, 0, 12], 1.0], [[8, 1, 15], 1.0], [[9, 0, 3], 1.0], [[9, 1, 14], 1.0]]}, "a1": {"exec_time": 0.0, "obj": 716, "s": [7, 7, 2, 10, 3, 5, 1, 4, 1, 8, 4, 2, 9, 5, 10, 9, 6, 8, 3, 6]}, "a2": {"exec_time": 0.0, "obj": 716, "s": [7, 7, 2, 10, 3, 5, 1, 4, 1, 8, 4, 2, 9, 5, 10, 9, 6, 8, 3, 6], "ts": 1747941021}, "osp_blp": {"solver": "highs", "exec_time": 0.4680032730102539, "ts": 1747941021, "obj": 716, "x": [6, 8, 2, 11, 4, 18, 7, 10, 5, 13, 16, 19, 0, 1, 9, 17, 12, 15, 3, 14]}}}