{"id": "a3a2914f668bdef24e12b0706418f17a", "params": {"p": [2, 2, 2, 2, 2, 2, 2, 2, 2, 2], "w": [12, 17, 30, 25, 30, 18, 26, 7, 15, 1], "d1": [10, 13, 19, 19, 10, 15, 17, 9, 7, 16], "d2": [14, 16, 20, 20, 16, 17, 19, 19, 14, 16], "s1": [10, 11, 15, 16, 4, 8, 8, 7, 2, 11], "s2": [10, 11, 17, 16, 8, 10, 9, 7, 3, 11], "r": [8, 7, 10, 9, 3, 6, 4, 2, 1, 5]}, "results": {"wsrpt": {"exec_time": 0.0, "obj": 1738, "s": [9, 9, 5, 5, 7, 7, 6, 6, 4, 4, 3, 3, 2, 2, 1, 1, 8, 8, 10, 10], "ts": 1747941021}, "lp": {"solver": "highs", "exec_time": 0.4119892120361328, "ts": 1747941021, "obj": 108.0, "x": [[[0, 0, 9], 1.0], [[0, 1, 11], 1.0], [[1, 0, 10], 1.0], [[1, 1, 13], 1.0], [[2, 0, 14], 1.0], [[2, 1, 19], 1.0], [[3, 0, 15], 1.0], [[3, 1, 18], 1.0], [[4, 0, 3], 1.0], [[4, 1, 12], 1.0], [[5, 0, 7], 1.0], [[5, 1, 16], 1.0], [[6, 0, 8], 1.0], [[6, 1, 17], 1.0], [[7, 0, 1], 1.0], [[7, 1, 2], 1.0], [[8, 0, 0], 1.0], [[8, 1, 6], 1.0], [[9, 0, 4], 1.0], [[9, 1, 5], 1.0]]}, "a1": {"exec_time": 0.0, "obj": 108, "s": [9, 8, 8, 5, 10, 10, 9, 6, 7, 1, 2, 1, 5, 2, 3, 4, 6, 7, 4, 3]}, "a2": {"exec_time": 0.0, "obj": 108, "s": [9, 8, 8, 5, 10, 10, 9, 6, 7, 1, 2, 1, 5, 2, 3, 4, 6, 7, 4, 3], "ts": 1747941021}, "osp_blp": {"solver": "highs", "exec_time": 0.4819948673248291, "ts": 1747941021, "obj": 108, "x": [9, 11, 10, 13, 14, 18, 15, 19, 3, 12, 8, 16, 7, 17, 1, 2, 0, 6, 4, 5]}}}