{"id": "a3c3cb36de6a4a694d1fd16bd958591b", "params": {"p": [2, 2, 2, 2, 2, 2, 2, 2, 2, 2], "w": [25, 1, 16, 23, 3, 7, 17, 28, 29, 30], "d1": [10, 17, 12, 15, 16, 12, 16, 14, 15, 9], "d2": [19, 20, 12, 15, 18, 19, 20, 15, 18, 17], "s1": [8, 9, 11, 12, 8, 8, 13, 12, 4, 6], "s2": [10, 10, 11, 15, 14, 12, 15, 12, 12, 9], "r": [7, 4, 10, 9, 3, 8, 1, 5, 2, 6]}, "results": {"wsrpt": {"exec_time": 0.0, "obj": 1435, "s": [7, 7, 9, 9, 8, 8, 10, 10, 1, 1, 4, 4, 3, 3, 6, 6, 5, 5, 2, 2], "ts": 1747941021}, "lp": {"solver": "highs", "exec_time": 0.38700008392333984, "ts": 1747941022, "obj": 351.0, "x": [[[0, 0, 6], 1.0], [[0, 1, 18], 1.0], [[1, 0, 3], 1.0], [[1, 1, 4], 1.0], [[2, 0, 9], 1.0], [[2, 1, 10], 1.0], [[3, 0, 12], 1.0], [[3, 1, 14], 1.0], [[4, 0, 2], 1.0], [[4, 1, 17], 1.0], [[5, 0, 7], 1.0], [[5, 1, 16], 1.0], [[6, 0, 0], 1.0], [[6, 1, 19], 1.0], [[7, 0, 11], 1.0], [[7, 1, 13], 1.0], [[8, 0, 1], 1.0], [[8, 1, 15], 1.0], [[9, 0, 5], 1.0], [[9, 1, 8], 1.0]]}, "a1": {"exec_time": 0.0, "obj": 351, "s": [7, 9, 5, 2, 2, 10, 1, 6, 10, 3, 3, 8, 4, 8, 4, 9, 6, 5, 1, 7]}, "a2": {"exec_time": 0.0, "obj": 351, "s": [7, 9, 5, 2, 2, 10, 1, 6, 10, 3, 3, 8, 4, 8, 4, 9, 6, 5, 1, 7], "ts": 1747941022}, "osp_blp": {"solver": "highs", "exec_time": 0.4620022773742676, "ts": 1747941022, "obj": 351, "x": [6, 16, 3, 4, 9, 10, 12, 14, 2, 15, 7, 18, 0, 19, 11, 13, 1, 17, 5, 8]}}}