{"id": "a4e934fd4bd778480a53685370d463f8", "params": {"p": [2, 2, 2, 2, 2, 2, 2, 2, 2, 2], "w": [6, 24, 19, 3, 3, 7, 19, 19, 22, 30], "d1": [20, 7, 16, 13, 7, 18, 20, 3, 15, 20], "d2": [20, 14, 20, 13, 19, 18, 20, 11, 17, 20], "s1": [9, 6, 14, 12, 6, 17, 9, 2, 15, 13], "s2": [20, 6, 14, 13, 7, 18, 20, 2, 15, 18], "r": [5, 3, 6, 8, 4, 9, 2, 1, 7, 10]}, "results": {"wsrpt": {"exec_time": 0.0, "obj": 1509, "s": [8, 8, 2, 2, 7, 7, 9, 9, 3, 3, 10, 10, 6, 6, 1, 1, 4, 4, 5, 5], "ts": 1747941022}, "lp": {"solver": "highs", "exec_time": 0.40999698638916016, "ts": 1747941022, "obj": 269.0, "x": [[[0, 0, 5], 1.0], [[0, 1, 10], 1.0], [[1, 0, 2], 1.0], [[1, 1, 6], 1.0], [[2, 0, 13], 1.0], [[2, 1, 16], 1.0], [[3, 0, 7], 1.0], [[3, 1, 9], 1.0], [[4, 0, 3], 1.0], [[4, 1, 4], 1.0], [[5, 0, 11], 1.0], [[5, 1, 17], 1.0], [[6, 0, 8], 1.0], [[6, 1, 18], 1.0], [[7, 0, 0], 1.0], [[7, 1, 1], 1.0], [[8, 0, 14], 1.0], [[8, 1, 15], 1.0], [[9, 0, 12], 1.0], [[9, 1, 19], 1.0]]}, "a1": {"exec_time": 0.0, "obj": 269, "s": [8, 8, 2, 5, 5, 1, 2, 4, 7, 4, 1, 6, 10, 3, 9, 9, 3, 6, 7, 10]}, "a2": {"exec_time": 0.0, "obj": 269, "s": [8, 8, 2, 5, 5, 1, 2, 4, 7, 4, 1, 6, 10, 3, 9, 9, 3, 6, 7, 10], "ts": 1747941022}, "osp_blp": {"solver": "highs", "exec_time": 0.46899914741516113, "ts": 1747941022, "obj": 269, "x": [5, 10, 2, 6, 13, 15, 7, 9, 3, 4, 11, 17, 8, 18, 0, 1, 14, 16, 12, 19]}}}