{"id": "a50c857bb3473a28df140d60b6ba9d14", "params": {"p": [2, 2, 2, 2, 2, 2, 2, 2, 2, 2], "w": [17, 17, 18, 12, 1, 8, 14, 28, 27, 8], "d1": [14, 11, 14, 12, 10, 11, 15, 15, 17, 3], "d2": [15, 16, 18, 16, 14, 17, 20, 18, 20, 9], "s1": [11, 9, 14, 11, 10, 3, 14, 13, 15, 2], "s2": [13, 11, 14, 12, 10, 9, 15, 13, 15, 3], "r": [3, 7, 10, 9, 5, 2, 8, 4, 6, 1]}, "results": {"wsrpt": {"exec_time": 0.0, "obj": 1515, "s": [10, 10, 1, 1, 8, 8, 9, 9, 2, 2, 3, 3, 7, 7, 4, 4, 6, 6, 5, 5], "ts": 1747941022}, "lp": {"solver": "highs", "exec_time": 0.43199777603149414, "ts": 1747941023, "obj": 257.0, "x": [[[0, 0, 10], 1.0], [[0, 1, 15], 1.0], [[1, 0, 6], 1.0], [[1, 1, 9], 1.0], [[2, 0, 13], 1.0], [[2, 1, 17], 1.0], [[3, 0, 8], 1.0], [[3, 1, 11], 1.0], [[4, 0, 4], 1.0], [[4, 1, 5], 1.0], [[5, 0, 1], 1.0], [[5, 1, 3], 1.0], [[6, 0, 7], 1.0], [[6, 1, 19], 1.0], [[7, 0, 12], 1.0], [[7, 1, 16], 1.0], [[8, 0, 14], 1.0], [[8, 1, 18], 1.0], [[9, 0, 0], 1.0], [[9, 1, 2], 1.0]]}, "a1": {"exec_time": 0.0, "obj": 257, "s": [10, 6, 10, 6, 5, 5, 2, 7, 4, 2, 1, 4, 8, 3, 9, 1, 8, 3, 9, 7]}, "a2": {"exec_time": 0.0, "obj": 257, "s": [10, 6, 10, 6, 5, 5, 2, 7, 4, 2, 1, 4, 8, 3, 9, 1, 8, 3, 9, 7], "ts": 1747941023}, "osp_blp": {"solver": "highs", "exec_time": 0.4530172348022461, "ts": 1747941023, "obj": 257, "x": [10, 15, 6, 9, 13, 17, 8, 11, 4, 5, 1, 3, 7, 18, 12, 16, 14, 19, 0, 2]}}}