{"id": "a5c5816f479978a53f61140eeddddf11", "params": {"p": [2, 2, 2, 2, 2, 2, 2, 2, 2, 2], "w": [22, 17, 29, 7, 23, 20, 28, 26, 15, 23], "d1": [14, 11, 10, 3, 18, 17, 16, 7, 11, 12], "d2": [19, 17, 18, 9, 18, 20, 17, 7, 17, 17], "s1": [13, 8, 8, 2, 5, 9, 5, 4, 11, 10], "s2": [13, 10, 10, 3, 5, 11, 7, 4, 11, 12], "r": [8, 2, 6, 1, 4, 7, 5, 3, 9, 10]}, "results": {"wsrpt": {"exec_time": 0.0, "obj": 1276, "s": [4, 2, 2, 8, 8, 3, 3, 7, 7, 5, 5, 10, 10, 1, 1, 6, 6, 9, 9, 4], "ts": 1747941023}, "lp": {"solver": "highs", "exec_time": 0.39800286293029785, "ts": 1747941023, "obj": 97.0, "x": [[[0, 0, 12], 1.0], [[0, 1, 18], 1.0], [[1, 0, 5], 1.0], [[1, 1, 15], 1.0], [[2, 0, 7], 1.0], [[2, 1, 9], 1.0], [[3, 0, 0], 1.0], [[3, 1, 1], 1.0], [[4, 0, 3], 1.0], [[4, 1, 17], 1.0], [[5, 0, 8], 1.0], [[5, 1, 19], 1.0], [[6, 0, 4], 1.0], [[6, 1, 16], 1.0], [[7, 0, 2], 1.0], [[7, 1, 6], 1.0], [[8, 0, 10], 1.0], [[8, 1, 13], 1.0], [[9, 0, 11], 1.0], [[9, 1, 14], 1.0]]}, "a1": {"exec_time": 0.0, "obj": 97, "s": [4, 4, 8, 5, 7, 2, 8, 3, 6, 3, 9, 10, 1, 9, 10, 2, 7, 5, 1, 6]}, "a2": {"exec_time": 0.0, "obj": 97, "s": [4, 4, 8, 5, 7, 2, 8, 3, 6, 3, 9, 10, 1, 9, 10, 2, 7, 5, 1, 6], "ts": 1747941023}, "osp_blp": {"solver": "highs", "exec_time": 0.4669981002807617, "ts": 1747941023, "obj": 97, "x": [12, 18, 5, 13, 7, 9, 0, 1, 3, 17, 8, 19, 4, 16, 2, 6, 10, 14, 11, 15]}}}