{"id": "a63c49f13f99d3fc082f7ff8db77121a", "params": {"p": [2, 2, 2, 2, 2, 2, 2, 2, 2, 2], "w": [8, 18, 4, 16, 1, 27, 16, 7, 28, 26], "d1": [4, 6, 9, 16, 12, 11, 15, 18, 8, 20], "d2": [11, 12, 11, 16, 18, 14, 20, 18, 10, 20], "s1": [3, 2, 7, 15, 11, 8, 11, 7, 5, 19], "s2": [4, 4, 9, 16, 12, 8, 15, 11, 7, 20], "r": [1, 2, 7, 6, 10, 3, 9, 4, 5, 8]}, "results": {"wsrpt": {"exec_time": 0.0, "obj": 1195, "s": [1, 2, 2, 6, 6, 9, 9, 10, 10, 1, 4, 4, 7, 7, 8, 8, 3, 3, 5, 5], "ts": 1747941023}, "lp": {"solver": "highs", "exec_time": 0.41699981689453125, "ts": 1747941024, "obj": 45.0, "x": [[[0, 0, 0], 1.0], [[0, 1, 2], 1.0], [[1, 0, 1], 1.0], [[1, 1, 5], 1.0], [[2, 0, 6], 1.0], [[2, 1, 8], 1.0], [[3, 0, 14], 1.0], [[3, 1, 15], 1.0], [[4, 0, 10], 1.0], [[4, 1, 11], 1.0], [[5, 0, 7], 1.0], [[5, 1, 13], 1.0], [[6, 0, 12], 1.0], [[6, 1, 16], 1.0], [[7, 0, 3], 1.0], [[7, 1, 17], 1.0], [[8, 0, 4], 1.0], [[8, 1, 9], 1.0], [[9, 0, 18], 1.0], [[9, 1, 19], 1.0]]}, "a1": {"exec_time": 0.0, "obj": 45, "s": [1, 2, 1, 8, 9, 2, 3, 6, 3, 9, 5, 5, 7, 6, 4, 4, 7, 8, 10, 10]}, "a2": {"exec_time": 0.0, "obj": 45, "s": [1, 2, 1, 8, 9, 2, 3, 6, 3, 9, 5, 5, 7, 6, 4, 4, 7, 8, 10, 10], "ts": 1747941024}, "osp_blp": {"solver": "highs", "exec_time": 0.4790205955505371, "ts": 1747941024, "obj": 45, "x": [0, 2, 1, 5, 6, 9, 14, 15, 11, 13, 7, 12, 10, 16, 3, 17, 4, 8, 18, 19]}}}