{"id": "a649bd29d67de9082c47ff0f6a65ae02", "params": {"p": [2, 2, 2, 2, 2, 2, 2, 2, 2, 2], "w": [21, 2, 19, 29, 24, 12, 6, 8, 25, 6], "d1": [16, 14, 18, 10, 15, 12, 6, 18, 4, 12], "d2": [19, 19, 20, 10, 19, 19, 6, 19, 18, 15], "s1": [11, 10, 14, 6, 13, 8, 4, 10, 1, 10], "s2": [11, 11, 15, 10, 14, 10, 4, 10, 2, 11], "r": [9, 4, 7, 2, 8, 5, 3, 6, 1, 10]}, "results": {"wsrpt": {"exec_time": 0.0, "obj": 1296, "s": [9, 9, 4, 4, 6, 6, 3, 3, 5, 5, 1, 1, 8, 8, 7, 7, 10, 10, 2, 2], "ts": 1747941024}, "lp": {"solver": "highs", "exec_time": 0.46700239181518555, "ts": 1747941024, "obj": 100.0, "x": [[[0, 0, 10], 1.0], [[0, 1, 18], 1.0], [[1, 0, 3], 1.0], [[1, 1, 4], 1.0], [[2, 0, 13], 1.0], [[2, 1, 19], 1.0], [[3, 0, 6], 1.0], [[3, 1, 9], 1.0], [[4, 0, 12], 1.0], [[4, 1, 15], 1.0], [[5, 0, 7], 1.0], [[5, 1, 16], 1.0], [[6, 0, 2], 1.0], [[6, 1, 5], 1.0], [[7, 0, 8], 1.0], [[7, 1, 17], 1.0], [[8, 0, 0], 1.0], [[8, 1, 1], 1.0], [[9, 0, 11], 1.0], [[9, 1, 14], 1.0]]}, "a1": {"exec_time": 0.0, "obj": 100, "s": [9, 9, 7, 2, 2, 7, 4, 6, 8, 4, 1, 10, 5, 3, 10, 5, 6, 8, 1, 3]}, "a2": {"exec_time": 0.0, "obj": 100, "s": [9, 9, 7, 2, 2, 7, 4, 6, 8, 4, 1, 10, 5, 3, 10, 5, 6, 8, 1, 3], "ts": 1747941024}, "osp_blp": {"solver": "highs", "exec_time": 0.5359957218170166, "ts": 1747941024, "obj": 100, "x": [10, 16, 3, 4, 14, 19, 6, 9, 12, 15, 7, 17, 2, 5, 8, 18, 0, 1, 11, 13]}}}