{"id": "a6af8661b36129da7430fccd0467de06", "params": {"p": [2, 2, 2, 2, 2, 2, 2, 2, 2, 2], "w": [24, 15, 12, 20, 28, 1, 29, 8, 18, 13], "d1": [12, 18, 14, 16, 15, 14, 19, 7, 20, 12], "d2": [13, 19, 15, 16, 15, 20, 19, 19, 20, 12], "s1": [7, 18, 11, 15, 12, 11, 17, 7, 16, 3], "s2": [8, 18, 13, 16, 12, 13, 17, 7, 18, 6], "r": [3, 9, 6, 1, 7, 8, 4, 5, 10, 2]}, "results": {"wsrpt": {"exec_time": 0.0, "obj": 2637, "s": [4, 4, 1, 1, 7, 7, 5, 5, 2, 2, 9, 9, 10, 10, 3, 3, 8, 8, 6, 6], "ts": 1747941024}, "lp": {"solver": "highs", "exec_time": 0.4649968147277832, "ts": 1747941025, "obj": 745.0, "x": [[[0, 0, 3], 1.0], [[0, 1, 10], 1.0], [[1, 0, 12], 0.5000000999999996], [[1, 0, 17], 0.4999999000000004], [[1, 1, 12], 0.4999999000000003], [[1, 1, 17], 0.5000000999999997], [[2, 0, 6], 1.0], [[2, 1, 9], 1.0], [[3, 0, 0], 1.0], [[3, 1, 15], 1.0], [[4, 0, 11], 1.0], [[4, 1, 14], 1.0], [[5, 0, 7], 1.0], [[5, 1, 8], 1.0], [[6, 0, 16], 1.0], [[6, 1, 18], 1.0], [[7, 0, 4], 1.0], [[7, 1, 5], 1.0], [[8, 0, 13], 1.0], [[8, 1, 19], 1.0], [[9, 0, 1], 1.0], [[9, 1, 2], 1.0]]}, "a1": {"exec_time": 0.0, "obj": 745, "s": [4, 10, 10, 1, 8, 8, 3, 6, 6, 3, 1, 5, 2, 9, 5, 4, 7, 2, 7, 9]}, "a2": {"exec_time": 0.0, "obj": 745, "s": [4, 10, 10, 1, 8, 8, 3, 6, 6, 3, 1, 5, 2, 9, 5, 4, 7, 2, 7, 9], "ts": 1747941025}, "osp_blp": {"solver": "highs", "exec_time": 0.5329999923706055, "ts": 1747941025, "obj": 745, "x": [3, 10, 12, 17, 6, 9, 0, 15, 11, 14, 7, 8, 16, 18, 4, 5, 13, 19, 1, 2]}}}