{"id": "a710ceb081edef187857bfc49e0f3535", "params": {"p": [2, 2, 2, 2, 2, 2, 2, 2, 2, 2], "w": [30, 30, 12, 14, 17, 23, 18, 9, 11, 17], "d1": [16, 20, 15, 11, 13, 15, 13, 9, 16, 17], "d2": [17, 20, 16, 14, 19, 18, 14, 12, 16, 17], "s1": [9, 15, 8, 8, 6, 8, 13, 5, 4, 15], "s2": [12, 16, 9, 11, 13, 8, 13, 5, 10, 15], "r": [4, 9, 7, 8, 6, 5, 10, 2, 1, 3]}, "results": {"wsrpt": {"exec_time": 0.0, "obj": 2152, "s": [9, 9, 10, 10, 1, 1, 6, 6, 2, 2, 7, 7, 5, 5, 4, 4, 3, 3, 8, 8], "ts": 1747941025}, "lp": {"solver": "highs", "exec_time": 0.43999695777893066, "ts": 1747941025, "obj": 422.0, "x": [[[0, 0, 8], 1.0], [[0, 1, 15], 1.0], [[1, 0, 14], 1.0], [[1, 1, 19], 1.0], [[2, 0, 6], 1.0], [[2, 1, 9], 1.0], [[3, 0, 7], 1.0], [[3, 1, 10], 1.0], [[4, 0, 5], 1.0], [[4, 1, 18], 1.0], [[5, 0, 4], 1.0], [[5, 1, 17], 1.0], [[6, 0, 11], 0.5000005000000005], [[6, 0, 12], 0.4999994999999995], [[6, 1, 11], 0.4999994999999995], [[6, 1, 12], 0.5000005000000005], [[7, 0, 1], 1.0], [[7, 1, 2], 1.0], [[8, 0, 0], 1.0], [[8, 1, 3], 1.0], [[9, 0, 13], 1.0], [[9, 1, 16], 1.0]]}, "a1": {"exec_time": 0.0, "obj": 422, "s": [9, 8, 8, 9, 6, 5, 3, 4, 1, 3, 4, 7, 7, 10, 2, 1, 10, 6, 5, 2]}, "a2": {"exec_time": 0.0, "obj": 422, "s": [9, 8, 8, 9, 6, 5, 3, 4, 1, 3, 4, 7, 7, 10, 2, 1, 10, 6, 5, 2], "ts": 1747941025}, "osp_blp": {"solver": "highs", "exec_time": 0.4849975109100342, "ts": 1747941025, "obj": 422, "x": [8, 15, 14, 19, 6, 9, 7, 10, 5, 18, 4, 17, 11, 12, 1, 2, 0, 3, 13, 16]}}}