{"id": "a8b24afbacba6c67c7e2b13a0d18aaa5", "params": {"p": [2, 2, 2, 2, 2, 2, 2, 2, 2, 2], "w": [9, 12, 15, 24, 20, 8, 12, 20, 9, 1], "d1": [13, 18, 11, 15, 17, 5, 6, 14, 7, 12], "d2": [13, 19, 16, 18, 19, 11, 14, 20, 15, 12], "s1": [4, 15, 11, 11, 9, 4, 3, 10, 6, 7], "s2": [11, 15, 11, 14, 16, 5, 6, 10, 6, 7], "r": [3, 6, 9, 10, 5, 2, 1, 8, 4, 7]}, "results": {"wsrpt": {"exec_time": 0.0, "obj": 1142, "s": [7, 7, 1, 1, 5, 5, 2, 2, 8, 8, 4, 4, 3, 3, 9, 9, 6, 6, 10, 10], "ts": 1747941026}, "lp": {"solver": "highs", "exec_time": 0.40800023078918457, "ts": 1747941026, "obj": 65.0, "x": [[[0, 0, 3], 1.0], [[0, 1, 12], 1.0], [[1, 0, 14], 1.0], [[1, 1, 18], 1.0], [[2, 0, 10], 1.0], [[2, 1, 15], 1.0], [[3, 0, 13], 1.0], [[3, 1, 17], 1.0], [[4, 0, 8], 1.0], [[4, 1, 16], 1.0], [[5, 0, 1], 1.0], [[5, 1, 2], 1.0], [[6, 0, 0], 1.0], [[6, 1, 5], 1.0], [[7, 0, 9], 1.0], [[7, 1, 19], 1.0], [[8, 0, 4], 1.0], [[8, 1, 7], 1.0], [[9, 0, 6], 1.0], [[9, 1, 11], 1.0]]}, "a1": {"exec_time": 0.0, "obj": 65, "s": [7, 6, 6, 1, 9, 7, 10, 9, 5, 8, 3, 10, 1, 4, 2, 3, 5, 4, 2, 8]}, "a2": {"exec_time": 0.0, "obj": 65, "s": [7, 6, 6, 1, 9, 7, 10, 9, 5, 8, 3, 10, 1, 4, 2, 3, 5, 4, 2, 8], "ts": 1747941026}, "osp_blp": {"solver": "highs", "exec_time": 0.49000048637390137, "ts": 1747941026, "obj": 65, "x": [3, 12, 14, 18, 10, 15, 13, 17, 8, 16, 1, 2, 0, 5, 9, 19, 4, 7, 6, 11]}}}