{"id": "a9408330a6f6c3c3825b7d01d73ece47", "params": {"p": [2, 2, 2, 2, 2, 2, 2, 2, 2, 2], "w": [5, 16, 30, 6, 4, 19, 26, 24, 28, 10], "d1": [15, 12, 20, 11, 11, 19, 12, 6, 13, 20], "d2": [15, 12, 20, 20, 19, 19, 20, 16, 15, 20], "s1": [14, 12, 13, 8, 9, 9, 8, 4, 8, 16], "s2": [14, 12, 17, 11, 11, 13, 10, 6, 12, 18], "r": [7, 6, 8, 3, 1, 9, 5, 4, 2, 10]}, "results": {"wsrpt": {"exec_time": 0.0, "obj": 1490, "s": [5, 9, 9, 8, 8, 7, 7, 3, 3, 6, 6, 2, 2, 10, 10, 5, 4, 4, 1, 1], "ts": 1747941026}, "lp": {"solver": "highs", "exec_time": 0.43700289726257324, "ts": 1747941027, "obj": 205.0, "x": [[[0, 0, 6], 1.0], [[0, 1, 14], 1.0], [[1, 0, 10], 1.0], [[1, 1, 11], 1.0], [[2, 0, 12], 1.0], [[2, 1, 19], 1.0], [[3, 0, 2], 1.0], [[3, 1, 4], 1.0], [[4, 0, 0], 1.0], [[4, 1, 1], 1.0], [[5, 0, 9], 1.0], [[5, 1, 18], 1.0], [[6, 0, 8], 1.0], [[6, 1, 16], 1.0], [[7, 0, 3], 1.0], [[7, 1, 5], 1.0], [[8, 0, 7], 1.0], [[8, 1, 13], 1.0], [[9, 0, 15], 1.0], [[9, 1, 17], 1.0]]}, "a1": {"exec_time": 0.0, "obj": 205, "s": [5, 5, 4, 8, 4, 8, 1, 9, 7, 6, 2, 2, 3, 9, 1, 10, 7, 10, 6, 3]}, "a2": {"exec_time": 0.0, "obj": 205, "s": [5, 5, 4, 8, 4, 8, 1, 9, 7, 6, 2, 2, 3, 9, 1, 10, 7, 10, 6, 3], "ts": 1747941027}, "osp_blp": {"solver": "highs", "exec_time": 0.4530000686645508, "ts": 1747941027, "obj": 205, "x": [6, 14, 10, 11, 15, 19, 2, 4, 0, 1, 8, 18, 9, 13, 3, 5, 7, 12, 16, 17]}}}