{"id": "a9a01acafff64448d17cad5f578df87b", "params": {"p": [2, 2, 2, 2, 2, 2, 2, 2, 2, 2], "w": [20, 8, 2, 9, 10, 4, 14, 8, 25, 5], "d1": [10, 19, 14, 14, 6, 12, 6, 12, 16, 16], "d2": [14, 20, 14, 20, 12, 17, 20, 19, 17, 19], "s1": [9, 11, 9, 12, 5, 11, 5, 9, 7, 9], "s2": [10, 18, 13, 14, 6, 11, 6, 12, 9, 16], "r": [8, 10, 9, 1, 4, 5, 3, 2, 6, 7]}, "results": {"wsrpt": {"exec_time": 0.0, "obj": 669, "s": [4, 4, 7, 7, 5, 9, 9, 1, 1, 5, 2, 2, 8, 8, 10, 10, 6, 6, 3, 3], "ts": 1747941027}, "lp": {"solver": "highs", "exec_time": 0.39899635314941406, "ts": 1747941027, "obj": 208.0, "x": [[[0, 0, 8], 1.0], [[0, 1, 11], 1.0], [[1, 0, 14], 1.0], [[1, 1, 19], 1.0], [[2, 0, 9], 1.0], [[2, 1, 13], 1.0], [[3, 0, 0], 1.0], [[3, 1, 18], 1.0], [[4, 0, 3], 1.0], [[4, 1, 4], 1.0], [[5, 0, 10], 1.0], [[5, 1, 16], 1.0], [[6, 0, 2], 1.0], [[6, 1, 5], 1.0], [[7, 0, 1], 1.0], [[7, 1, 12], 1.0], [[8, 0, 6], 1.0], [[8, 1, 15], 1.0], [[9, 0, 7], 1.0], [[9, 1, 17], 1.0]]}, "a1": {"exec_time": 0.015625, "obj": 208, "s": [4, 8, 7, 5, 5, 7, 9, 10, 1, 3, 6, 1, 8, 3, 2, 9, 6, 10, 4, 2]}, "a2": {"exec_time": 0.0, "obj": 208, "s": [4, 8, 7, 5, 5, 7, 9, 10, 1, 3, 6, 1, 8, 3, 2, 9, 6, 10, 4, 2], "ts": 1747941027}, "osp_blp": {"solver": "highs", "exec_time": 0.4619929790496826, "ts": 1747941027, "obj": 208, "x": [8, 11, 14, 18, 9, 13, 0, 19, 3, 4, 10, 12, 2, 5, 1, 15, 6, 16, 7, 17]}}}