{"id": "a9a37d963550a6864e21d9a2ee3816b0", "params": {"p": [2, 2, 2, 2, 2, 2, 2, 2, 2, 2], "w": [10, 19, 6, 12, 28, 19, 28, 7, 4, 14], "d1": [15, 17, 18, 14, 18, 7, 16, 20, 16, 19], "d2": [19, 18, 19, 16, 20, 16, 18, 20, 17, 20], "s1": [3, 12, 8, 9, 12, 5, 12, 10, 11, 7], "s2": [11, 12, 11, 10, 14, 6, 16, 13, 15, 9], "r": [2, 9, 8, 6, 3, 4, 1, 5, 10, 7]}, "results": {"wsrpt": {"exec_time": 0.0, "obj": 1879, "s": [7, 7, 5, 5, 6, 6, 10, 10, 2, 2, 4, 4, 1, 1, 8, 8, 3, 3, 9, 9], "ts": 1747941027}, "lp": {"solver": "highs", "exec_time": 0.41899800300598145, "ts": 1747941027, "obj": 553.0, "x": [[[0, 0, 1], 1.0], [[0, 1, 2], 1.0], [[1, 0, 11], 1.0], [[1, 1, 16], 1.0], [[2, 0, 7], 1.0], [[2, 1, 14], 1.0], [[3, 0, 8], 1.0], [[3, 1, 13], 1.0], [[4, 0, 12], 1.0], [[4, 1, 17], 1.0], [[5, 0, 3], 1.0], [[5, 1, 5], 1.0], [[6, 0, 0], 1.0], [[6, 1, 15], 1.0], [[7, 0, 4], 1.0], [[7, 1, 19], 1.0], [[8, 0, 9], 1.0], [[8, 1, 10], 1.0], [[9, 0, 6], 1.0], [[9, 1, 18], 1.0]]}, "a1": {"exec_time": 0.0, "obj": 553, "s": [7, 1, 1, 6, 8, 6, 10, 3, 4, 9, 9, 2, 5, 4, 3, 7, 2, 5, 10, 8]}, "a2": {"exec_time": 0.0, "obj": 553, "s": [7, 1, 1, 6, 8, 6, 10, 3, 4, 9, 9, 2, 5, 4, 3, 7, 2, 5, 10, 8], "ts": 1747941027}, "osp_blp": {"solver": "highs", "exec_time": 0.479999303817749, "ts": 1747941028, "obj": 553, "x": [1, 2, 11, 16, 7, 14, 8, 13, 12, 17, 3, 5, 0, 15, 4, 19, 9, 10, 6, 18]}}}