{"id": "a9b8d5adb1da6152cb5d906ec28ccb04", "params": {"p": [2, 2, 2, 2, 2, 2, 2, 2, 2, 2], "w": [28, 7, 27, 30, 2, 25, 15, 20, 11, 1], "d1": [10, 8, 17, 15, 3, 19, 6, 16, 12, 11], "d2": [20, 11, 18, 18, 15, 19, 17, 17, 13, 15], "s1": [9, 4, 16, 6, 3, 7, 5, 14, 9, 9], "s2": [9, 5, 17, 11, 3, 18, 5, 14, 9, 10], "r": [8, 4, 5, 3, 1, 6, 2, 10, 7, 9]}, "results": {"wsrpt": {"exec_time": 0.0, "obj": 1596, "s": [5, 7, 4, 4, 7, 3, 3, 1, 1, 6, 6, 8, 8, 9, 9, 2, 2, 5, 10, 10], "ts": 1747941028}, "lp": {"solver": "highs", "exec_time": 0.3869950771331787, "ts": 1747941028, "obj": 62.0, "x": [[[0, 0, 8], 1.0], [[0, 1, 19], 1.0], [[1, 0, 3], 1.0], [[1, 1, 10], 1.0], [[2, 0, 15], 1.0], [[2, 1, 17], 1.0], [[3, 0, 5], 1.0], [[3, 1, 14], 1.0], [[4, 0, 0], 1.0], [[4, 1, 1], 1.0], [[5, 0, 6], 1.0], [[5, 1, 18], 1.0], [[6, 0, 2], 1.0], [[6, 1, 4], 1.0], [[7, 0, 13], 1.0], [[7, 1, 16], 1.0], [[8, 0, 7], 1.0], [[8, 1, 12], 1.0], [[9, 0, 9], 1.0], [[9, 1, 11], 1.0]]}, "a1": {"exec_time": 0.0, "obj": 62, "s": [5, 5, 7, 2, 7, 4, 6, 9, 1, 10, 2, 10, 9, 8, 4, 3, 8, 3, 6, 1]}, "a2": {"exec_time": 0.0, "obj": 62, "s": [5, 5, 7, 2, 7, 4, 6, 9, 1, 10, 2, 10, 9, 8, 4, 3, 8, 3, 6, 1], "ts": 1747941028}, "osp_blp": {"solver": "highs", "exec_time": 0.4609982967376709, "ts": 1747941028, "obj": 62, "x": [8, 19, 3, 10, 15, 17, 5, 14, 0, 1, 6, 18, 2, 4, 13, 16, 7, 11, 9, 12]}}}