{"id": "aa404a5f319016d8c10976142ec29e9b", "params": {"p": [2, 2, 2, 2, 2, 2, 2, 2, 2, 2], "w": [23, 6, 6, 25, 1, 29, 3, 23, 17, 22], "d1": [14, 12, 12, 14, 10, 13, 10, 20, 12, 20], "d2": [20, 16, 20, 18, 11, 13, 19, 20, 19, 20], "s1": [8, 7, 10, 7, 10, 12, 9, 18, 7, 14], "s2": [13, 12, 10, 10, 10, 13, 9, 18, 7, 20], "r": [1, 2, 10, 5, 7, 9, 8, 3, 6, 4]}, "results": {"wsrpt": {"exec_time": 0.0, "obj": 2138, "s": [1, 1, 8, 8, 4, 4, 10, 10, 6, 6, 9, 9, 2, 2, 3, 3, 7, 7, 5, 5], "ts": 1747941028}, "lp": {"solver": "highs", "exec_time": 0.4480006694793701, "ts": 1747941028, "obj": 559.0, "x": [[[0, 0, 0], 1.0], [[0, 1, 16], 1.0], [[1, 0, 1], 1.0], [[1, 1, 2], 1.0], [[2, 0, 9], 1.0], [[2, 1, 14], 1.0], [[3, 0, 4], 1.0], [[3, 1, 13], 1.0], [[4, 0, 6], 1.0], [[4, 1, 7], 1.0], [[5, 0, 11], 1.0], [[5, 1, 12], 1.0], [[6, 0, 8], 1.0], [[6, 1, 10], 1.0], [[7, 0, 17], 1.0], [[7, 1, 19], 1.0], [[8, 0, 5], 1.0], [[8, 1, 15], 1.0], [[9, 0, 3], 1.0], [[9, 1, 18], 1.0]]}, "a1": {"exec_time": 0.0, "obj": 559, "s": [1, 2, 2, 10, 4, 9, 5, 5, 7, 3, 7, 6, 6, 4, 3, 9, 1, 8, 10, 8]}, "a2": {"exec_time": 0.0, "obj": 559, "s": [1, 2, 2, 10, 4, 9, 5, 5, 7, 3, 7, 6, 6, 4, 3, 9, 1, 8, 10, 8], "ts": 1747941028}, "osp_blp": {"solver": "highs", "exec_time": 0.49500107765197754, "ts": 1747941028, "obj": 559, "x": [0, 16, 1, 2, 9, 15, 4, 13, 6, 7, 11, 12, 8, 10, 17, 19, 5, 14, 3, 18]}}}