{"id": "aabc274982471820022b2c358e8da745", "params": {"p": [2, 2, 2, 2, 2, 2, 2, 2, 2, 2], "w": [11, 24, 16, 4, 9, 21, 4, 26, 10, 11], "d1": [13, 18, 11, 8, 15, 4, 15, 19, 5, 15], "d2": [15, 18, 13, 15, 18, 20, 16, 20, 13, 15], "s1": [11, 15, 9, 6, 13, 2, 15, 19, 3, 13], "s2": [12, 15, 10, 8, 15, 2, 15, 19, 5, 14], "r": [8, 5, 7, 6, 9, 1, 10, 3, 2, 4]}, "results": {"wsrpt": {"exec_time": 0.0, "obj": 1757, "s": [6, 6, 8, 8, 2, 2, 3, 3, 1, 1, 10, 10, 9, 9, 5, 5, 4, 4, 7, 7], "ts": 1747941029}, "lp": {"solver": "highs", "exec_time": 0.430999755859375, "ts": 1747941029, "obj": 216.0, "x": [[[0, 0, 7], 1.0], [[0, 1, 12], 1.0], [[1, 0, 14], 1.0], [[1, 1, 17], 1.0], [[2, 0, 8], 1.0], [[2, 1, 10], 1.0], [[3, 0, 5], 1.0], [[3, 1, 6], 1.0], [[4, 0, 11], 1.0], [[4, 1, 16], 1.0], [[5, 0, 0], 1.0], [[5, 1, 3], 1.0], [[6, 0, 9], 1.0], [[6, 1, 15], 1.0], [[7, 0, 18], 1.0], [[7, 1, 19], 1.0], [[8, 0, 1], 1.0], [[8, 1, 2], 1.0], [[9, 0, 4], 1.0], [[9, 1, 13], 1.0]]}, "a1": {"exec_time": 0.0, "obj": 216, "s": [6, 9, 9, 6, 10, 4, 4, 1, 3, 7, 3, 5, 1, 10, 2, 7, 5, 2, 8, 8]}, "a2": {"exec_time": 0.015625, "obj": 216, "s": [6, 9, 9, 6, 10, 4, 4, 1, 3, 7, 3, 5, 1, 10, 2, 7, 5, 2, 8, 8], "ts": 1747941029}, "osp_blp": {"solver": "highs", "exec_time": 0.5259935855865479, "ts": 1747941029, "obj": 216, "x": [7, 12, 14, 17, 8, 10, 5, 6, 11, 16, 0, 3, 9, 15, 18, 19, 1, 2, 4, 13]}}}