{"id": "aacb5d58f83d879046775a7f22b2162d", "params": {"p": [2, 2, 2, 2, 2, 2, 2, 2, 2, 2], "w": [24, 20, 25, 20, 28, 30, 16, 19, 6, 2], "d1": [17, 16, 19, 19, 20, 6, 13, 9, 11, 13], "d2": [19, 19, 19, 20, 20, 7, 19, 12, 18, 16], "s1": [14, 11, 15, 9, 15, 6, 11, 7, 10, 10], "s2": [17, 11, 19, 11, 19, 6, 11, 9, 10, 13], "r": [7, 10, 5, 8, 9, 4, 6, 2, 1, 3]}, "results": {"wsrpt": {"exec_time": 0.0, "obj": 1926, "s": [9, 8, 8, 6, 6, 3, 3, 1, 1, 5, 5, 2, 2, 4, 4, 7, 7, 9, 10, 10], "ts": 1747941029}, "lp": {"solver": "highs", "exec_time": 0.457000732421875, "ts": 1747941029, "obj": 290.0, "x": [[[0, 0, 12], 1.0], [[0, 1, 16], 1.0], [[1, 0, 10], 1.0], [[1, 1, 15], 1.0], [[2, 0, 13], 1.0], [[2, 1, 18], 1.0], [[3, 0, 8], 1.0], [[3, 1, 17], 1.0], [[4, 0, 14], 1.0], [[4, 1, 19], 1.0], [[5, 0, 4], 0.5000004999999997], [[5, 0, 5], 0.4999995000000003], [[5, 1, 4], 0.4999995000000002], [[5, 1, 5], 0.5000004999999997], [[6, 0, 9], 1.0], [[6, 1, 11], 1.0], [[7, 0, 6], 1.0], [[7, 1, 7], 1.0], [[8, 0, 0], 1.0], [[8, 1, 1], 1.0], [[9, 0, 2], 1.0], [[9, 1, 3], 1.0]]}, "a1": {"exec_time": 0.0, "obj": 290, "s": [9, 9, 10, 10, 6, 6, 8, 8, 4, 7, 2, 7, 1, 3, 5, 2, 1, 4, 3, 5]}, "a2": {"exec_time": 0.0, "obj": 290, "s": [9, 9, 10, 10, 6, 6, 8, 8, 4, 7, 2, 7, 1, 3, 5, 2, 1, 4, 3, 5], "ts": 1747941029}, "osp_blp": {"solver": "highs", "exec_time": 0.4870026111602783, "ts": 1747941030, "obj": 290, "x": [12, 16, 10, 15, 13, 18, 8, 17, 14, 19, 4, 5, 9, 11, 6, 7, 0, 1, 2, 3]}}}