{"id": "aafbd0899269c850ffce92ca415cf46f", "params": {"p": [2, 2, 2, 2, 2, 2, 2, 2, 2, 2], "w": [14, 9, 18, 10, 20, 16, 25, 11, 4, 29], "d1": [19, 19, 4, 20, 13, 17, 19, 9, 8, 9], "d2": [19, 19, 8, 20, 19, 20, 20, 16, 12, 9], "s1": [15, 15, 2, 13, 11, 15, 14, 2, 4, 3], "s2": [16, 16, 3, 13, 11, 15, 18, 2, 6, 6], "r": [6, 8, 1, 5, 9, 10, 7, 2, 4, 3]}, "results": {"wsrpt": {"exec_time": 0.0, "obj": 1219, "s": [3, 3, 10, 10, 8, 8, 7, 7, 5, 5, 6, 6, 1, 1, 4, 4, 2, 2, 9, 9], "ts": 1747941030}, "lp": {"solver": "highs", "exec_time": 0.4329988956451416, "ts": 1747941030, "obj": 216.0, "x": [[[0, 0, 15], 1.0], [[0, 1, 17], 1.0], [[1, 0, 7], 1.0], [[1, 1, 9], 1.0], [[2, 0, 0], 1.0], [[2, 1, 4], 1.0], [[3, 0, 11], 1.0], [[3, 1, 19], 1.0], [[4, 0, 10], 1.0], [[4, 1, 12], 1.0], [[5, 0, 14], 1.0], [[5, 1, 16], 1.0], [[6, 0, 13], 1.0], [[6, 1, 18], 1.0], [[7, 0, 1], 1.0], [[7, 1, 6], 1.0], [[8, 0, 3], 1.0], [[8, 1, 5], 1.0], [[9, 0, 2], 1.0], [[9, 1, 8], 1.0]]}, "a1": {"exec_time": 0.0, "obj": 216, "s": [3, 8, 10, 9, 3, 9, 8, 2, 10, 2, 5, 4, 5, 7, 6, 1, 6, 1, 7, 4]}, "a2": {"exec_time": 0.0, "obj": 216, "s": [3, 8, 10, 9, 3, 9, 8, 2, 10, 2, 5, 4, 5, 7, 6, 1, 6, 1, 7, 4], "ts": 1747941030}, "osp_blp": {"solver": "highs", "exec_time": 0.4980027675628662, "ts": 1747941030, "obj": 216, "x": [15, 17, 7, 9, 0, 4, 11, 19, 10, 12, 14, 16, 13, 18, 1, 6, 3, 5, 2, 8]}}}