{"id": "ab7790df12f372976987086bb988c520", "params": {"p": [2, 2, 2, 2, 2, 2, 2, 2, 2, 2], "w": [23, 14, 17, 25, 6, 18, 7, 22, 2, 23], "d1": [20, 19, 15, 12, 19, 14, 12, 20, 7, 14], "d2": [20, 19, 20, 15, 19, 15, 19, 20, 11, 15], "s1": [19, 8, 7, 12, 8, 8, 9, 12, 4, 11], "s2": [19, 11, 9, 12, 11, 8, 11, 19, 7, 14], "r": [10, 3, 6, 7, 2, 5, 8, 1, 4, 9]}, "results": {"wsrpt": {"exec_time": 0.0, "obj": 2044, "s": [8, 8, 2, 2, 6, 6, 4, 4, 10, 10, 1, 1, 3, 3, 7, 7, 5, 5, 9, 9], "ts": 1747941030}, "lp": {"solver": "highs", "exec_time": 0.46399855613708496, "ts": 1747941030, "obj": 492.0, "x": [[[0, 0, 18], 1.0], [[0, 1, 19], 1.0], [[1, 0, 5], 1.0], [[1, 1, 16], 1.0], [[2, 0, 6], 1.0], [[2, 1, 15], 1.0], [[3, 0, 11], 1.0], [[3, 1, 12], 1.0], [[4, 0, 1], 1.0], [[4, 1, 2], 1.0], [[5, 0, 7], 1.0], [[5, 1, 13], 1.0], [[6, 0, 8], 1.0], [[6, 1, 9], 1.0], [[7, 0, 0], 1.0], [[7, 1, 17], 1.0], [[8, 0, 3], 1.0], [[8, 1, 4], 1.0], [[9, 0, 10], 1.0], [[9, 1, 14], 1.0]]}, "a1": {"exec_time": 0.0, "obj": 492, "s": [8, 5, 5, 9, 9, 2, 3, 6, 7, 7, 10, 4, 4, 6, 10, 3, 2, 8, 1, 1]}, "a2": {"exec_time": 0.0, "obj": 492, "s": [8, 5, 5, 9, 9, 2, 3, 6, 7, 7, 10, 4, 4, 6, 10, 3, 2, 8, 1, 1], "ts": 1747941030}, "osp_blp": {"solver": "highs", "exec_time": 0.5320014953613281, "ts": 1747941031, "obj": 492, "x": [18, 19, 5, 16, 6, 15, 11, 12, 1, 2, 7, 14, 8, 9, 0, 17, 3, 4, 10, 13]}}}