{"id": "abc4efab636f8e4932ca48c641738f23", "params": {"p": [2, 2, 2, 2, 2, 2, 2, 2, 2, 2], "w": [20, 11, 15, 10, 2, 26, 3, 28, 23, 8], "d1": [17, 13, 19, 12, 18, 14, 20, 18, 18, 6], "d2": [17, 15, 20, 15, 18, 14, 20, 20, 20, 10], "s1": [5, 11, 12, 12, 12, 3, 19, 13, 8, 6], "s2": [6, 11, 13, 12, 14, 3, 20, 16, 9, 6], "r": [4, 7, 5, 9, 8, 1, 2, 10, 6, 3]}, "results": {"wsrpt": {"exec_time": 0.0, "obj": 1439, "s": [6, 6, 10, 1, 1, 9, 9, 10, 3, 3, 8, 8, 2, 2, 4, 4, 7, 7, 5, 5], "ts": 1747941031}, "lp": {"solver": "highs", "exec_time": 0.4589979648590088, "ts": 1747941032, "obj": 239.0, "x": [[[0, 0, 4], 1.0], [[0, 1, 16], 1.0], [[1, 0, 10], 1.0], [[1, 1, 14], 1.0], [[2, 0, 12], 1.0], [[2, 1, 18], 1.0], [[3, 0, 9], 1.0], [[3, 1, 11], 1.0], [[4, 0, 7], 1.0], [[4, 1, 8], 1.0], [[5, 0, 0], 1.0], [[5, 1, 13], 1.0], [[6, 0, 1], 1.0], [[6, 1, 2], 1.0], [[7, 0, 15], 1.0], [[7, 1, 19], 1.0], [[8, 0, 6], 1.0], [[8, 1, 17], 1.0], [[9, 0, 3], 1.0], [[9, 1, 5], 1.0]]}, "a1": {"exec_time": 0.0, "obj": 239, "s": [6, 7, 7, 10, 1, 10, 9, 5, 5, 4, 2, 4, 3, 6, 2, 8, 1, 9, 3, 8]}, "a2": {"exec_time": 0.0, "obj": 239, "s": [6, 7, 7, 10, 1, 10, 9, 5, 5, 4, 2, 4, 3, 6, 2, 8, 1, 9, 3, 8], "ts": 1747941032}, "osp_blp": {"solver": "highs", "exec_time": 0.5389974117279053, "ts": 1747941032, "obj": 239, "x": [4, 16, 10, 14, 12, 19, 9, 11, 7, 8, 0, 13, 1, 2, 15, 18, 6, 17, 3, 5]}}}