{"id": "ac4fc0fa7d19b24a6ba5c0f259948177", "params": {"p": [2, 2, 2, 2, 2, 2, 2, 2, 2, 2], "w": [5, 2, 17, 24, 23, 30, 1, 15, 16, 13], "d1": [20, 12, 12, 14, 19, 15, 18, 15, 14, 12], "d2": [20, 15, 13, 14, 20, 17, 19, 20, 18, 13], "s1": [7, 11, 12, 10, 10, 6, 9, 14, 2, 5], "s2": [13, 11, 12, 13, 13, 11, 16, 15, 5, 11], "r": [6, 9, 3, 2, 10, 4, 7, 8, 1, 5]}, "results": {"wsrpt": {"exec_time": 0.0, "obj": 1471, "s": [9, 9, 4, 4, 6, 6, 3, 3, 8, 8, 5, 5, 10, 10, 1, 1, 2, 2, 7, 7], "ts": 1747941032}, "lp": {"solver": "highs", "exec_time": 0.4440023899078369, "ts": 1747941032, "obj": 444.0, "x": [[[0, 0, 5], 1.0], [[0, 1, 19], 1.0], [[1, 0, 8], 1.0], [[1, 1, 10], 1.0], [[2, 0, 2], 1.0], [[2, 1, 11], 1.0], [[3, 0, 1], 1.0], [[3, 1, 13], 1.0], [[4, 0, 9], 1.0], [[4, 1, 18], 1.0], [[5, 0, 3], 1.0], [[5, 1, 16], 1.0], [[6, 0, 6], 1.0], [[6, 1, 7], 1.0], [[7, 0, 14], 1.0], [[7, 1, 17], 1.0], [[8, 0, 0], 1.0], [[8, 1, 15], 1.0], [[9, 0, 4], 1.0], [[9, 1, 12], 1.0]]}, "a1": {"exec_time": 0.0, "obj": 444, "s": [9, 4, 3, 6, 10, 1, 7, 7, 2, 5, 2, 3, 10, 4, 8, 9, 6, 8, 5, 1]}, "a2": {"exec_time": 0.0, "obj": 444, "s": [9, 4, 3, 6, 10, 1, 7, 7, 2, 5, 2, 3, 10, 4, 8, 9, 6, 8, 5, 1], "ts": 1747941032}, "osp_blp": {"solver": "highs", "exec_time": 0.4880027770996094, "ts": 1747941032, "obj": 444, "x": [5, 19, 8, 10, 2, 11, 1, 13, 9, 18, 3, 15, 6, 7, 14, 16, 0, 17, 4, 12]}}}