{"id": "ad189040f89050d6fc6f5b7ae168d849", "params": {"p": [2, 2, 2, 2, 2, 2, 2, 2, 2, 2], "w": [1, 26, 27, 3, 20, 15, 14, 25, 30, 1], "d1": [15, 19, 8, 5, 20, 20, 13, 15, 15, 14], "d2": [15, 20, 9, 12, 20, 20, 20, 17, 19, 17], "s1": [12, 5, 7, 4, 18, 8, 11, 7, 13, 10], "s2": [15, 9, 7, 5, 19, 13, 11, 15, 15, 11], "r": [7, 5, 3, 1, 6, 8, 4, 2, 10, 9]}, "results": {"wsrpt": {"exec_time": 0.0, "obj": 1713, "s": [4, 8, 8, 3, 3, 2, 2, 5, 5, 9, 9, 6, 6, 7, 7, 4, 1, 1, 10, 10], "ts": 1747941032}, "lp": {"solver": "highs", "exec_time": 0.5209977626800537, "ts": 1747941033, "obj": 299.0, "x": [[[0, 0, 6], 1.0], [[0, 1, 11], 1.0], [[1, 0, 4], 1.0], [[1, 1, 18], 1.0], [[2, 0, 5], 1.0], [[2, 1, 8], 1.0], [[3, 0, 0], 1.0], [[3, 1, 1], 1.0], [[4, 0, 17], 1.0], [[4, 1, 19], 1.0], [[5, 0, 7], 1.0], [[5, 1, 16], 1.0], [[6, 0, 3], 1.0], [[6, 1, 12], 1.0], [[7, 0, 2], 1.0], [[7, 1, 14], 1.0], [[8, 0, 13], 1.0], [[8, 1, 15], 1.0], [[9, 0, 9], 1.0], [[9, 1, 10], 1.0]]}, "a1": {"exec_time": 0.0, "obj": 299, "s": [4, 4, 8, 7, 2, 3, 1, 6, 3, 10, 10, 1, 7, 9, 8, 9, 6, 5, 2, 5]}, "a2": {"exec_time": 0.0, "obj": 299, "s": [4, 4, 8, 7, 2, 3, 1, 6, 3, 10, 10, 1, 7, 9, 8, 9, 6, 5, 2, 5], "ts": 1747941033}, "osp_blp": {"solver": "highs", "exec_time": 0.531996488571167, "ts": 1747941033, "obj": 299, "x": [6, 11, 4, 18, 5, 8, 0, 1, 17, 19, 7, 16, 3, 13, 2, 15, 12, 14, 9, 10]}}}