{"id": "adceabeae3bdcaf371051ab5a3fd3cce", "params": {"p": [2, 2, 2, 2, 2, 2, 2, 2, 2, 2], "w": [16, 12, 19, 8, 17, 25, 2, 3, 18, 4], "d1": [17, 16, 19, 11, 18, 16, 18, 7, 11, 14], "d2": [20, 16, 20, 12, 19, 19, 20, 11, 11, 18], "s1": [17, 13, 8, 8, 17, 15, 17, 4, 11, 8], "s2": [17, 15, 8, 8, 17, 16, 17, 5, 11, 9], "r": [7, 5, 6, 3, 10, 8, 9, 1, 2, 4]}, "results": {"wsrpt": {"exec_time": 0.0, "obj": 1456, "s": [8, 9, 9, 4, 4, 3, 3, 6, 6, 5, 5, 1, 1, 2, 2, 8, 10, 10, 7, 7], "ts": 1747941033}, "lp": {"solver": "highs", "exec_time": 0.5079994201660156, "ts": 1747941033, "obj": 356.0, "x": [[[0, 0, 13], 1.0], [[0, 1, 18], 1.0], [[1, 0, 11], 1.0], [[1, 1, 12], 1.0], [[2, 0, 7], 1.0], [[2, 1, 19], 1.0], [[3, 0, 2], 1.0], [[3, 1, 5], 1.0], [[4, 0, 16], 1.0], [[4, 1, 17], 1.0], [[5, 0, 14], 1.0], [[5, 1, 15], 1.0], [[6, 0, 8], 1.0], [[6, 1, 9], 1.0], [[7, 0, 0], 1.0], [[7, 1, 1], 1.0], [[8, 0, 6], 1.0], [[8, 1, 10], 1.0], [[9, 0, 3], 1.0], [[9, 1, 4], 1.0]]}, "a1": {"exec_time": 0.0, "obj": 356, "s": [8, 8, 4, 10, 10, 4, 9, 3, 7, 7, 9, 2, 2, 1, 6, 6, 5, 5, 1, 3]}, "a2": {"exec_time": 0.0, "obj": 356, "s": [8, 8, 4, 10, 10, 4, 9, 3, 7, 7, 9, 2, 2, 1, 6, 6, 5, 5, 1, 3], "ts": 1747941033}, "osp_blp": {"solver": "highs", "exec_time": 0.5850000381469727, "ts": 1747941033, "obj": 356, "x": [13, 17, 11, 12, 7, 19, 2, 5, 16, 18, 14, 15, 8, 9, 0, 1, 6, 10, 3, 4]}}}