{"id": "adde2617d22d8d86b3bfe52b5933db85", "params": {"p": [2, 2, 2, 2, 2, 2, 2, 2, 2, 2], "w": [25, 29, 20, 12, 26, 6, 13, 5, 16, 1], "d1": [6, 10, 13, 12, 6, 6, 20, 15, 13, 9], "d2": [9, 20, 17, 17, 12, 13, 20, 16, 14, 14], "s1": [5, 10, 10, 9, 4, 5, 20, 14, 10, 7], "s2": [5, 10, 12, 11, 5, 6, 20, 15, 11, 7], "r": [1, 2, 10, 9, 3, 4, 5, 7, 8, 6]}, "results": {"wsrpt": {"exec_time": 0.0, "obj": 1120, "s": [1, 1, 2, 2, 5, 5, 7, 7, 9, 9, 3, 3, 4, 4, 6, 6, 8, 8, 10, 10], "ts": 1747941033}, "lp": {"solver": "highs", "exec_time": 0.47499871253967285, "ts": 1747941034, "obj": 252.0, "x": [[[0, 0, 0], 1.0], [[0, 1, 1], 1.0], [[1, 0, 9], 1.0], [[1, 1, 17], 1.0], [[2, 0, 11], 1.0], [[2, 1, 16], 1.0], [[3, 0, 8], 1.0], [[3, 1, 13], 1.0], [[4, 0, 2], 1.0], [[4, 1, 5], 1.0], [[5, 0, 3], 1.0], [[5, 1, 4], 1.0], [[6, 0, 18], 1.0], [[6, 1, 19], 1.0], [[7, 0, 14], 1.0], [[7, 1, 15], 1.0], [[8, 0, 10], 1.0], [[8, 1, 12], 1.0], [[9, 0, 6], 1.0], [[9, 1, 7], 1.0]]}, "a1": {"exec_time": 0.0, "obj": 252, "s": [1, 1, 5, 6, 6, 5, 10, 10, 4, 2, 9, 3, 9, 4, 8, 8, 3, 2, 7, 7]}, "a2": {"exec_time": 0.0, "obj": 252, "s": [1, 1, 5, 6, 6, 5, 10, 10, 4, 2, 9, 3, 9, 4, 8, 8, 3, 2, 7, 7], "ts": 1747941034}, "osp_blp": {"solver": "highs", "exec_time": 0.5259990692138672, "ts": 1747941034, "obj": 252, "x": [0, 1, 9, 17, 11, 16, 8, 13, 2, 5, 3, 4, 18, 19, 14, 15, 10, 12, 6, 7]}}}