{"id": "ae6d7d005dc34011c18d1c2873d2829f", "params": {"p": [2, 2, 2, 2, 2, 2, 2, 2, 2, 2], "w": [22, 24, 1, 6, 6, 20, 28, 30, 30, 25], "d1": [4, 12, 14, 11, 6, 12, 15, 12, 12, 14], "d2": [10, 17, 14, 15, 20, 17, 20, 19, 17, 14], "s1": [2, 11, 8, 9, 6, 5, 15, 12, 2, 14], "s2": [4, 11, 14, 9, 6, 10, 15, 12, 2, 14], "r": [2, 7, 8, 9, 4, 5, 3, 6, 1, 10]}, "results": {"wsrpt": {"exec_time": 0.0, "obj": 1666, "s": [9, 9, 7, 7, 1, 1, 8, 8, 2, 2, 10, 10, 6, 6, 4, 4, 5, 5, 3, 3], "ts": 1747941034}, "lp": {"solver": "highs", "exec_time": 0.45400500297546387, "ts": 1747941034, "obj": 199.0, "x": [[[0, 0, 1], 1.0], [[0, 1, 2], 1.0], [[1, 0, 10], 1.0], [[1, 1, 16], 1.0], [[2, 0, 7], 1.0], [[2, 1, 17], 1.0], [[3, 0, 8], 1.0], [[3, 1, 9], 1.0], [[4, 0, 3], 1.0], [[4, 1, 5], 1.0], [[5, 0, 4], 1.0], [[5, 1, 6], 1.0], [[6, 0, 14], 1.0], [[6, 1, 19], 1.0], [[7, 0, 11], 1.0], [[7, 1, 18], 1.0], [[8, 0, 0], 1.0], [[8, 1, 15], 1.0], [[9, 0, 12], 0.5000004999999997], [[9, 0, 13], 0.4999995000000003], [[9, 1, 12], 0.4999995000000002], [[9, 1, 13], 0.5000004999999998]]}, "a1": {"exec_time": 0.0, "obj": 199, "s": [9, 1, 1, 5, 6, 5, 6, 3, 4, 4, 2, 8, 10, 10, 7, 9, 2, 3, 8, 7]}, "a2": {"exec_time": 0.0, "obj": 199, "s": [9, 1, 1, 5, 6, 5, 6, 3, 4, 4, 2, 8, 10, 10, 7, 9, 2, 3, 8, 7], "ts": 1747941034}, "osp_blp": {"solver": "highs", "exec_time": 0.4830002784729004, "ts": 1747941034, "obj": 199, "x": [1, 2, 10, 15, 7, 17, 8, 9, 3, 5, 4, 6, 14, 19, 11, 18, 0, 16, 12, 13]}}}