{"id": "ae83952126a84cf53fb7a0b14bbf75d1", "params": {"p": [2, 2, 2, 2, 2, 2, 2, 2, 2, 2], "w": [25, 16, 17, 7, 14, 10, 25, 17, 10, 22], "d1": [20, 10, 18, 15, 19, 12, 7, 9, 13, 9], "d2": [20, 15, 20, 20, 19, 12, 15, 13, 16, 19], "s1": [14, 10, 15, 13, 8, 9, 7, 5, 13, 7], "s2": [15, 10, 16, 15, 16, 11, 7, 7, 13, 9], "r": [9, 7, 4, 5, 8, 1, 2, 3, 10, 6]}, "results": {"wsrpt": {"exec_time": 0.0, "obj": 1402, "s": [6, 7, 7, 6, 3, 3, 10, 10, 1, 1, 8, 8, 2, 2, 5, 5, 9, 9, 4, 4], "ts": 1747941034}, "lp": {"solver": "highs", "exec_time": 0.4529910087585449, "ts": 1747941035, "obj": 367.0, "x": [[[0, 0, 14], 1.0], [[0, 1, 19], 1.0], [[1, 0, 9], 1.0], [[1, 1, 11], 1.0], [[2, 0, 15], 1.0], [[2, 1, 17], 1.0], [[3, 0, 4], 1.0], [[3, 1, 16], 1.0], [[4, 0, 7], 1.0], [[4, 1, 18], 1.0], [[5, 0, 0], 1.0], [[5, 1, 1], 1.0], [[6, 0, 3], 1.0], [[6, 1, 6], 1.0], [[7, 0, 2], 1.0], [[7, 1, 10], 1.0], [[8, 0, 12], 1.0], [[8, 1, 13], 1.0], [[9, 0, 5], 1.0], [[9, 1, 8], 1.0]]}, "a1": {"exec_time": 0.0, "obj": 367, "s": [6, 6, 8, 7, 4, 10, 7, 5, 10, 2, 8, 2, 9, 9, 1, 3, 4, 3, 5, 1]}, "a2": {"exec_time": 0.0, "obj": 367, "s": [6, 6, 8, 7, 4, 10, 7, 5, 10, 2, 8, 2, 9, 9, 1, 3, 4, 3, 5, 1], "ts": 1747941035}, "osp_blp": {"solver": "highs", "exec_time": 0.5109946727752686, "ts": 1747941035, "obj": 367, "x": [13, 19, 9, 11, 15, 17, 4, 16, 7, 18, 0, 1, 3, 6, 2, 8, 12, 14, 5, 10]}}}