{"id": "aec82e64899fab9e48a941e649047dc6", "params": {"p": [2, 2, 2, 2, 2, 2, 2, 2, 2, 2], "w": [10, 27, 9, 5, 8, 9, 12, 1, 6, 10], "d1": [14, 10, 16, 15, 10, 19, 17, 9, 19, 11], "d2": [16, 14, 19, 20, 10, 19, 20, 20, 19, 19], "s1": [11, 8, 13, 11, 6, 18, 17, 9, 7, 10], "s2": [13, 9, 16, 14, 8, 19, 17, 9, 11, 10], "r": [1, 7, 10, 8, 2, 9, 3, 6, 4, 5]}, "results": {"wsrpt": {"exec_time": 0.0, "obj": 1080, "s": [1, 1, 7, 7, 10, 10, 2, 2, 6, 6, 3, 3, 5, 5, 9, 9, 4, 4, 8, 8], "ts": 1747941035}, "lp": {"solver": "highs", "exec_time": 0.42899370193481445, "ts": 1747941035, "obj": 305.0, "x": [[[0, 0, 0], 1.0], [[0, 1, 13], 1.0], [[1, 0, 7], 1.0], [[1, 1, 11], 1.0], [[2, 0, 12], 1.0], [[2, 1, 15], 1.0], [[3, 0, 8], 1.0], [[3, 1, 14], 1.0], [[4, 0, 1], 1.0], [[4, 1, 2], 1.0], [[5, 0, 17], 1.0], [[5, 1, 18], 1.0], [[6, 0, 16], 1.0], [[6, 1, 19], 1.0], [[7, 0, 5], 1.0], [[7, 1, 6], 1.0], [[8, 0, 3], 1.0], [[8, 1, 4], 1.0], [[9, 0, 9], 1.0], [[9, 1, 10], 1.0]]}, "a1": {"exec_time": 0.0, "obj": 305, "s": [1, 5, 5, 9, 9, 8, 8, 2, 4, 10, 10, 2, 3, 1, 4, 3, 7, 6, 6, 7]}, "a2": {"exec_time": 0.0, "obj": 305, "s": [1, 5, 5, 9, 9, 8, 8, 2, 4, 10, 10, 2, 3, 1, 4, 3, 7, 6, 6, 7], "ts": 1747941035}, "osp_blp": {"solver": "highs", "exec_time": 0.48702120780944824, "ts": 1747941035, "obj": 305, "x": [0, 13, 7, 10, 12, 15, 8, 14, 1, 2, 17, 18, 16, 19, 5, 6, 3, 4, 9, 11]}}}