{"id": "af2bcdc099a4ba0538904009228325f1", "params": {"p": [2, 2, 2, 2, 2, 2, 2, 2, 2, 2], "w": [12, 3, 23, 8, 15, 6, 18, 26, 2, 15], "d1": [20, 12, 19, 14, 19, 11, 8, 8, 12, 11], "d2": [20, 17, 20, 19, 20, 16, 10, 17, 14, 12], "s1": [6, 6, 9, 7, 4, 11, 7, 7, 10, 6], "s2": [7, 12, 10, 11, 18, 11, 8, 8, 12, 6], "r": [4, 3, 9, 7, 1, 8, 5, 6, 10, 2]}, "results": {"wsrpt": {"exec_time": 0.0, "obj": 957, "s": [5, 5, 10, 10, 7, 7, 8, 8, 3, 3, 1, 1, 4, 4, 6, 6, 2, 2, 9, 9], "ts": 1747941036}, "lp": {"solver": "highs", "exec_time": 0.4450037479400635, "ts": 1747941036, "obj": 185.0, "x": [[[0, 0, 4], 1.0], [[0, 1, 19], 1.0], [[1, 0, 2], 1.0], [[1, 1, 3], 1.0], [[2, 0, 9], 1.0], [[2, 1, 18], 1.0], [[3, 0, 6], 1.0], [[3, 1, 15], 1.0], [[4, 0, 0], 1.0], [[4, 1, 17], 1.0], [[5, 0, 10], 1.0], [[5, 1, 14], 1.0], [[6, 0, 5], 1.0], [[6, 1, 8], 1.0], [[7, 0, 7], 1.0], [[7, 1, 16], 1.0], [[8, 0, 12], 1.0], [[8, 1, 13], 1.0], [[9, 0, 1], 1.0], [[9, 1, 11], 1.0]]}, "a1": {"exec_time": 0.0, "obj": 185, "s": [5, 10, 2, 2, 1, 7, 4, 8, 7, 3, 6, 10, 9, 9, 6, 4, 8, 5, 3, 1]}, "a2": {"exec_time": 0.0, "obj": 185, "s": [5, 10, 2, 2, 1, 7, 4, 8, 7, 3, 6, 10, 9, 9, 6, 4, 8, 5, 3, 1], "ts": 1747941036}, "osp_blp": {"solver": "highs", "exec_time": 0.4880030155181885, "ts": 1747941036, "obj": 185, "x": [4, 19, 2, 3, 9, 18, 6, 16, 0, 17, 10, 15, 5, 8, 7, 14, 12, 13, 1, 11]}}}