{"id": "af40e1c7a4faaeb73a4b87bad9c93158", "params": {"p": [2, 2, 2, 2, 2, 2, 2, 2, 2, 2], "w": [5, 28, 17, 17, 20, 30, 29, 12, 14, 28], "d1": [17, 10, 14, 17, 20, 20, 20, 20, 19, 20], "d2": [18, 16, 14, 20, 20, 20, 20, 20, 19, 20], "s1": [10, 8, 4, 5, 19, 10, 5, 18, 14, 10], "s2": [13, 9, 5, 13, 20, 18, 16, 20, 17, 11], "r": [9, 6, 3, 1, 10, 7, 4, 5, 8, 2]}, "results": {"wsrpt": {"exec_time": 0.0, "obj": 2397, "s": [4, 4, 10, 10, 7, 7, 6, 6, 2, 2, 5, 5, 3, 3, 9, 9, 8, 8, 1, 1], "ts": 1747941036}, "lp": {"solver": "highs", "exec_time": 0.43399691581726074, "ts": 1747941037, "obj": 1082.0, "x": [[[0, 0, 8], 1.0], [[0, 1, 11], 1.0], [[1, 0, 6], 1.0], [[1, 1, 7], 1.0], [[2, 0, 2], 1.0], [[2, 1, 13], 1.0], [[3, 0, 0], 1.0], [[3, 1, 1], 1.0], [[4, 0, 15], 0.5000004999999994], [[4, 0, 16], 0.4999995000000007], [[4, 1, 15], 0.4999995000000006], [[4, 1, 16], 0.5000004999999994], [[5, 0, 9], 1.0], [[5, 1, 19], 1.0], [[6, 0, 3], 1.0], [[6, 1, 18], 1.0], [[7, 0, 4], 1.0], [[7, 1, 5], 1.0], [[8, 0, 12], 1.0], [[8, 1, 14], 1.0], [[9, 0, 10], 1.0], [[9, 1, 17], 1.0]]}, "a1": {"exec_time": 0.0, "obj": 1082, "s": [4, 4, 3, 7, 8, 8, 2, 2, 1, 6, 10, 1, 9, 3, 9, 5, 5, 10, 7, 6]}, "a2": {"exec_time": 0.0, "obj": 1082, "s": [4, 4, 3, 7, 8, 8, 2, 2, 1, 6, 10, 1, 9, 3, 9, 5, 5, 10, 7, 6], "ts": 1747941037}, "osp_blp": {"solver": "highs", "exec_time": 0.4539964199066162, "ts": 1747941037, "obj": 1082, "x": [8, 11, 6, 7, 2, 13, 0, 1, 15, 16, 10, 19, 3, 18, 4, 5, 12, 14, 9, 17]}}}