{"id": "affd3ec792ec2def304be4f86a99f3d2", "params": {"p": [2, 2, 2, 2, 2, 2, 2, 2, 2, 2], "w": [12, 1, 22, 2, 25, 1, 6, 25, 25, 13], "d1": [6, 18, 15, 11, 18, 20, 10, 11, 15, 17], "d2": [9, 19, 17, 14, 19, 20, 20, 19, 15, 19], "s1": [3, 14, 11, 11, 6, 19, 6, 9, 13, 15], "s2": [6, 17, 14, 11, 8, 19, 7, 11, 14, 17], "r": [3, 1, 10, 7, 5, 8, 2, 6, 9, 4]}, "results": {"wsrpt": {"exec_time": 0.0, "obj": 889, "s": [2, 7, 1, 1, 5, 5, 8, 8, 9, 9, 3, 3, 10, 10, 7, 2, 4, 4, 6, 6], "ts": 1747941037}, "lp": {"solver": "highs", "exec_time": 0.3990004062652588, "ts": 1747941037, "obj": 72.0, "x": [[[0, 0, 2], 1.0], [[0, 1, 4], 1.0], [[1, 0, 0], 1.0], [[1, 1, 1], 1.0], [[2, 0, 12], 1.0], [[2, 1, 15], 1.0], [[3, 0, 6], 1.0], [[3, 1, 10], 1.0], [[4, 0, 5], 1.0], [[4, 1, 17], 1.0], [[5, 0, 7], 1.0], [[5, 1, 19], 1.0], [[6, 0, 3], 1.0], [[6, 1, 9], 1.0], [[7, 0, 8], 1.0], [[7, 1, 11], 1.0], [[8, 0, 13], 1.0], [[8, 1, 14], 1.0], [[9, 0, 16], 1.0], [[9, 1, 18], 1.0]]}, "a1": {"exec_time": 0.0, "obj": 72, "s": [2, 2, 1, 7, 1, 5, 4, 6, 8, 7, 4, 8, 3, 9, 9, 3, 10, 5, 10, 6]}, "a2": {"exec_time": 0.0, "obj": 72, "s": [2, 2, 1, 7, 1, 5, 4, 6, 8, 7, 4, 8, 3, 9, 9, 3, 10, 5, 10, 6], "ts": 1747941037}, "osp_blp": {"solver": "highs", "exec_time": 0.4969966411590576, "ts": 1747941037, "obj": 72, "x": [2, 4, 0, 1, 11, 16, 6, 7, 5, 17, 13, 19, 3, 9, 8, 10, 12, 14, 15, 18]}}}