{"id": "b080c043025c4b33ce8d35f9babdba1b", "params": {"p": [2, 2, 2, 2, 2, 2, 2, 2, 2, 2], "w": [7, 24, 15, 1, 9, 16, 24, 25, 7, 15], "d1": [3, 19, 18, 18, 19, 14, 4, 16, 6, 13], "d2": [6, 20, 19, 18, 20, 20, 5, 16, 16, 17], "s1": [3, 18, 9, 10, 11, 14, 3, 3, 4, 13], "s2": [3, 19, 11, 18, 15, 14, 4, 3, 6, 13], "r": [1, 10, 8, 5, 7, 6, 2, 3, 4, 9]}, "results": {"wsrpt": {"exec_time": 0.0, "obj": 1328, "s": [1, 7, 7, 8, 8, 6, 6, 3, 3, 2, 2, 10, 10, 1, 5, 5, 9, 9, 4, 4], "ts": 1747941037}, "lp": {"solver": "highs", "exec_time": 0.4350001811981201, "ts": 1747941038, "obj": 61.0, "x": [[[0, 0, 0], 1.0], [[0, 1, 1], 1.0], [[1, 0, 17], 1.0], [[1, 1, 19], 1.0], [[2, 0, 8], 1.0], [[2, 1, 16], 1.0], [[3, 0, 7], 1.0], [[3, 1, 9], 1.0], [[4, 0, 10], 1.0], [[4, 1, 18], 1.0], [[5, 0, 13], 1.0], [[5, 1, 14], 1.0], [[6, 0, 3], 1.0], [[6, 1, 4], 1.0], [[7, 0, 2], 1.0], [[7, 1, 15], 1.0], [[8, 0, 5], 1.0], [[8, 1, 6], 1.0], [[9, 0, 11], 1.0], [[9, 1, 12], 1.0]]}, "a1": {"exec_time": 0.0, "obj": 61, "s": [1, 1, 8, 7, 7, 9, 9, 4, 3, 4, 5, 10, 10, 6, 6, 8, 3, 2, 5, 2]}, "a2": {"exec_time": 0.0, "obj": 61, "s": [1, 1, 8, 7, 7, 9, 9, 4, 3, 4, 5, 10, 10, 6, 6, 8, 3, 2, 5, 2], "ts": 1747941038}, "osp_blp": {"solver": "highs", "exec_time": 0.5130014419555664, "ts": 1747941038, "obj": 61, "x": [0, 1, 17, 18, 8, 16, 7, 9, 10, 19, 13, 14, 3, 4, 2, 15, 5, 6, 11, 12]}}}