{"id": "b293cee92785552166fe9dd0005b1dd0", "params": {"p": [2, 2, 2, 2, 2, 2, 2, 2, 2, 2], "w": [25, 5, 11, 8, 25, 28, 6, 16, 15, 15], "d1": [20, 17, 18, 17, 7, 12, 12, 16, 16, 16], "d2": [20, 18, 18, 19, 14, 12, 17, 18, 19, 19], "s1": [10, 9, 11, 9, 5, 11, 7, 12, 13, 15], "s2": [16, 14, 11, 15, 7, 11, 7, 14, 14, 16], "r": [5, 4, 6, 9, 2, 3, 1, 10, 7, 8]}, "results": {"wsrpt": {"exec_time": 0.0, "obj": 1527, "s": [7, 5, 5, 6, 6, 1, 1, 9, 9, 8, 8, 10, 10, 7, 3, 3, 4, 4, 2, 2], "ts": 1747941038}, "lp": {"solver": "highs", "exec_time": 0.3959963321685791, "ts": 1747941038, "obj": 385.0, "x": [[[0, 0, 9], 1.0], [[0, 1, 19], 1.0], [[1, 0, 3], 1.0], [[1, 1, 4], 1.0], [[2, 0, 5], 1.0], [[2, 1, 17], 1.0], [[3, 0, 8], 1.0], [[3, 1, 13], 1.0], [[4, 0, 2], 1.0], [[4, 1, 6], 1.0], [[5, 0, 10], 1.0], [[5, 1, 11], 1.0], [[6, 0, 0], 1.0], [[6, 1, 1], 1.0], [[7, 0, 12], 1.0], [[7, 1, 16], 1.0], [[8, 0, 7], 1.0], [[8, 1, 15], 1.0], [[9, 0, 14], 1.0], [[9, 1, 18], 1.0]]}, "a1": {"exec_time": 0.0, "obj": 385, "s": [7, 7, 5, 2, 2, 3, 5, 9, 4, 1, 6, 6, 8, 4, 10, 9, 8, 3, 10, 1]}, "a2": {"exec_time": 0.0, "obj": 385, "s": [7, 7, 5, 2, 2, 3, 5, 9, 4, 1, 6, 6, 8, 4, 10, 9, 8, 3, 10, 1], "ts": 1747941038}, "osp_blp": {"solver": "highs", "exec_time": 0.48001670837402344, "ts": 1747941038, "obj": 385, "x": [9, 19, 3, 4, 5, 17, 8, 13, 2, 6, 10, 11, 0, 1, 12, 16, 7, 18, 14, 15]}}}