{"id": "b4405ac1c3b33477ff6680ca108b4c1c", "params": {"p": [2, 2, 2, 2, 2, 2, 2, 2, 2, 2], "w": [7, 10, 23, 12, 10, 5, 18, 6, 10, 29], "d1": [13, 12, 16, 15, 11, 13, 9, 16, 16, 9], "d2": [17, 12, 20, 16, 11, 17, 11, 20, 16, 11], "s1": [11, 7, 11, 12, 10, 9, 5, 4, 12, 8], "s2": [11, 12, 15, 14, 11, 10, 9, 15, 12, 8], "r": [10, 2, 7, 6, 9, 8, 5, 1, 3, 4]}, "results": {"wsrpt": {"exec_time": 0.0, "obj": 947, "s": [8, 8, 2, 10, 10, 2, 3, 3, 7, 7, 4, 4, 5, 5, 9, 9, 1, 1, 6, 6], "ts": 1747941039}, "lp": {"solver": "highs", "exec_time": 0.39600491523742676, "ts": 1747941039, "obj": 338.0, "x": [[[0, 0, 11], 1.0], [[0, 1, 16], 1.0], [[1, 0, 1], 1.0], [[1, 1, 2], 1.0], [[2, 0, 13], 1.0], [[2, 1, 18], 1.0], [[3, 0, 12], 1.0], [[3, 1, 14], 1.0], [[4, 0, 9], 1.0], [[4, 1, 10], 1.0], [[5, 0, 7], 1.0], [[5, 1, 17], 1.0], [[6, 0, 4], 1.0], [[6, 1, 5], 1.0], [[7, 0, 0], 1.0], [[7, 1, 19], 1.0], [[8, 0, 3], 1.0], [[8, 1, 15], 1.0], [[9, 0, 6], 1.0], [[9, 1, 8], 1.0]]}, "a1": {"exec_time": 0.0, "obj": 338, "s": [8, 2, 2, 9, 7, 7, 10, 6, 10, 5, 5, 1, 4, 3, 4, 9, 1, 6, 3, 8]}, "a2": {"exec_time": 0.0, "obj": 338, "s": [8, 2, 2, 9, 7, 7, 10, 6, 10, 5, 5, 1, 4, 3, 4, 9, 1, 6, 3, 8], "ts": 1747941039}, "osp_blp": {"solver": "highs", "exec_time": 0.573002815246582, "ts": 1747941039, "obj": 338, "x": [11, 16, 1, 2, 13, 18, 12, 14, 9, 10, 7, 17, 4, 5, 0, 19, 3, 15, 6, 8]}}}