{"id": "b64156a0de6370f4f9cd47eff2f29fa7", "params": {"p": [2, 2, 2, 2, 2, 2, 2, 2, 2, 2], "w": [28, 17, 23, 27, 16, 24, 23, 14, 27, 12], "d1": [12, 17, 4, 7, 13, 18, 12, 18, 13, 14], "d2": [20, 20, 5, 11, 16, 20, 16, 18, 18, 14], "s1": [12, 13, 3, 7, 8, 7, 10, 13, 11, 13], "s2": [12, 13, 3, 7, 9, 16, 11, 13, 13, 14], "r": [3, 5, 2, 4, 7, 1, 9, 6, 8, 10]}, "results": {"wsrpt": {"exec_time": 0.0, "obj": 1716, "s": [6, 6, 1, 1, 4, 4, 3, 3, 9, 9, 7, 7, 2, 2, 5, 5, 8, 8, 10, 10], "ts": 1747941039}, "lp": {"solver": "highs", "exec_time": 0.4759981632232666, "ts": 1747941040, "obj": 564.0, "x": [[[0, 0, 11], 1.0], [[0, 1, 18], 1.0], [[1, 0, 4], 1.0], [[1, 1, 16], 1.0], [[2, 0, 1], 1.0], [[2, 1, 2], 1.0], [[3, 0, 3], 1.0], [[3, 1, 6], 1.0], [[4, 0, 7], 1.0], [[4, 1, 14], 1.0], [[5, 0, 0], 1.0], [[5, 1, 19], 1.0], [[6, 0, 8], 1.0], [[6, 1, 12], 1.0], [[7, 0, 5], 1.0], [[7, 1, 17], 1.0], [[8, 0, 10], 1.0], [[8, 1, 15], 1.0], [[9, 0, 9], 1.0], [[9, 1, 13], 1.0]]}, "a1": {"exec_time": 0.0, "obj": 564, "s": [6, 3, 3, 4, 2, 8, 4, 5, 7, 10, 9, 1, 7, 10, 5, 9, 2, 8, 1, 6]}, "a2": {"exec_time": 0.0, "obj": 564, "s": [6, 3, 3, 4, 2, 8, 4, 5, 7, 10, 9, 1, 7, 10, 5, 9, 2, 8, 1, 6], "ts": 1747941040}, "osp_blp": {"solver": "highs", "exec_time": 0.5389974117279053, "ts": 1747941040, "obj": 564, "x": [11, 16, 4, 19, 1, 2, 3, 6, 7, 12, 0, 18, 8, 15, 5, 17, 10, 14, 9, 13]}}}