{"id": "b67326ae0b70aa98b6e188aa92531602", "params": {"p": [2, 2, 2, 2, 2, 2, 2, 2, 2, 2], "w": [8, 18, 13, 28, 23, 16, 27, 11, 4, 3], "d1": [12, 12, 16, 11, 11, 9, 20, 10, 17, 19], "d2": [16, 14, 18, 15, 18, 16, 20, 11, 18, 20], "s1": [12, 7, 3, 10, 10, 9, 16, 7, 13, 8], "s2": [12, 8, 5, 11, 11, 9, 17, 10, 14, 15], "r": [7, 2, 1, 5, 9, 6, 10, 4, 3, 8]}, "results": {"wsrpt": {"exec_time": 0.0, "obj": 1263, "s": [3, 3, 2, 2, 4, 4, 6, 6, 5, 5, 7, 7, 8, 8, 1, 1, 9, 9, 10, 10], "ts": 1747941040}, "lp": {"solver": "highs", "exec_time": 0.42099475860595703, "ts": 1747941040, "obj": 306.0, "x": [[[0, 0, 11], 1.0], [[0, 1, 15], 1.0], [[1, 0, 1], 1.0], [[1, 1, 12], 1.0], [[2, 0, 0], 1.0], [[2, 1, 17], 1.0], [[3, 0, 9], 1.0], [[3, 1, 13], 1.0], [[4, 0, 10], 1.0], [[4, 1, 14], 1.0], [[5, 0, 6], 1.0], [[5, 1, 8], 1.0], [[6, 0, 16], 1.0], [[6, 1, 19], 1.0], [[7, 0, 4], 1.0], [[7, 1, 5], 1.0], [[8, 0, 2], 1.0], [[8, 1, 3], 1.0], [[9, 0, 7], 1.0], [[9, 1, 18], 1.0]]}, "a1": {"exec_time": 0.0, "obj": 306, "s": [3, 2, 9, 9, 8, 8, 6, 10, 6, 4, 5, 1, 2, 4, 5, 1, 7, 3, 10, 7]}, "a2": {"exec_time": 0.0, "obj": 306, "s": [3, 2, 9, 9, 8, 8, 6, 10, 6, 4, 5, 1, 2, 4, 5, 1, 7, 3, 10, 7], "ts": 1747941040}, "osp_blp": {"solver": "highs", "exec_time": 0.5529804229736328, "ts": 1747941040, "obj": 306, "x": [11, 14, 1, 12, 0, 15, 9, 13, 10, 17, 6, 8, 16, 19, 4, 5, 2, 3, 7, 18]}}}