{"id": "b7c8a245d4f3920cb86a86722a519e50", "params": {"p": [2, 2, 2, 2, 2, 2, 2, 2, 2, 2], "w": [19, 24, 19, 17, 12, 23, 26, 3, 19, 6], "d1": [9, 10, 12, 14, 8, 7, 11, 11, 18, 17], "d2": [15, 11, 12, 17, 8, 16, 17, 12, 18, 19], "s1": [8, 9, 10, 12, 5, 3, 7, 11, 13, 11], "s2": [8, 10, 11, 12, 7, 3, 9, 11, 14, 12], "r": [2, 8, 9, 10, 5, 3, 4, 1, 7, 6]}, "results": {"wsrpt": {"exec_time": 0.0, "obj": 1058, "s": [8, 1, 1, 7, 7, 6, 6, 2, 2, 3, 3, 9, 9, 4, 4, 5, 5, 8, 10, 10], "ts": 1747941041}, "lp": {"solver": "highs", "exec_time": 0.39100146293640137, "ts": 1747941042, "obj": 215.0, "x": [[[0, 0, 7], 1.0], [[0, 1, 14], 1.0], [[1, 0, 8], 1.0], [[1, 1, 10], 1.0], [[2, 0, 9], 1.0], [[2, 1, 11], 1.0], [[3, 0, 12], 1.0], [[3, 1, 15], 1.0], [[4, 0, 4], 1.0], [[4, 1, 5], 1.0], [[5, 0, 2], 1.0], [[5, 1, 3], 1.0], [[6, 0, 6], 1.0], [[6, 1, 16], 1.0], [[7, 0, 0], 1.0], [[7, 1, 1], 1.0], [[8, 0, 13], 1.0], [[8, 1, 17], 1.0], [[9, 0, 18], 1.0], [[9, 1, 19], 1.0]]}, "a1": {"exec_time": 0.0, "obj": 215, "s": [8, 8, 6, 6, 5, 5, 7, 1, 2, 3, 2, 3, 4, 9, 1, 4, 7, 9, 10, 10]}, "a2": {"exec_time": 0.0, "obj": 215, "s": [8, 8, 6, 6, 5, 5, 7, 1, 2, 3, 2, 3, 4, 9, 1, 4, 7, 9, 10, 10], "ts": 1747941042}, "osp_blp": {"solver": "highs", "exec_time": 0.6010026931762695, "ts": 1747941042, "obj": 215, "x": [7, 14, 8, 10, 9, 11, 12, 16, 4, 5, 2, 3, 6, 15, 0, 1, 13, 17, 18, 19]}}}