{"id": "b7e4e2cb3b0ec9ad05bd22f833a2196c", "params": {"p": [2, 2, 2, 2, 2, 2, 2, 2, 2, 2], "w": [22, 23, 20, 28, 22, 27, 19, 15, 19, 10], "d1": [6, 6, 20, 8, 18, 13, 12, 11, 19, 13], "d2": [12, 20, 20, 17, 18, 18, 17, 16, 19, 18], "s1": [6, 1, 13, 6, 12, 9, 10, 9, 11, 11], "s2": [6, 4, 16, 8, 17, 11, 10, 11, 16, 13], "r": [2, 1, 3, 5, 6, 9, 4, 7, 8, 10]}, "results": {"wsrpt": {"exec_time": 0.0, "obj": 1211, "s": [2, 2, 1, 1, 4, 4, 5, 5, 6, 6, 3, 3, 7, 7, 9, 9, 8, 8, 10, 10], "ts": 1747941042}, "lp": {"solver": "highs", "exec_time": 0.39800095558166504, "ts": 1747941042, "obj": 331.0, "x": [[[0, 0, 1], 1.0], [[0, 1, 2], 1.0], [[1, 0, 0], 1.0], [[1, 1, 4], 1.0], [[2, 0, 12], 1.0], [[2, 1, 19], 1.0], [[3, 0, 5], 1.0], [[3, 1, 7], 1.0], [[4, 0, 15], 1.0], [[4, 1, 17], 1.0], [[5, 0, 8], 1.0], [[5, 1, 16], 1.0], [[6, 0, 3], 1.0], [[6, 1, 11], 1.0], [[7, 0, 6], 1.0], [[7, 1, 10], 1.0], [[8, 0, 14], 1.0], [[8, 1, 18], 1.0], [[9, 0, 9], 1.0], [[9, 1, 13], 1.0]]}, "a1": {"exec_time": 0.0, "obj": 331, "s": [2, 1, 1, 7, 2, 4, 8, 4, 6, 10, 8, 7, 3, 10, 9, 5, 6, 5, 9, 3]}, "a2": {"exec_time": 0.0, "obj": 331, "s": [2, 1, 1, 7, 2, 4, 8, 4, 6, 10, 8, 7, 3, 10, 9, 5, 6, 5, 9, 3], "ts": 1747941042}, "osp_blp": {"solver": "highs", "exec_time": 0.5139951705932617, "ts": 1747941043, "obj": 331, "x": [1, 2, 0, 4, 15, 19, 5, 7, 16, 17, 8, 14, 3, 11, 6, 12, 10, 18, 9, 13]}}}