{"id": "b7fbf189f5c7d47146bfbcbdefd0b388", "params": {"p": [2, 2, 2, 2, 2, 2, 2, 2, 2, 2], "w": [17, 27, 3, 23, 17, 26, 14, 14, 8, 16], "d1": [17, 17, 20, 12, 8, 13, 11, 10, 19, 12], "d2": [18, 17, 20, 20, 14, 19, 18, 11, 19, 19], "s1": [11, 5, 10, 10, 6, 5, 10, 6, 18, 12], "s2": [16, 15, 17, 12, 7, 6, 10, 7, 18, 12], "r": [8, 4, 5, 10, 1, 3, 7, 6, 2, 9]}, "results": {"wsrpt": {"exec_time": 0.0, "obj": 1227, "s": [5, 5, 6, 6, 2, 2, 7, 7, 1, 1, 4, 4, 10, 10, 8, 8, 9, 9, 3, 3], "ts": 1747941043}, "lp": {"solver": "highs", "exec_time": 0.4070007801055908, "ts": 1747941043, "obj": 360.0, "x": [[[0, 0, 12], 1.0], [[0, 1, 17], 1.0], [[1, 0, 3], 1.0], [[1, 1, 16], 1.0], [[2, 0, 4], 1.0], [[2, 1, 6], 1.0], [[3, 0, 9], 1.0], [[3, 1, 19], 1.0], [[4, 0, 0], 1.0], [[4, 1, 7], 1.0], [[5, 0, 2], 1.0], [[5, 1, 15], 1.0], [[6, 0, 8], 1.0], [[6, 1, 13], 1.0], [[7, 0, 5], 1.0], [[7, 1, 10], 1.0], [[8, 0, 1], 1.0], [[8, 1, 18], 1.0], [[9, 0, 11], 1.0], [[9, 1, 14], 1.0]]}, "a1": {"exec_time": 0.0, "obj": 360, "s": [5, 9, 6, 2, 3, 8, 3, 5, 7, 4, 8, 10, 1, 7, 10, 6, 2, 1, 9, 4]}, "a2": {"exec_time": 0.0, "obj": 360, "s": [5, 9, 6, 2, 3, 8, 3, 5, 7, 4, 8, 10, 1, 7, 10, 6, 2, 1, 9, 4], "ts": 1747941043}, "osp_blp": {"solver": "highs", "exec_time": 0.49499964714050293, "ts": 1747941043, "obj": 360, "x": [13, 17, 3, 16, 4, 6, 10, 19, 0, 7, 2, 12, 9, 14, 5, 8, 1, 18, 11, 15]}}}