{"id": "b96c2b653776686d58f81bdcb29888e3", "params": {"p": [2, 2, 2, 2, 2, 2, 2, 2, 2, 2], "w": [16, 23, 4, 18, 26, 22, 4, 9, 24, 24], "d1": [20, 14, 17, 12, 15, 17, 8, 14, 20, 13], "d2": [20, 16, 20, 13, 18, 19, 16, 14, 20, 14], "s1": [15, 13, 14, 10, 6, 3, 5, 11, 18, 13], "s2": [18, 13, 16, 12, 8, 9, 7, 11, 20, 13], "r": [10, 5, 4, 8, 6, 1, 3, 9, 2, 7]}, "results": {"wsrpt": {"exec_time": 0.0, "obj": 2086, "s": [6, 6, 9, 9, 2, 2, 5, 5, 10, 10, 4, 4, 1, 1, 8, 8, 3, 3, 7, 7], "ts": 1747941044}, "lp": {"solver": "highs", "exec_time": 0.44699525833129883, "ts": 1747941044, "obj": 621.0, "x": [[[0, 0, 16], 1.0], [[0, 1, 18], 1.0], [[1, 0, 11], 1.0], [[1, 1, 15], 1.0], [[2, 0, 3], 1.0], [[2, 1, 4], 1.0], [[3, 0, 7], 1.0], [[3, 1, 10], 1.0], [[4, 0, 5], 1.0], [[4, 1, 14], 1.0], [[5, 0, 0], 1.0], [[5, 1, 1], 1.0], [[6, 0, 2], 1.0], [[6, 1, 6], 1.0], [[7, 0, 8], 1.0], [[7, 1, 9], 1.0], [[8, 0, 17], 1.0], [[8, 1, 19], 1.0], [[9, 0, 12], 1.0], [[9, 1, 13], 1.0]]}, "a1": {"exec_time": 0.0, "obj": 621, "s": [6, 6, 7, 3, 3, 5, 7, 4, 8, 8, 4, 2, 10, 10, 5, 2, 1, 9, 1, 9]}, "a2": {"exec_time": 0.0, "obj": 621, "s": [6, 6, 7, 3, 3, 5, 7, 4, 8, 8, 4, 2, 10, 10, 5, 2, 1, 9, 1, 9], "ts": 1747941044}, "osp_blp": {"solver": "highs", "exec_time": 0.4929921627044678, "ts": 1747941044, "obj": 621, "x": [16, 18, 11, 15, 4, 6, 7, 10, 5, 14, 0, 1, 2, 3, 8, 9, 17, 19, 12, 13]}}}