{"id": "b9a1307104d3c90dc974c58d44fc760a", "params": {"p": [2, 2, 2, 2, 2, 2, 2, 2, 2, 2], "w": [14, 21, 6, 30, 17, 4, 6, 24, 16, 30], "d1": [19, 10, 20, 18, 13, 14, 15, 19, 20, 12], "d2": [20, 16, 20, 18, 13, 17, 20, 20, 20, 20], "s1": [11, 6, 7, 16, 11, 11, 10, 16, 16, 9], "s2": [15, 9, 14, 16, 11, 13, 10, 18, 20, 12], "r": [3, 4, 1, 6, 8, 7, 2, 10, 9, 5]}, "results": {"wsrpt": {"exec_time": 0.0, "obj": 1833, "s": [3, 3, 1, 1, 10, 10, 4, 4, 2, 2, 8, 8, 5, 5, 9, 9, 7, 7, 6, 6], "ts": 1747941044}, "lp": {"solver": "highs", "exec_time": 0.45299744606018066, "ts": 1747941044, "obj": 460.0, "x": [[[0, 0, 4], 1.0], [[0, 1, 16], 1.0], [[1, 0, 5], 1.0], [[1, 1, 9], 1.0], [[2, 0, 0], 1.0], [[2, 1, 1], 1.0], [[3, 0, 15], 1.0], [[3, 1, 17], 1.0], [[4, 0, 10], 1.0], [[4, 1, 12], 1.0], [[5, 0, 6], 1.0], [[5, 1, 7], 1.0], [[6, 0, 2], 1.0], [[6, 1, 3], 1.0], [[7, 0, 14], 1.0], [[7, 1, 18], 1.0], [[8, 0, 13], 1.0], [[8, 1, 19], 1.0], [[9, 0, 8], 1.0], [[9, 1, 11], 1.0]]}, "a1": {"exec_time": 0.0, "obj": 460, "s": [3, 3, 7, 7, 1, 2, 6, 6, 10, 2, 5, 10, 5, 9, 8, 4, 1, 4, 8, 9]}, "a2": {"exec_time": 0.0, "obj": 460, "s": [3, 3, 7, 7, 1, 2, 6, 6, 10, 2, 5, 10, 5, 9, 8, 4, 1, 4, 8, 9], "ts": 1747941044}, "osp_blp": {"solver": "highs", "exec_time": 0.5159993171691895, "ts": 1747941045, "obj": 460, "x": [4, 16, 5, 9, 0, 2, 15, 17, 10, 12, 6, 7, 1, 3, 14, 18, 13, 19, 8, 11]}}}