{"id": "ba51cb3a351f8501301d20ccd46cd7ca", "params": {"p": [2, 2, 2, 2, 2, 2, 2, 2, 2, 2], "w": [12, 3, 16, 21, 17, 13, 26, 28, 1, 15], "d1": [14, 12, 15, 15, 12, 6, 18, 19, 18, 16], "d2": [16, 20, 20, 19, 18, 20, 18, 20, 20, 16], "s1": [8, 8, 12, 6, 8, 1, 16, 12, 16, 10], "s2": [10, 8, 14, 11, 8, 5, 16, 13, 18, 10], "r": [7, 3, 4, 5, 8, 1, 10, 9, 2, 6]}, "results": {"wsrpt": {"exec_time": 0.0, "obj": 1248, "s": [6, 6, 2, 3, 3, 4, 4, 5, 5, 8, 8, 7, 7, 10, 10, 1, 1, 2, 9, 9], "ts": 1747941045}, "lp": {"solver": "highs", "exec_time": 0.41299939155578613, "ts": 1747941045, "obj": 93.0, "x": [[[0, 0, 8], 1.0], [[0, 1, 13], 1.0], [[1, 0, 3], 0.5000005000000004], [[1, 0, 4], 0.4999994999999996], [[1, 1, 3], 0.4999994999999996], [[1, 1, 4], 0.5000005000000003], [[2, 0, 10], 1.0], [[2, 1, 14], 1.0], [[3, 0, 5], 1.0], [[3, 1, 18], 1.0], [[4, 0, 7], 1.0], [[4, 1, 11], 1.0], [[5, 0, 0], 1.0], [[5, 1, 6], 1.0], [[6, 0, 15], 1.0], [[6, 1, 17], 1.0], [[7, 0, 12], 1.0], [[7, 1, 19], 1.0], [[8, 0, 1], 1.0], [[8, 1, 2], 1.0], [[9, 0, 9], 1.0], [[9, 1, 16], 1.0]]}, "a1": {"exec_time": 0.0, "obj": 93, "s": [6, 9, 9, 2, 2, 4, 6, 5, 1, 10, 3, 5, 8, 1, 3, 7, 10, 7, 4, 8]}, "a2": {"exec_time": 0.0, "obj": 93, "s": [6, 9, 9, 2, 2, 4, 6, 5, 1, 10, 3, 5, 8, 1, 3, 7, 10, 7, 4, 8], "ts": 1747941045}, "osp_blp": {"solver": "highs", "exec_time": 0.5079772472381592, "ts": 1747941045, "obj": 93, "x": [8, 13, 3, 4, 10, 19, 6, 16, 7, 11, 0, 5, 15, 17, 12, 18, 1, 2, 9, 14]}}}