{"id": "bbd51dcfb40de3594618f116994eff0b", "params": {"p": [2, 2, 2, 2, 2, 2, 2, 2, 2, 2], "w": [6, 15, 10, 15, 22, 8, 3, 8, 17, 9], "d1": [18, 17, 18, 19, 15, 11, 14, 10, 17, 12], "d2": [19, 17, 19, 19, 20, 16, 16, 18, 20, 16], "s1": [10, 15, 4, 10, 12, 10, 12, 7, 11, 10], "s2": [15, 17, 5, 11, 13, 10, 12, 10, 11, 12], "r": [5, 7, 2, 3, 9, 6, 10, 4, 8, 1]}, "results": {"wsrpt": {"exec_time": 0.0, "obj": 1246, "s": [10, 10, 4, 4, 3, 3, 2, 2, 5, 5, 9, 9, 6, 6, 8, 8, 1, 1, 7, 7], "ts": 1747941045}, "lp": {"solver": "highs", "exec_time": 0.4549999237060547, "ts": 1747941046, "obj": 363.0, "x": [[[0, 0, 4], 1.0], [[0, 1, 13], 1.0], [[1, 0, 14], 1.0], [[1, 1, 16], 1.0], [[2, 0, 2], 1.0], [[2, 1, 17], 1.0], [[3, 0, 8], 1.0], [[3, 1, 18], 1.0], [[4, 0, 11], 1.0], [[4, 1, 15], 1.0], [[5, 0, 5], 0.5000005000000001], [[5, 0, 7], 0.4999994999999999], [[5, 1, 6], 1.0], [[6, 0, 9], 1.0], [[6, 1, 12], 1.0], [[7, 0, 3], 1.0], [[7, 1, 5], 0.4999994999999999], [[7, 1, 7], 0.5000005000000001], [[8, 0, 10], 1.0], [[8, 1, 19], 1.0], [[9, 0, 0], 1.0], [[9, 1, 1], 1.0]]}, "a1": {"exec_time": 0.0, "obj": 363, "s": [10, 10, 3, 8, 1, 6, 6, 8, 4, 7, 9, 5, 7, 1, 2, 5, 2, 3, 4, 9]}, "a2": {"exec_time": 0.0, "obj": 363, "s": [10, 10, 3, 8, 1, 8, 6, 6, 4, 7, 9, 5, 7, 1, 2, 5, 2, 3, 4, 9], "ts": 1747941046}, "osp_blp": {"solver": "highs", "exec_time": 0.5190043449401855, "ts": 1747941046, "obj": 363, "x": [4, 13, 15, 16, 2, 17, 8, 18, 11, 14, 5, 7, 9, 12, 3, 6, 10, 19, 0, 1]}}}