{"id": "bbfcfa13c7b96bf085dd708c35fe415a", "params": {"p": [2, 2, 2, 2, 2, 2, 2, 2, 2, 2], "w": [17, 5, 18, 23, 26, 20, 6, 26, 12, 23], "d1": [20, 16, 13, 7, 20, 7, 15, 19, 20, 7], "d2": [20, 18, 17, 9, 20, 16, 17, 20, 20, 11], "s1": [11, 10, 13, 6, 14, 7, 7, 11, 17, 7], "s2": [17, 11, 13, 7, 20, 7, 15, 12, 18, 7], "r": [6, 9, 4, 5, 7, 2, 3, 10, 8, 1]}, "results": {"wsrpt": {"exec_time": 0.0, "obj": 1483, "s": [10, 10, 6, 6, 4, 4, 5, 5, 3, 3, 8, 8, 1, 1, 9, 9, 7, 7, 2, 2], "ts": 1747941046}, "lp": {"solver": "highs", "exec_time": 0.4349946975708008, "ts": 1747941046, "obj": 485.0, "x": [[[0, 0, 10], 1.0], [[0, 1, 17], 1.0], [[1, 0, 8], 1.0], [[1, 1, 9], 1.0], [[2, 0, 12], 1.0], [[2, 1, 14], 1.0], [[3, 0, 5], 1.0], [[3, 1, 7], 1.0], [[4, 0, 13], 1.0], [[4, 1, 19], 1.0], [[5, 0, 1], 1.0], [[5, 1, 4], 1.0], [[6, 0, 2], 1.0], [[6, 1, 3], 1.0], [[7, 0, 11], 1.0], [[7, 1, 18], 1.0], [[8, 0, 15], 1.0], [[8, 1, 16], 1.0], [[9, 0, 0], 1.0], [[9, 1, 6], 1.0]]}, "a1": {"exec_time": 0.0, "obj": 485, "s": [10, 6, 7, 7, 6, 4, 10, 4, 2, 2, 1, 8, 3, 5, 3, 9, 9, 1, 8, 5]}, "a2": {"exec_time": 0.0, "obj": 485, "s": [10, 6, 7, 7, 6, 4, 10, 4, 2, 2, 1, 8, 3, 5, 3, 9, 9, 1, 8, 5], "ts": 1747941046}, "osp_blp": {"solver": "highs", "exec_time": 0.4849972724914551, "ts": 1747941046, "obj": 485, "x": [11, 17, 8, 9, 12, 14, 5, 6, 13, 19, 1, 4, 2, 3, 10, 18, 15, 16, 0, 7]}}}