{"id": "bd2ef9d7a719b2ca7bf8632b7db4baa6", "params": {"p": [2, 2, 2, 2, 2, 2, 2, 2, 2, 2], "w": [10, 24, 17, 18, 19, 12, 5, 16, 18, 16], "d1": [10, 7, 16, 13, 12, 7, 16, 8, 17, 11], "d2": [13, 18, 16, 13, 18, 20, 17, 17, 20, 15], "s1": [10, 1, 14, 12, 11, 5, 15, 6, 4, 4], "s2": [10, 4, 16, 12, 12, 5, 15, 6, 16, 7], "r": [8, 1, 9, 7, 6, 3, 10, 5, 4, 2]}, "results": {"wsrpt": {"exec_time": 0.0, "obj": 1212, "s": [2, 2, 10, 10, 9, 9, 5, 5, 4, 4, 3, 3, 8, 8, 6, 6, 1, 1, 7, 7], "ts": 1747941047}, "lp": {"solver": "highs", "exec_time": 0.391995906829834, "ts": 1747941047, "obj": 110.0, "x": [[[0, 0, 8], 1.0], [[0, 1, 9], 1.0], [[1, 0, 0], 1.0], [[1, 1, 6], 1.0], [[2, 0, 13], 1.0], [[2, 1, 15], 1.0], [[3, 0, 11], 1.0], [[3, 1, 12], 1.0], [[4, 0, 10], 1.0], [[4, 1, 17], 1.0], [[5, 0, 2], 1.0], [[5, 1, 4], 1.0], [[6, 0, 16], 1.0], [[6, 1, 18], 1.0], [[7, 0, 5], 1.0], [[7, 1, 7], 1.0], [[8, 0, 3], 1.0], [[8, 1, 19], 1.0], [[9, 0, 1], 1.0], [[9, 1, 14], 1.0]]}, "a1": {"exec_time": 0.0, "obj": 110, "s": [2, 10, 6, 9, 6, 8, 2, 8, 1, 1, 5, 4, 4, 3, 10, 3, 7, 5, 7, 9]}, "a2": {"exec_time": 0.0, "obj": 110, "s": [2, 10, 6, 9, 6, 8, 2, 8, 1, 1, 5, 4, 4, 3, 10, 3, 7, 5, 7, 9], "ts": 1747941047}, "osp_blp": {"solver": "highs", "exec_time": 0.448016881942749, "ts": 1747941047, "obj": 110, "x": [8, 9, 0, 6, 14, 15, 11, 12, 10, 17, 2, 4, 16, 18, 5, 7, 3, 19, 1, 13]}}}