{"id": "bd52e51f319218c38b9fed3c7f3d3952", "params": {"p": [2, 2, 2, 2, 2, 2, 2, 2, 2, 2], "w": [3, 1, 19, 19, 2, 9, 25, 12, 7, 21], "d1": [13, 16, 11, 14, 11, 15, 14, 14, 9, 8], "d2": [19, 20, 11, 16, 17, 17, 18, 19, 12, 20], "s1": [12, 3, 6, 5, 11, 10, 12, 10, 8, 6], "s2": [13, 9, 8, 7, 11, 13, 13, 12, 8, 8], "r": [2, 1, 3, 4, 8, 5, 9, 10, 7, 6]}, "results": {"wsrpt": {"exec_time": 0.0, "obj": 681, "s": [2, 1, 3, 3, 4, 4, 10, 10, 7, 7, 8, 8, 6, 6, 9, 9, 1, 2, 5, 5], "ts": 1747941047}, "lp": {"solver": "highs", "exec_time": 0.4869990348815918, "ts": 1747941048, "obj": 76.0, "x": [[[0, 0, 2], 0.5000005000000003], [[0, 0, 3], 0.4999994999999997], [[0, 1, 2], 0.4999994999999998], [[0, 1, 3], 0.5000005000000003], [[1, 0, 0], 1.0], [[1, 1, 1], 1.0], [[2, 0, 5], 1.0], [[2, 1, 10], 1.0], [[3, 0, 4], 1.0], [[3, 1, 15], 1.0], [[4, 0, 13], 1.0], [[4, 1, 14], 1.0], [[5, 0, 9], 1.0], [[5, 1, 16], 1.0], [[6, 0, 12], 1.0], [[6, 1, 17], 1.0], [[7, 0, 11], 1.0], [[7, 1, 18], 1.0], [[8, 0, 7], 1.0], [[8, 1, 8], 1.0], [[9, 0, 6], 1.0], [[9, 1, 19], 1.0]]}, "a1": {"exec_time": 0.0, "obj": 76, "s": [2, 2, 1, 1, 4, 3, 10, 9, 9, 6, 3, 8, 7, 5, 5, 4, 6, 7, 8, 10]}, "a2": {"exec_time": 0.0, "obj": 76, "s": [2, 2, 1, 1, 4, 3, 10, 9, 9, 6, 3, 8, 7, 5, 5, 4, 6, 7, 8, 10], "ts": 1747941048}, "osp_blp": {"solver": "highs", "exec_time": 0.4999852180480957, "ts": 1747941048, "obj": 76, "x": [2, 3, 0, 1, 6, 10, 4, 14, 13, 16, 11, 15, 12, 17, 9, 18, 7, 8, 5, 19]}}}