{"id": "bd9fa3dc3f6059057781483a5a221b51", "params": {"p": [2, 2, 2, 2, 2, 2, 2, 2, 2, 2], "w": [9, 28, 27, 22, 21, 18, 23, 20, 26, 24], "d1": [16, 10, 14, 12, 11, 17, 14, 17, 11, 19], "d2": [18, 10, 19, 19, 12, 17, 20, 20, 12, 20], "s1": [15, 9, 10, 7, 9, 12, 7, 7, 9, 15], "s2": [15, 10, 14, 9, 10, 16, 10, 13, 9, 18], "r": [5, 6, 10, 7, 9, 1, 3, 4, 2, 8]}, "results": {"wsrpt": {"exec_time": 0.0, "obj": 1973, "s": [6, 6, 9, 9, 7, 7, 2, 2, 10, 10, 3, 3, 4, 4, 5, 5, 8, 8, 1, 1], "ts": 1747941048}, "lp": {"solver": "highs", "exec_time": 0.5029938220977783, "ts": 1747941048, "obj": 740.0, "x": [[[0, 0, 4], 1.0], [[0, 1, 5], 1.0], [[1, 0, 7], 1.0], [[1, 1, 9], 1.0], [[2, 0, 12], 1.0], [[2, 1, 14], 1.0], [[3, 0, 6], 1.0], [[3, 1, 15], 1.0], [[4, 0, 8], 1.0], [[4, 1, 11], 1.0], [[5, 0, 0], 1.0], [[5, 1, 16], 1.0], [[6, 0, 2], 1.0], [[6, 1, 13], 1.0], [[7, 0, 3], 1.0], [[7, 1, 19], 1.0], [[8, 0, 1], 1.0], [[8, 1, 10], 1.0], [[9, 0, 17], 1.0], [[9, 1, 18], 1.0]]}, "a1": {"exec_time": 0.0, "obj": 740, "s": [6, 9, 7, 8, 1, 1, 4, 2, 5, 2, 9, 5, 3, 7, 3, 4, 6, 10, 10, 8]}, "a2": {"exec_time": 0.0, "obj": 740, "s": [6, 9, 7, 8, 1, 1, 4, 2, 5, 2, 9, 5, 3, 7, 3, 4, 6, 10, 10, 8], "ts": 1747941048}, "osp_blp": {"solver": "highs", "exec_time": 0.5700013637542725, "ts": 1747941048, "obj": 740, "x": [4, 5, 7, 9, 12, 14, 6, 13, 8, 11, 0, 16, 2, 18, 3, 17, 1, 10, 15, 19]}}}