{"id": "bde0a31a3df924ed61f193efa31bd39c", "params": {"p": [2, 2, 2, 2, 2, 2, 2, 2, 2, 2], "w": [2, 10, 29, 12, 18, 14, 6, 2, 17, 4], "d1": [15, 19, 12, 12, 12, 7, 4, 11, 13, 10], "d2": [18, 20, 19, 17, 18, 8, 12, 11, 14, 17], "s1": [11, 16, 8, 12, 6, 6, 4, 4, 12, 9], "s2": [11, 16, 10, 12, 10, 7, 4, 7, 13, 9], "r": [10, 9, 4, 7, 3, 5, 2, 1, 6, 8]}, "results": {"wsrpt": {"exec_time": 0.0, "obj": 847, "s": [8, 7, 5, 5, 3, 3, 9, 9, 6, 6, 4, 4, 7, 2, 2, 8, 10, 10, 1, 1], "ts": 1747941048}, "lp": {"solver": "highs", "exec_time": 0.5010011196136475, "ts": 1747941049, "obj": 44.0, "x": [[[0, 0, 10], 1.0], [[0, 1, 17], 1.0], [[1, 0, 15], 1.0], [[1, 1, 19], 1.0], [[2, 0, 7], 1.0], [[2, 1, 18], 1.0], [[3, 0, 11], 1.0], [[3, 1, 16], 1.0], [[4, 0, 5], 1.0], [[4, 1, 14], 1.0], [[5, 0, 4], 1.0], [[5, 1, 6], 1.0], [[6, 0, 2], 1.0], [[6, 1, 3], 1.0], [[7, 0, 0], 1.0], [[7, 1, 1], 1.0], [[8, 0, 12], 1.0], [[8, 1, 13], 1.0], [[9, 0, 8], 1.0], [[9, 1, 9], 1.0]]}, "a1": {"exec_time": 0.0, "obj": 44, "s": [8, 8, 7, 7, 6, 5, 6, 3, 10, 10, 1, 4, 9, 9, 5, 2, 4, 1, 3, 2]}, "a2": {"exec_time": 0.0, "obj": 44, "s": [8, 8, 7, 7, 6, 5, 6, 3, 10, 10, 1, 4, 9, 9, 5, 2, 4, 1, 3, 2], "ts": 1747941049}, "osp_blp": {"solver": "highs", "exec_time": 0.5059988498687744, "ts": 1747941049, "obj": 44, "x": [10, 17, 15, 19, 7, 18, 11, 16, 5, 14, 4, 6, 2, 3, 0, 1, 12, 13, 8, 9]}}}