{"id": "be35bbf957dfb7f27aab0d0efe6004e7", "params": {"p": [2, 2, 2, 2, 2, 2, 2, 2, 2, 2], "w": [18, 24, 29, 17, 21, 3, 18, 3, 17, 12], "d1": [16, 10, 15, 12, 6, 16, 16, 13, 17, 12], "d2": [17, 12, 19, 15, 18, 17, 19, 15, 18, 16], "s1": [10, 7, 7, 8, 4, 11, 15, 9, 10, 11], "s2": [14, 10, 13, 11, 5, 13, 16, 12, 15, 12], "r": [2, 5, 3, 7, 1, 9, 4, 6, 10, 8]}, "results": {"wsrpt": {"exec_time": 0.0, "obj": 1278, "s": [5, 5, 3, 3, 2, 2, 1, 1, 7, 7, 4, 4, 9, 9, 10, 10, 6, 6, 8, 8], "ts": 1747941049}, "lp": {"solver": "highs", "exec_time": 0.4309978485107422, "ts": 1747941049, "obj": 447.0, "x": [[[0, 0, 1], 1.0], [[0, 1, 15], 1.0], [[1, 0, 4], 1.0], [[1, 1, 11], 1.0], [[2, 0, 3], 1.0], [[2, 1, 18], 1.0], [[3, 0, 7], 1.0], [[3, 1, 13], 1.0], [[4, 0, 0], 1.0], [[4, 1, 2], 1.0], [[5, 0, 8], 1.0], [[5, 1, 19], 1.0], [[6, 0, 14], 1.0], [[6, 1, 16], 1.0], [[7, 0, 5], 1.0], [[7, 1, 6], 1.0], [[8, 0, 9], 1.0], [[8, 1, 17], 1.0], [[9, 0, 10], 1.0], [[9, 1, 12], 1.0]]}, "a1": {"exec_time": 0.0, "obj": 447, "s": [5, 1, 5, 3, 2, 8, 8, 4, 6, 9, 10, 2, 10, 4, 7, 1, 7, 9, 3, 6]}, "a2": {"exec_time": 0.0, "obj": 447, "s": [5, 1, 5, 3, 2, 8, 8, 4, 6, 9, 10, 2, 10, 4, 7, 1, 7, 9, 3, 6], "ts": 1747941049}, "osp_blp": {"solver": "highs", "exec_time": 0.4850003719329834, "ts": 1747941049, "obj": 447, "x": [1, 16, 4, 10, 3, 14, 7, 13, 0, 2, 8, 19, 15, 18, 5, 6, 9, 17, 11, 12]}}}