{"id": "bf23025d5234be93429fc3c80d307fc8", "params": {"p": [2, 2, 2, 2, 2, 2, 2, 2, 2, 2], "w": [24, 23, 9, 15, 10, 25, 28, 11, 18, 3], "d1": [17, 12, 15, 12, 14, 9, 20, 12, 10, 16], "d2": [18, 12, 20, 12, 20, 9, 20, 17, 12, 19], "s1": [10, 8, 6, 12, 5, 7, 16, 10, 10, 14], "s2": [13, 9, 14, 12, 13, 8, 19, 10, 10, 16], "r": [2, 8, 3, 10, 1, 6, 4, 9, 5, 7]}, "results": {"wsrpt": {"exec_time": 0.0, "obj": 1665, "s": [5, 1, 1, 7, 7, 6, 6, 2, 2, 5, 9, 9, 4, 4, 8, 8, 3, 3, 10, 10], "ts": 1747941049}, "lp": {"solver": "highs", "exec_time": 0.49899888038635254, "ts": 1747941050, "obj": 493.0, "x": [[[0, 0, 12], 1.0], [[0, 1, 17], 1.0], [[1, 0, 7], 1.0], [[1, 1, 11], 1.0], [[2, 0, 2], 1.0], [[2, 1, 3], 1.0], [[3, 0, 10], 0.5000001666666667], [[3, 0, 13], 0.4999998333333333], [[3, 1, 10], 0.4999998333333333], [[3, 1, 13], 0.5000001666666667], [[4, 0, 0], 1.0], [[4, 1, 1], 1.0], [[5, 0, 6], 1.0], [[5, 1, 8], 1.0], [[6, 0, 15], 1.0], [[6, 1, 19], 1.0], [[7, 0, 9], 1.0], [[7, 1, 16], 1.0], [[8, 0, 4], 1.0], [[8, 1, 5], 1.0], [[9, 0, 14], 1.0], [[9, 1, 18], 1.0]]}, "a1": {"exec_time": 0.0, "obj": 493, "s": [5, 5, 3, 3, 9, 9, 6, 2, 6, 8, 4, 2, 1, 4, 10, 7, 8, 1, 10, 7]}, "a2": {"exec_time": 0.0, "obj": 493, "s": [5, 5, 3, 3, 9, 9, 6, 2, 6, 8, 4, 2, 1, 4, 10, 7, 8, 1, 10, 7], "ts": 1747941050}, "osp_blp": {"solver": "highs", "exec_time": 0.560997724533081, "ts": 1747941050, "obj": 493, "x": [12, 17, 7, 11, 2, 3, 10, 13, 0, 1, 6, 8, 15, 19, 9, 16, 4, 5, 14, 18]}}}