{"id": "bf88a28894efcebc583ae94f4a08c122", "params": {"p": [2, 2, 2, 2, 2, 2, 2, 2, 2, 2], "w": [15, 17, 28, 22, 4, 29, 13, 25, 21, 27], "d1": [13, 15, 15, 14, 11, 7, 15, 8, 11, 14], "d2": [15, 15, 18, 14, 18, 13, 20, 10, 11, 14], "s1": [9, 11, 12, 6, 10, 5, 6, 5, 9, 13], "s2": [11, 11, 14, 7, 11, 5, 6, 6, 9, 14], "r": [2, 10, 7, 5, 8, 3, 1, 4, 9, 6]}, "results": {"wsrpt": {"exec_time": 0.0, "obj": 1520, "s": [7, 7, 6, 6, 8, 8, 3, 3, 10, 10, 4, 4, 9, 9, 2, 2, 1, 1, 5, 5], "ts": 1747941050}, "lp": {"solver": "highs", "exec_time": 0.47899746894836426, "ts": 1747941050, "obj": 423.0, "x": [[[0, 0, 1], 1.0], [[0, 1, 16], 1.0], [[1, 0, 9], 1.0], [[1, 1, 15], 1.0], [[2, 0, 11], 1.0], [[2, 1, 17], 1.0], [[3, 0, 4], 1.0], [[3, 1, 14], 1.0], [[4, 0, 7], 1.0], [[4, 1, 18], 1.0], [[5, 0, 2], 1.0], [[5, 1, 6], 1.0], [[6, 0, 0], 1.0], [[6, 1, 19], 1.0], [[7, 0, 3], 1.0], [[7, 1, 5], 1.0], [[8, 0, 8], 1.0], [[8, 1, 10], 1.0], [[9, 0, 12], 1.0], [[9, 1, 13], 1.0]]}, "a1": {"exec_time": 0.0, "obj": 423, "s": [7, 1, 6, 8, 4, 8, 6, 5, 9, 2, 9, 3, 10, 10, 4, 2, 1, 3, 5, 7]}, "a2": {"exec_time": 0.0, "obj": 423, "s": [7, 1, 6, 8, 4, 8, 6, 5, 9, 2, 9, 3, 10, 10, 4, 2, 1, 3, 5, 7], "ts": 1747941050}, "osp_blp": {"solver": "highs", "exec_time": 0.5800025463104248, "ts": 1747941050, "obj": 423, "x": [1, 16, 9, 15, 11, 17, 4, 14, 7, 18, 2, 6, 0, 19, 3, 5, 8, 10, 12, 13]}}}