{"id": "c0055e93286ebff824b5b34738aa9a7d", "params": {"p": [2, 2, 2, 2, 2, 2, 2, 2, 2, 2], "w": [25, 25, 2, 30, 6, 7, 8, 6, 13, 15], "d1": [10, 7, 10, 7, 10, 13, 13, 12, 17, 12], "d2": [10, 8, 11, 10, 14, 18, 19, 20, 18, 13], "s1": [9, 5, 9, 6, 8, 11, 13, 10, 3, 10], "s2": [9, 7, 9, 7, 9, 11, 13, 11, 10, 11], "r": [6, 1, 7, 4, 2, 8, 5, 10, 3, 9]}, "results": {"wsrpt": {"exec_time": 0.0, "obj": 793, "s": [2, 2, 9, 4, 4, 9, 1, 1, 10, 10, 7, 7, 6, 6, 5, 5, 8, 8, 3, 3], "ts": 1747941050}, "lp": {"solver": "highs", "exec_time": 0.44800424575805664, "ts": 1747941051, "obj": 273.0, "x": [[[0, 0, 8], 1.0], [[0, 1, 9], 1.0], [[1, 0, 0], 1.0], [[1, 1, 4], 1.0], [[2, 0, 7], 1.0], [[2, 1, 15], 1.0], [[3, 0, 5], 1.0], [[3, 1, 6], 1.0], [[4, 0, 1], 1.0], [[4, 1, 3], 1.0], [[5, 0, 11], 1.0], [[5, 1, 16], 1.0], [[6, 0, 13], 1.0], [[6, 1, 18], 1.0], [[7, 0, 14], 1.0], [[7, 1, 19], 1.0], [[8, 0, 2], 1.0], [[8, 1, 17], 1.0], [[9, 0, 10], 1.0], [[9, 1, 12], 1.0]]}, "a1": {"exec_time": 0.0, "obj": 273, "s": [2, 5, 9, 5, 2, 4, 4, 3, 1, 1, 10, 6, 10, 7, 8, 3, 6, 9, 7, 8]}, "a2": {"exec_time": 0.015625, "obj": 273, "s": [2, 5, 9, 5, 2, 4, 4, 3, 1, 1, 10, 6, 10, 7, 8, 3, 6, 9, 7, 8], "ts": 1747941051}, "osp_blp": {"solver": "highs", "exec_time": 0.5170025825500488, "ts": 1747941051, "obj": 273, "x": [8, 9, 0, 4, 7, 15, 5, 6, 1, 3, 11, 16, 13, 18, 14, 19, 2, 17, 10, 12]}}}