{"id": "c02d4797a5fa8e667145fbaf01c82ff4", "params": {"p": [2, 2, 2, 2, 2, 2, 2, 2, 2, 2], "w": [3, 2, 29, 17, 9, 21, 28, 21, 19, 24], "d1": [6, 5, 14, 10, 12, 10, 15, 14, 12, 17], "d2": [7, 15, 20, 14, 12, 20, 19, 17, 17, 20], "s1": [4, 5, 14, 5, 8, 9, 10, 5, 11, 11], "s2": [6, 5, 14, 7, 10, 10, 13, 11, 12, 14], "r": [2, 3, 5, 4, 6, 7, 8, 1, 9, 10]}, "results": {"wsrpt": {"exec_time": 0.0, "obj": 1518, "s": [8, 8, 1, 4, 4, 3, 3, 7, 7, 10, 10, 6, 6, 9, 9, 5, 5, 1, 2, 2], "ts": 1747941051}, "lp": {"solver": "highs", "exec_time": 0.449998140335083, "ts": 1747941051, "obj": 139.0, "x": [[[0, 0, 1], 1.0], [[0, 1, 5], 1.0], [[1, 0, 2], 1.0], [[1, 1, 3], 1.0], [[2, 0, 13], 1.0], [[2, 1, 18], 1.0], [[3, 0, 4], 1.0], [[3, 1, 7], 1.0], [[4, 0, 6], 1.0], [[4, 1, 11], 1.0], [[5, 0, 8], 1.0], [[5, 1, 17], 1.0], [[6, 0, 9], 1.0], [[6, 1, 16], 1.0], [[7, 0, 0], 1.0], [[7, 1, 14], 1.0], [[8, 0, 10], 1.0], [[8, 1, 15], 1.0], [[9, 0, 12], 1.0], [[9, 1, 19], 1.0]]}, "a1": {"exec_time": 0.0, "obj": 139, "s": [8, 1, 2, 2, 4, 1, 5, 4, 6, 7, 9, 5, 10, 3, 8, 9, 7, 6, 3, 10]}, "a2": {"exec_time": 0.0, "obj": 139, "s": [8, 1, 2, 2, 4, 1, 5, 4, 6, 7, 9, 5, 10, 3, 8, 9, 7, 6, 3, 10], "ts": 1747941051}, "osp_blp": {"solver": "highs", "exec_time": 0.5570001602172852, "ts": 1747941051, "obj": 139, "x": [1, 5, 2, 3, 13, 18, 4, 7, 6, 11, 8, 17, 9, 15, 0, 16, 10, 14, 12, 19]}}}