{"id": "c04d899a277a4263b064ed15fadd117a", "params": {"p": [2, 2, 2, 2, 2, 2, 2, 2, 2, 2], "w": [18, 5, 3, 2, 25, 13, 10, 19, 22, 23], "d1": [11, 20, 20, 17, 11, 20, 14, 16, 13, 20], "d2": [19, 20, 20, 20, 12, 20, 15, 20, 19, 20], "s1": [6, 15, 20, 14, 9, 17, 12, 10, 10, 2], "s2": [10, 20, 20, 15, 10, 18, 13, 10, 12, 15], "r": [6, 8, 5, 9, 3, 10, 1, 4, 7, 2]}, "results": {"wsrpt": {"exec_time": 0.0, "obj": 1356, "s": [7, 10, 10, 5, 5, 7, 9, 9, 8, 8, 1, 1, 6, 6, 2, 2, 3, 3, 4, 4], "ts": 1747941051}, "lp": {"solver": "highs", "exec_time": 0.4310002326965332, "ts": 1747941052, "obj": 480.0, "x": [[[0, 0, 5], 1.0], [[0, 1, 10], 1.0], [[1, 0, 7], 1.0], [[1, 1, 17], 1.0], [[2, 0, 4], 1.0], [[2, 1, 6], 1.0], [[3, 0, 13], 1.0], [[3, 1, 14], 1.0], [[4, 0, 8], 1.0], [[4, 1, 11], 1.0], [[5, 0, 16], 1.0], [[5, 1, 18], 1.0], [[6, 0, 0], 1.0], [[6, 1, 2], 1.0], [[7, 0, 3], 1.0], [[7, 1, 15], 1.0], [[8, 0, 9], 1.0], [[8, 1, 12], 1.0], [[9, 0, 1], 1.0], [[9, 1, 19], 1.0]]}, "a1": {"exec_time": 0.0, "obj": 480, "s": [7, 10, 7, 8, 3, 1, 3, 2, 5, 9, 1, 5, 9, 4, 4, 8, 6, 2, 6, 10]}, "a2": {"exec_time": 0.0, "obj": 480, "s": [7, 10, 7, 8, 3, 1, 3, 2, 5, 9, 1, 5, 9, 4, 4, 8, 6, 2, 6, 10], "ts": 1747941052}, "osp_blp": {"solver": "highs", "exec_time": 0.45499587059020996, "ts": 1747941052, "obj": 480, "x": [5, 11, 7, 17, 4, 6, 13, 14, 8, 10, 16, 18, 0, 2, 3, 15, 9, 12, 1, 19]}}}