{"id": "c0d72c7d929efa07bdaf90302009ac01", "params": {"p": [2, 2, 2, 2, 2, 2, 2, 2, 2, 2], "w": [16, 7, 27, 3, 15, 9, 6, 2, 27, 8], "d1": [11, 19, 13, 12, 20, 15, 18, 15, 17, 18], "d2": [14, 19, 17, 12, 20, 15, 18, 17, 19, 18], "s1": [9, 18, 11, 8, 13, 14, 7, 15, 11, 3], "s2": [11, 18, 13, 8, 19, 15, 14, 15, 11, 14], "r": [9, 6, 5, 4, 1, 10, 7, 8, 3, 2]}, "results": {"wsrpt": {"exec_time": 0.0, "obj": 1665, "s": [5, 5, 9, 9, 3, 3, 10, 10, 1, 1, 6, 6, 2, 2, 7, 7, 4, 4, 8, 8], "ts": 1747941052}, "lp": {"solver": "highs", "exec_time": 0.43900442123413086, "ts": 1747941052, "obj": 449.0, "x": [[[0, 0, 8], 1.0], [[0, 1, 11], 1.0], [[1, 0, 5], 1.0], [[1, 1, 18], 1.0], [[2, 0, 12], 1.0], [[2, 1, 15], 1.0], [[3, 0, 3], 1.0], [[3, 1, 4], 1.0], [[4, 0, 0], 1.0], [[4, 1, 19], 1.0], [[5, 0, 13], 1.0], [[5, 1, 14], 1.0], [[6, 0, 6], 1.0], [[6, 1, 17], 1.0], [[7, 0, 7], 1.0], [[7, 1, 9], 1.0], [[8, 0, 10], 1.0], [[8, 1, 16], 1.0], [[9, 0, 1], 1.0], [[9, 1, 2], 1.0]]}, "a1": {"exec_time": 0.0, "obj": 449, "s": [5, 10, 10, 4, 4, 2, 7, 8, 1, 8, 9, 1, 3, 6, 6, 3, 9, 7, 2, 5]}, "a2": {"exec_time": 0.0, "obj": 449, "s": [5, 10, 10, 4, 4, 2, 7, 8, 1, 8, 9, 1, 3, 6, 6, 3, 9, 7, 2, 5], "ts": 1747941052}, "osp_blp": {"solver": "highs", "exec_time": 0.5080008506774902, "ts": 1747941052, "obj": 449, "x": [8, 11, 5, 18, 12, 15, 3, 4, 0, 19, 13, 14, 6, 17, 7, 9, 10, 16, 1, 2]}}}