{"id": "c137e2e30e2c16b625a3f0fe7d016875", "params": {"p": [2, 2, 2, 2, 2, 2, 2, 2, 2, 2], "w": [30, 29, 7, 18, 23, 13, 8, 1, 23, 27], "d1": [11, 15, 16, 15, 4, 17, 11, 11, 18, 5], "d2": [15, 20, 17, 16, 19, 20, 11, 17, 18, 5], "s1": [11, 8, 8, 8, 4, 13, 10, 10, 6, 4], "s2": [11, 14, 14, 11, 4, 15, 11, 11, 12, 4], "r": [6, 5, 8, 2, 1, 10, 7, 9, 4, 3]}, "results": {"wsrpt": {"exec_time": 0.0, "obj": 1115, "s": [5, 5, 10, 10, 2, 2, 1, 1, 9, 9, 4, 4, 6, 6, 7, 7, 3, 3, 8, 8], "ts": 1747941052}, "lp": {"solver": "highs", "exec_time": 0.4740021228790283, "ts": 1747941053, "obj": 232.0, "x": [[[0, 0, 10], 1.0], [[0, 1, 13], 1.0], [[1, 0, 8], 1.0], [[1, 1, 19], 1.0], [[2, 0, 7], 1.0], [[2, 1, 16], 1.0], [[3, 0, 1], 1.0], [[3, 1, 15], 1.0], [[4, 0, 0], 1.0], [[4, 1, 2], 1.0], [[5, 0, 12], 1.0], [[5, 1, 18], 1.0], [[6, 0, 6], 1.0], [[6, 1, 11], 1.0], [[7, 0, 9], 1.0], [[7, 1, 14], 1.0], [[8, 0, 5], 1.0], [[8, 1, 17], 1.0], [[9, 0, 3], 1.0], [[9, 1, 4], 1.0]]}, "a1": {"exec_time": 0.0, "obj": 232, "s": [5, 4, 5, 10, 10, 9, 7, 3, 2, 8, 1, 7, 6, 1, 8, 4, 3, 9, 6, 2]}, "a2": {"exec_time": 0.0, "obj": 232, "s": [5, 4, 5, 10, 10, 9, 7, 3, 2, 8, 1, 7, 6, 1, 8, 4, 3, 9, 6, 2], "ts": 1747941053}, "osp_blp": {"solver": "highs", "exec_time": 0.5430026054382324, "ts": 1747941053, "obj": 232, "x": [10, 14, 7, 18, 8, 16, 1, 15, 0, 2, 13, 19, 6, 11, 9, 12, 5, 17, 3, 4]}}}