{"id": "c1405d9d64a4c46bd5d147202bdcabec", "params": {"p": [2, 2, 2, 2, 2, 2, 2, 2, 2, 2], "w": [18, 5, 14, 6, 12, 13, 7, 9, 28, 17], "d1": [15, 19, 12, 10, 14, 12, 18, 14, 5, 9], "d2": [20, 19, 17, 18, 20, 19, 19, 14, 16, 14], "s1": [14, 18, 11, 9, 11, 6, 15, 14, 5, 9], "s2": [15, 18, 12, 10, 12, 9, 15, 14, 5, 9], "r": [10, 1, 7, 8, 5, 6, 2, 9, 3, 4]}, "results": {"wsrpt": {"exec_time": 0.0, "obj": 738, "s": [2, 2, 9, 9, 10, 10, 3, 3, 6, 6, 1, 1, 5, 5, 8, 8, 7, 7, 4, 4], "ts": 1747941053}, "lp": {"solver": "highs", "exec_time": 0.45299506187438965, "ts": 1747941053, "obj": 331.0, "x": [[[0, 0, 14], 1.0], [[0, 1, 19], 1.0], [[1, 0, 0], 1.0], [[1, 1, 1], 1.0], [[2, 0, 10], 1.0], [[2, 1, 16], 1.0], [[3, 0, 7], 1.0], [[3, 1, 9], 1.0], [[4, 0, 11], 1.0], [[4, 1, 15], 1.0], [[5, 0, 5], 1.0], [[5, 1, 17], 1.0], [[6, 0, 2], 1.0], [[6, 1, 18], 1.0], [[7, 0, 12], 1.0], [[7, 1, 13], 1.0], [[8, 0, 3], 1.0], [[8, 1, 4], 1.0], [[9, 0, 6], 1.0], [[9, 1, 8], 1.0]]}, "a1": {"exec_time": 0.0, "obj": 331, "s": [2, 2, 7, 9, 9, 6, 10, 4, 10, 4, 3, 5, 8, 8, 1, 5, 3, 6, 7, 1]}, "a2": {"exec_time": 0.0, "obj": 331, "s": [2, 2, 7, 9, 9, 6, 10, 4, 10, 4, 3, 5, 8, 8, 1, 5, 3, 6, 7, 1], "ts": 1747941053}, "osp_blp": {"solver": "highs", "exec_time": 0.5150175094604492, "ts": 1747941053, "obj": 331, "x": [14, 16, 0, 1, 11, 15, 7, 9, 10, 19, 5, 17, 2, 18, 12, 13, 3, 4, 6, 8]}}}