{"id": "c1ea38fd9318dfc0c5608ee0801b2d68", "params": {"p": [2, 2, 2, 2, 2, 2, 2, 2, 2, 2], "w": [22, 18, 18, 3, 21, 4, 28, 8, 3, 20], "d1": [9, 18, 9, 16, 8, 17, 19, 12, 12, 10], "d2": [16, 18, 16, 20, 19, 17, 19, 20, 16, 10], "s1": [4, 17, 7, 11, 5, 13, 18, 11, 11, 7], "s2": [7, 18, 9, 16, 7, 15, 18, 12, 11, 9], "r": [2, 6, 4, 9, 3, 8, 7, 10, 5, 1]}, "results": {"wsrpt": {"exec_time": 0.0, "obj": 1445, "s": [10, 10, 1, 1, 5, 5, 7, 7, 2, 2, 3, 3, 8, 8, 6, 6, 4, 4, 9, 9], "ts": 1747941054}, "lp": {"solver": "highs", "exec_time": 0.40799784660339355, "ts": 1747941054, "obj": 375.0, "x": [[[0, 0, 1], 1.0], [[0, 1, 8], 1.0], [[1, 0, 16], 1.0], [[1, 1, 19], 1.0], [[2, 0, 3], 1.0], [[2, 1, 6], 1.0], [[3, 0, 10], 1.0], [[3, 1, 14], 1.0], [[4, 0, 2], 1.0], [[4, 1, 7], 1.0], [[5, 0, 12], 1.0], [[5, 1, 15], 1.0], [[6, 0, 17], 1.0], [[6, 1, 18], 1.0], [[7, 0, 11], 1.0], [[7, 1, 13], 1.0], [[8, 0, 4], 1.0], [[8, 1, 5], 1.0], [[9, 0, 0], 1.0], [[9, 1, 9], 1.0]]}, "a1": {"exec_time": 0.0, "obj": 375, "s": [10, 1, 5, 3, 9, 9, 3, 5, 1, 10, 4, 8, 6, 8, 4, 6, 2, 7, 7, 2]}, "a2": {"exec_time": 0.0, "obj": 375, "s": [10, 1, 5, 3, 9, 9, 3, 5, 1, 10, 4, 8, 6, 8, 4, 6, 2, 7, 7, 2], "ts": 1747941054}, "osp_blp": {"solver": "highs", "exec_time": 0.5060172080993652, "ts": 1747941054, "obj": 375, "x": [1, 8, 16, 19, 3, 6, 12, 14, 2, 7, 13, 15, 17, 18, 10, 11, 4, 5, 0, 9]}}}