{"id": "c212e437c266359adbe544faf93f2b10", "params": {"p": [2, 2, 2, 2, 2, 2, 2, 2, 2, 2], "w": [28, 14, 24, 13, 26, 27, 21, 8, 6, 21], "d1": [15, 15, 17, 18, 10, 16, 11, 20, 20, 15], "d2": [18, 17, 17, 18, 18, 18, 16, 20, 20, 17], "s1": [7, 3, 14, 17, 6, 9, 5, 13, 3, 11], "s2": [8, 5, 16, 18, 10, 15, 5, 16, 16, 14], "r": [5, 2, 9, 8, 6, 4, 3, 10, 1, 7]}, "results": {"wsrpt": {"exec_time": 0.0, "obj": 1353, "s": [9, 2, 2, 6, 6, 1, 1, 5, 5, 3, 3, 7, 7, 10, 10, 4, 4, 9, 8, 8], "ts": 1747941054}, "lp": {"solver": "highs", "exec_time": 0.41300082206726074, "ts": 1747941055, "obj": 400.0, "x": [[[0, 0, 6], 1.0], [[0, 1, 14], 1.0], [[1, 0, 2], 1.0], [[1, 1, 3], 1.0], [[2, 0, 13], 1.0], [[2, 1, 16], 1.0], [[3, 0, 17], 1.0], [[3, 1, 18], 1.0], [[4, 0, 5], 1.0], [[4, 1, 9], 1.0], [[5, 0, 8], 1.0], [[5, 1, 15], 1.0], [[6, 0, 4], 1.0], [[6, 1, 10], 1.0], [[7, 0, 11], 1.0], [[7, 1, 19], 1.0], [[8, 0, 0], 1.0], [[8, 1, 1], 1.0], [[9, 0, 7], 1.0], [[9, 1, 12], 1.0]]}, "a1": {"exec_time": 0.0, "obj": 400, "s": [9, 9, 2, 2, 7, 5, 1, 10, 6, 5, 7, 8, 10, 3, 1, 6, 3, 4, 4, 8]}, "a2": {"exec_time": 0.0, "obj": 400, "s": [9, 9, 2, 2, 7, 5, 1, 10, 6, 5, 7, 8, 10, 3, 1, 6, 3, 4, 4, 8], "ts": 1747941055}, "osp_blp": {"solver": "highs", "exec_time": 0.47598743438720703, "ts": 1747941055, "obj": 400, "x": [6, 14, 2, 3, 13, 16, 17, 18, 5, 9, 8, 15, 4, 10, 11, 19, 0, 1, 7, 12]}}}