{"id": "c4144de8ac1a2ec8e922fd676ed0e35e", "params": {"p": [2, 2, 2, 2, 2, 2, 2, 2, 2, 2], "w": [19, 30, 25, 15, 19, 23, 2, 27, 30, 9], "d1": [10, 15, 20, 16, 16, 12, 6, 8, 19, 15], "d2": [19, 15, 20, 20, 19, 18, 18, 8, 20, 20], "s1": [7, 10, 10, 8, 15, 11, 6, 6, 10, 15], "s2": [7, 10, 12, 13, 16, 12, 6, 7, 10, 15], "r": [7, 5, 10, 8, 6, 9, 4, 3, 2, 1]}, "results": {"wsrpt": {"exec_time": 0.0, "obj": 1732, "s": [10, 9, 9, 8, 8, 2, 2, 1, 1, 3, 3, 6, 6, 5, 5, 10, 4, 4, 7, 7], "ts": 1747941055}, "lp": {"solver": "highs", "exec_time": 0.4519956111907959, "ts": 1747941055, "obj": 414.0, "x": [[[0, 0, 6], 1.0], [[0, 1, 13], 1.0], [[1, 0, 8], 1.0], [[1, 1, 14], 1.0], [[2, 0, 10], 1.0], [[2, 1, 19], 1.0], [[3, 0, 7], 1.0], [[3, 1, 17], 1.0], [[4, 0, 15], 1.0], [[4, 1, 16], 1.0], [[5, 0, 11], 1.0], [[5, 1, 12], 1.0], [[6, 0, 3], 1.0], [[6, 1, 4], 1.0], [[7, 0, 2], 1.0], [[7, 1, 5], 1.0], [[8, 0, 9], 1.0], [[8, 1, 18], 1.0], [[9, 0, 0], 1.0], [[9, 1, 1], 1.0]]}, "a1": {"exec_time": 0.0, "obj": 414, "s": [10, 10, 8, 7, 7, 8, 1, 4, 2, 9, 3, 6, 6, 1, 2, 5, 5, 4, 9, 3]}, "a2": {"exec_time": 0.0, "obj": 414, "s": [10, 10, 8, 7, 7, 8, 1, 4, 2, 9, 3, 6, 6, 1, 2, 5, 5, 4, 9, 3], "ts": 1747941055}, "osp_blp": {"solver": "highs", "exec_time": 0.5009958744049072, "ts": 1747941055, "obj": 414, "x": [6, 13, 8, 14, 11, 19, 7, 17, 15, 16, 10, 12, 3, 4, 2, 5, 9, 18, 0, 1]}}}