{"id": "c51630bea09d259c8358880de8d923d9", "params": {"p": [2, 2, 2, 2, 2, 2, 2, 2, 2, 2], "w": [6, 21, 30, 13, 18, 6, 26, 12, 5, 25], "d1": [20, 15, 4, 20, 19, 16, 18, 18, 14, 13], "d2": [20, 18, 13, 20, 20, 20, 19, 19, 15, 17], "s1": [13, 15, 2, 12, 13, 15, 12, 18, 12, 13], "s2": [19, 15, 4, 20, 13, 15, 16, 18, 12, 13], "r": [3, 10, 1, 8, 2, 9, 4, 7, 5, 6]}, "results": {"wsrpt": {"exec_time": 0.0, "obj": 1829, "s": [3, 3, 5, 5, 7, 7, 10, 10, 4, 4, 2, 2, 8, 8, 1, 1, 6, 6, 9, 9], "ts": 1747941055}, "lp": {"solver": "highs", "exec_time": 0.4880051612854004, "ts": 1747941056, "obj": 625.0, "x": [[[0, 0, 2], 1.0], [[0, 1, 3], 1.0], [[1, 0, 14], 1.0], [[1, 1, 15], 1.0], [[2, 0, 0], 1.0], [[2, 1, 1], 1.0], [[3, 0, 7], 1.0], [[3, 1, 19], 1.0], [[4, 0, 10], 1.0], [[4, 1, 18], 1.0], [[5, 0, 8], 1.0], [[5, 1, 9], 1.0], [[6, 0, 11], 1.0], [[6, 1, 17], 1.0], [[7, 0, 6], 1.0], [[7, 1, 16], 1.0], [[8, 0, 4], 1.0], [[8, 1, 5], 1.0], [[9, 0, 12], 1.0], [[9, 1, 13], 1.0]]}, "a1": {"exec_time": 0.0, "obj": 625, "s": [3, 3, 1, 1, 9, 9, 8, 4, 6, 6, 5, 7, 10, 10, 2, 2, 8, 7, 5, 4]}, "a2": {"exec_time": 0.0, "obj": 625, "s": [3, 3, 1, 1, 9, 9, 8, 4, 6, 6, 5, 7, 10, 10, 2, 2, 8, 7, 5, 4], "ts": 1747941056}, "osp_blp": {"solver": "highs", "exec_time": 0.51198410987854, "ts": 1747941056, "obj": 625, "x": [2, 3, 14, 15, 0, 1, 7, 19, 10, 18, 8, 9, 11, 17, 6, 16, 4, 5, 12, 13]}}}