{"id": "c5df7e6320cbfae2d2a9be740b11df9e", "params": {"p": [2, 2, 2, 2, 2, 2, 2, 2, 2, 2], "w": [19, 29, 11, 26, 15, 13, 5, 18, 22, 15], "d1": [13, 14, 14, 14, 7, 11, 15, 18, 18, 20], "d2": [13, 20, 15, 17, 17, 15, 17, 19, 18, 20], "s1": [12, 7, 14, 12, 6, 8, 15, 12, 14, 15], "s2": [12, 12, 14, 13, 6, 8, 15, 15, 17, 19], "r": [2, 1, 9, 8, 5, 6, 4, 3, 7, 10]}, "results": {"wsrpt": {"exec_time": 0.0, "obj": 2162, "s": [2, 2, 1, 1, 8, 8, 9, 9, 4, 4, 5, 5, 10, 10, 6, 6, 3, 3, 7, 7], "ts": 1747941056}, "lp": {"solver": "highs", "exec_time": 0.456021785736084, "ts": 1747941056, "obj": 730.0, "x": [[[0, 0, 1], 1.0], [[0, 1, 12], 1.0], [[1, 0, 0], 1.0], [[1, 1, 16], 1.0], [[2, 0, 8], 1.0], [[2, 1, 9], 1.0], [[3, 0, 11], 1.0], [[3, 1, 13], 1.0], [[4, 0, 5], 1.0], [[4, 1, 6], 1.0], [[5, 0, 7], 1.0], [[5, 1, 10], 1.0], [[6, 0, 3], 1.0], [[6, 1, 4], 1.0], [[7, 0, 2], 1.0], [[7, 1, 18], 1.0], [[8, 0, 14], 1.0], [[8, 1, 17], 1.0], [[9, 0, 15], 1.0], [[9, 1, 19], 1.0]]}, "a1": {"exec_time": 0.0, "obj": 730, "s": [2, 1, 8, 7, 7, 5, 5, 6, 3, 3, 6, 4, 1, 4, 9, 10, 2, 9, 8, 10]}, "a2": {"exec_time": 0.0, "obj": 730, "s": [2, 1, 8, 7, 7, 5, 5, 6, 3, 3, 6, 4, 1, 4, 9, 10, 2, 9, 8, 10], "ts": 1747941056}, "osp_blp": {"solver": "highs", "exec_time": 0.5180156230926514, "ts": 1747941056, "obj": 730, "x": [1, 12, 0, 16, 8, 9, 11, 13, 5, 6, 7, 10, 3, 4, 2, 18, 14, 17, 15, 19]}}}