{"id": "c67b9f3dc355c4de9968050f4917a8a2", "params": {"p": [2, 2, 2, 2, 2, 2, 2, 2, 2, 2], "w": [10, 22, 17, 20, 8, 3, 21, 27, 1, 12], "d1": [18, 19, 13, 12, 19, 18, 17, 16, 20, 4], "d2": [19, 19, 16, 13, 20, 19, 20, 17, 20, 16], "s1": [17, 10, 8, 8, 16, 13, 9, 15, 7, 3], "s2": [18, 12, 8, 9, 18, 17, 10, 15, 19, 3], "r": [10, 6, 5, 4, 1, 8, 3, 9, 7, 2]}, "results": {"wsrpt": {"exec_time": 0.0, "obj": 1695, "s": [5, 5, 7, 7, 4, 4, 2, 2, 8, 8, 3, 3, 10, 10, 1, 1, 6, 6, 9, 9], "ts": 1747941056}, "lp": {"solver": "highs", "exec_time": 0.4449930191040039, "ts": 1747941057, "obj": 377.0, "x": [[[0, 0, 16], 1.0], [[0, 1, 17], 1.0], [[1, 0, 9], 1.0], [[1, 1, 18], 1.0], [[2, 0, 4], 1.0], [[2, 1, 12], 1.0], [[3, 0, 5], 1.0], [[3, 1, 11], 1.0], [[4, 0, 0], 1.0], [[4, 1, 1], 1.0], [[5, 0, 10], 1.0], [[5, 1, 13], 1.0], [[6, 0, 8], 1.0], [[6, 1, 19], 1.0], [[7, 0, 14], 1.0], [[7, 1, 15], 1.0], [[8, 0, 6], 1.0], [[8, 1, 7], 1.0], [[9, 0, 2], 1.0], [[9, 1, 3], 1.0]]}, "a1": {"exec_time": 0.0, "obj": 377, "s": [5, 5, 10, 10, 3, 4, 9, 9, 7, 2, 6, 4, 3, 6, 8, 8, 1, 1, 2, 7]}, "a2": {"exec_time": 0.0, "obj": 377, "s": [5, 5, 10, 10, 3, 4, 9, 9, 7, 2, 6, 4, 3, 6, 8, 8, 1, 1, 2, 7], "ts": 1747941057}, "osp_blp": {"solver": "highs", "exec_time": 0.5279910564422607, "ts": 1747941057, "obj": 377, "x": [16, 17, 9, 18, 4, 12, 5, 11, 0, 1, 10, 13, 8, 19, 14, 15, 6, 7, 2, 3]}}}