{"id": "c6b4b89c526999e2050d93ba1afdb22a", "params": {"p": [2, 2, 2, 2, 2, 2, 2, 2, 2, 2], "w": [3, 10, 21, 24, 30, 11, 9, 22, 8, 30], "d1": [18, 7, 3, 19, 16, 17, 18, 18, 19, 18], "d2": [20, 15, 15, 20, 19, 20, 19, 19, 20, 19], "s1": [6, 6, 1, 8, 11, 14, 18, 9, 18, 18], "s2": [9, 7, 1, 11, 16, 16, 18, 18, 18, 18], "r": [2, 3, 1, 6, 4, 10, 5, 9, 8, 7]}, "results": {"wsrpt": {"exec_time": 0.0, "obj": 1786, "s": [3, 3, 2, 5, 5, 4, 4, 10, 10, 8, 8, 2, 6, 6, 7, 7, 9, 9, 1, 1], "ts": 1747941057}, "lp": {"solver": "highs", "exec_time": 0.4959995746612549, "ts": 1747941058, "obj": 380.0, "x": [[[0, 0, 1], 1.0], [[0, 1, 3], 1.0], [[1, 0, 5], 1.0], [[1, 1, 6], 1.0], [[2, 0, 0], 1.0], [[2, 1, 2], 1.0], [[3, 0, 7], 1.0], [[3, 1, 19], 1.0], [[4, 0, 10], 1.0], [[4, 1, 15], 1.0], [[5, 0, 13], 1.0], [[5, 1, 14], 1.0], [[6, 0, 4], 1.0], [[6, 1, 12], 1.0], [[7, 0, 8], 1.0], [[7, 1, 16], 1.0], [[8, 0, 9], 0.50000025], [[8, 0, 11], 0.49999975], [[8, 1, 9], 0.49999975], [[8, 1, 11], 0.50000025], [[9, 0, 17], 1.0], [[9, 1, 18], 1.0]]}, "a1": {"exec_time": 0.0, "obj": 380, "s": [3, 1, 3, 1, 7, 2, 2, 4, 8, 9, 5, 9, 7, 6, 6, 5, 8, 10, 10, 4]}, "a2": {"exec_time": 0.0, "obj": 380, "s": [3, 1, 3, 1, 7, 2, 2, 4, 8, 9, 5, 9, 7, 6, 6, 5, 8, 10, 10, 4], "ts": 1747941058}, "osp_blp": {"solver": "highs", "exec_time": 0.5629990100860596, "ts": 1747941058, "obj": 380, "x": [1, 3, 5, 6, 0, 2, 7, 19, 10, 15, 13, 14, 4, 12, 8, 16, 9, 11, 17, 18]}}}