{"id": "c758e92e6b41854dbc13952aa37a484c", "params": {"p": [2, 2, 2, 2, 2, 2, 2, 2, 2, 2], "w": [8, 20, 21, 30, 12, 5, 2, 8, 2, 14], "d1": [9, 14, 8, 17, 15, 14, 12, 14, 20, 13], "d2": [18, 14, 10, 18, 20, 20, 19, 18, 20, 16], "s1": [6, 12, 6, 12, 5, 6, 5, 10, 18, 8], "s2": [6, 14, 7, 12, 15, 12, 11, 13, 20, 13], "r": [5, 10, 6, 8, 3, 4, 2, 7, 9, 1]}, "results": {"wsrpt": {"exec_time": 0.0, "obj": 924, "s": [10, 10, 5, 5, 1, 3, 3, 4, 4, 2, 2, 1, 8, 8, 6, 6, 7, 7, 9, 9], "ts": 1747941058}, "lp": {"solver": "highs", "exec_time": 0.40999937057495117, "ts": 1747941058, "obj": 146.0, "x": [[[0, 0, 5], 1.0], [[0, 1, 8], 1.0], [[1, 0, 12], 1.0], [[1, 1, 13], 1.0], [[2, 0, 6], 1.0], [[2, 1, 7], 1.0], [[3, 0, 11], 1.0], [[3, 1, 17], 1.0], [[4, 0, 4], 1.0], [[4, 1, 15], 1.0], [[5, 0, 3], 1.0], [[5, 1, 18], 1.0], [[6, 0, 1], 1.0], [[6, 1, 2], 1.0], [[7, 0, 9], 1.0], [[7, 1, 16], 1.0], [[8, 0, 10], 1.0], [[8, 1, 19], 1.0], [[9, 0, 0], 1.0], [[9, 1, 14], 1.0]]}, "a1": {"exec_time": 0.0, "obj": 146, "s": [10, 7, 7, 6, 5, 1, 3, 3, 1, 8, 9, 4, 2, 2, 10, 5, 8, 4, 6, 9]}, "a2": {"exec_time": 0.0, "obj": 146, "s": [10, 7, 7, 6, 5, 1, 3, 3, 1, 8, 9, 4, 2, 2, 10, 5, 8, 4, 6, 9], "ts": 1747941058}, "osp_blp": {"solver": "highs", "exec_time": 0.46999597549438477, "ts": 1747941058, "obj": 146, "x": [5, 8, 12, 13, 6, 7, 11, 17, 4, 18, 3, 14, 1, 2, 9, 16, 10, 19, 0, 15]}}}