{"id": "c8bf329644936cb20dc1c8ef7c5cbe98", "params": {"p": [2, 2, 2, 2, 2, 2, 2, 2, 2, 2], "w": [12, 7, 10, 20, 6, 15, 4, 26, 26, 28], "d1": [14, 16, 17, 14, 17, 12, 6, 16, 15, 3], "d2": [17, 18, 17, 14, 17, 18, 13, 16, 17, 17], "s1": [10, 14, 12, 14, 9, 9, 4, 15, 11, 2], "s2": [10, 16, 12, 14, 14, 9, 5, 16, 14, 3], "r": [8, 10, 2, 6, 9, 5, 3, 7, 4, 1]}, "results": {"wsrpt": {"exec_time": 0.0, "obj": 1468, "s": [10, 10, 3, 9, 9, 3, 8, 8, 4, 4, 6, 6, 1, 1, 2, 2, 5, 5, 7, 7], "ts": 1747941058}, "lp": {"solver": "highs", "exec_time": 0.4400012493133545, "ts": 1747941059, "obj": 381.0, "x": [[[0, 0, 7], 1.0], [[0, 1, 17], 1.0], [[1, 0, 9], 1.0], [[1, 1, 18], 1.0], [[2, 0, 1], 1.0], [[2, 1, 5], 1.0], [[3, 0, 12], 1.0], [[3, 1, 13], 1.0], [[4, 0, 8], 1.0], [[4, 1, 19], 1.0], [[5, 0, 6], 1.0], [[5, 1, 11], 1.0], [[6, 0, 3], 1.0], [[6, 1, 4], 1.0], [[7, 0, 14], 1.0], [[7, 1, 15], 1.0], [[8, 0, 10], 1.0], [[8, 1, 16], 1.0], [[9, 0, 0], 1.0], [[9, 1, 2], 1.0]]}, "a1": {"exec_time": 0.0, "obj": 381, "s": [10, 3, 10, 7, 7, 3, 6, 1, 5, 2, 9, 6, 4, 4, 8, 8, 9, 1, 2, 5]}, "a2": {"exec_time": 0.0, "obj": 381, "s": [10, 3, 10, 7, 7, 3, 6, 1, 5, 2, 9, 6, 4, 4, 8, 8, 9, 1, 2, 5], "ts": 1747941059}, "osp_blp": {"solver": "highs", "exec_time": 0.5120174884796143, "ts": 1747941059, "obj": 381, "x": [7, 17, 9, 18, 1, 5, 12, 13, 8, 19, 6, 11, 3, 4, 14, 15, 10, 16, 0, 2]}}}