{"id": "c912ba2fb317c2f2601a7b991a24916a", "params": {"p": [2, 2, 2, 2, 2, 2, 2, 2, 2, 2], "w": [29, 20, 2, 1, 11, 14, 17, 26, 28, 30], "d1": [14, 11, 14, 12, 9, 17, 12, 8, 13, 11], "d2": [20, 18, 16, 19, 9, 18, 15, 18, 16, 19], "s1": [10, 9, 14, 9, 8, 8, 9, 6, 9, 6], "s2": [13, 11, 14, 11, 9, 9, 9, 7, 10, 11], "r": [1, 6, 10, 8, 4, 7, 2, 5, 9, 3]}, "results": {"wsrpt": {"exec_time": 0.0, "obj": 1465, "s": [1, 1, 10, 10, 8, 8, 2, 2, 9, 9, 7, 7, 6, 6, 5, 5, 3, 3, 4, 4], "ts": 1747941059}, "lp": {"solver": "highs", "exec_time": 0.4250001907348633, "ts": 1747941059, "obj": 572.0, "x": [[[0, 0, 0], 1.0], [[0, 1, 19], 1.0], [[1, 0, 8], 1.0], [[1, 1, 15], 1.0], [[2, 0, 13], 1.0], [[2, 1, 14], 1.0], [[3, 0, 10], 1.0], [[3, 1, 17], 1.0], [[4, 0, 3], 1.0], [[4, 1, 4], 1.0], [[5, 0, 6], 1.0], [[5, 1, 16], 1.0], [[6, 0, 1], 1.0], [[6, 1, 11], 1.0], [[7, 0, 5], 1.0], [[7, 1, 7], 1.0], [[8, 0, 9], 1.0], [[8, 1, 12], 1.0], [[9, 0, 2], 1.0], [[9, 1, 18], 1.0]]}, "a1": {"exec_time": 0.0, "obj": 572, "s": [1, 7, 10, 5, 5, 8, 6, 8, 2, 9, 4, 7, 9, 3, 3, 2, 6, 4, 10, 1]}, "a2": {"exec_time": 0.0, "obj": 572, "s": [1, 7, 10, 5, 5, 8, 6, 8, 2, 9, 4, 7, 9, 3, 3, 2, 6, 4, 10, 1], "ts": 1747941059}, "osp_blp": {"solver": "highs", "exec_time": 0.5109982490539551, "ts": 1747941059, "obj": 572, "x": [0, 19, 10, 16, 13, 14, 9, 18, 3, 4, 6, 17, 1, 11, 5, 7, 8, 12, 2, 15]}}}