{"id": "c92fde57594401df2c3ed7eda7cacce4", "params": {"p": [2, 2, 2, 2, 2, 2, 2, 2, 2, 2], "w": [30, 11, 11, 26, 21, 27, 11, 16, 5, 27], "d1": [8, 6, 17, 13, 18, 12, 17, 19, 15, 11], "d2": [19, 17, 17, 16, 20, 15, 17, 20, 15, 19], "s1": [5, 5, 13, 11, 16, 6, 5, 9, 15, 11], "s2": [5, 6, 13, 12, 16, 6, 6, 14, 15, 11], "r": [2, 3, 5, 10, 8, 6, 4, 1, 9, 7]}, "results": {"wsrpt": {"exec_time": 0.0, "obj": 1285, "s": [8, 8, 1, 1, 2, 6, 6, 10, 10, 4, 4, 2, 5, 5, 3, 3, 7, 7, 9, 9], "ts": 1747941059}, "lp": {"solver": "highs", "exec_time": 0.41500043869018555, "ts": 1747941060, "obj": 394.0, "x": [[[0, 0, 1], 1.0], [[0, 1, 7], 1.0], [[1, 0, 2], 1.0], [[1, 1, 4], 1.0], [[2, 0, 6], 1.0], [[2, 1, 17], 1.0], [[3, 0, 11], 1.0], [[3, 1, 13], 1.0], [[4, 0, 15], 1.0], [[4, 1, 18], 1.0], [[5, 0, 5], 1.0], [[5, 1, 12], 1.0], [[6, 0, 3], 1.0], [[6, 1, 16], 1.0], [[7, 0, 0], 1.0], [[7, 1, 19], 1.0], [[8, 0, 8], 1.0], [[8, 1, 9], 1.0], [[9, 0, 10], 1.0], [[9, 1, 14], 1.0]]}, "a1": {"exec_time": 0.0, "obj": 394, "s": [8, 1, 2, 7, 2, 6, 3, 1, 9, 9, 10, 4, 6, 4, 10, 5, 7, 3, 5, 8]}, "a2": {"exec_time": 0.0, "obj": 394, "s": [8, 1, 2, 7, 2, 6, 3, 1, 9, 9, 10, 4, 6, 4, 10, 5, 7, 3, 5, 8], "ts": 1747941060}, "osp_blp": {"solver": "highs", "exec_time": 0.5019993782043457, "ts": 1747941060, "obj": 394, "x": [1, 7, 2, 4, 6, 16, 11, 13, 15, 19, 5, 14, 3, 17, 0, 18, 8, 9, 10, 12]}}}