{"id": "c947edde809be86b5d8fb7a5b69105fd", "params": {"p": [2, 2, 2, 2, 2, 2, 2, 2, 2, 2], "w": [22, 24, 20, 5, 13, 20, 22, 4, 2, 25], "d1": [11, 16, 12, 13, 9, 14, 13, 8, 9, 15], "d2": [17, 16, 12, 13, 20, 17, 18, 15, 17, 20], "s1": [5, 9, 10, 13, 7, 5, 9, 5, 6, 2], "s2": [6, 16, 11, 13, 8, 7, 12, 5, 7, 12], "r": [4, 8, 10, 7, 3, 2, 9, 5, 6, 1]}, "results": {"wsrpt": {"exec_time": 0.0, "obj": 1074, "s": [10, 10, 6, 6, 1, 1, 5, 5, 2, 2, 7, 7, 3, 3, 4, 4, 8, 8, 9, 9], "ts": 1747941060}, "lp": {"solver": "highs", "exec_time": 0.47499752044677734, "ts": 1747941060, "obj": 168.0, "x": [[[0, 0, 3], 1.0], [[0, 1, 10], 1.0], [[1, 0, 14], 1.0], [[1, 1, 15], 1.0], [[2, 0, 9], 1.0], [[2, 1, 11], 1.0], [[3, 0, 12], 1.0], [[3, 1, 13], 1.0], [[4, 0, 2], 1.0], [[4, 1, 18], 1.0], [[5, 0, 1], 1.0], [[5, 1, 16], 1.0], [[6, 0, 8], 1.0], [[6, 1, 17], 1.0], [[7, 0, 4], 1.0], [[7, 1, 7], 1.0], [[8, 0, 5], 1.0], [[8, 1, 6], 1.0], [[9, 0, 0], 1.0], [[9, 1, 19], 1.0]]}, "a1": {"exec_time": 0.0, "obj": 168, "s": [10, 6, 5, 1, 8, 9, 9, 8, 7, 3, 1, 3, 4, 4, 2, 2, 6, 7, 5, 10]}, "a2": {"exec_time": 0.015625, "obj": 168, "s": [10, 6, 5, 1, 8, 9, 9, 8, 7, 3, 1, 3, 4, 4, 2, 2, 6, 7, 5, 10], "ts": 1747941060}, "osp_blp": {"solver": "highs", "exec_time": 0.4929959774017334, "ts": 1747941060, "obj": 168, "x": [3, 10, 14, 15, 9, 11, 12, 13, 2, 19, 1, 16, 8, 17, 4, 7, 5, 6, 0, 18]}}}