{"id": "ca90f15656e7b98530761a17c8172c19", "params": {"p": [2, 2, 2, 2, 2, 2, 2, 2, 2, 2], "w": [24, 13, 7, 7, 11, 23, 29, 16, 9, 24], "d1": [7, 20, 11, 17, 11, 10, 12, 8, 17, 9], "d2": [10, 20, 15, 19, 20, 14, 12, 19, 17, 11], "s1": [7, 19, 3, 10, 6, 7, 10, 7, 7, 7], "s2": [7, 20, 11, 12, 8, 9, 10, 7, 9, 7], "r": [3, 10, 2, 8, 6, 4, 9, 1, 5, 7]}, "results": {"wsrpt": {"exec_time": 0.0, "obj": 1054, "s": [8, 8, 1, 1, 6, 6, 10, 10, 7, 7, 2, 2, 5, 5, 9, 9, 3, 3, 4, 4], "ts": 1747941060}, "lp": {"solver": "highs", "exec_time": 0.4629976749420166, "ts": 1747941061, "obj": 256.0, "x": [[[0, 0, 3], 1.0], [[0, 1, 8], 1.0], [[1, 0, 18], 1.0], [[1, 1, 19], 1.0], [[2, 0, 1], 1.0], [[2, 1, 2], 1.0], [[3, 0, 12], 1.0], [[3, 1, 17], 1.0], [[4, 0, 5], 1.0], [[4, 1, 14], 1.0], [[5, 0, 7], 1.0], [[5, 1, 13], 1.0], [[6, 0, 9], 1.0], [[6, 1, 11], 1.0], [[7, 0, 0], 1.0], [[7, 1, 15], 1.0], [[8, 0, 4], 1.0], [[8, 1, 16], 1.0], [[9, 0, 6], 1.0], [[9, 1, 10], 1.0]]}, "a1": {"exec_time": 0.0, "obj": 256, "s": [8, 3, 3, 1, 9, 5, 10, 6, 1, 7, 10, 7, 4, 6, 5, 8, 9, 4, 2, 2]}, "a2": {"exec_time": 0.0, "obj": 256, "s": [8, 3, 3, 1, 9, 5, 10, 6, 1, 7, 10, 7, 4, 6, 5, 8, 9, 4, 2, 2], "ts": 1747941061}, "osp_blp": {"solver": "highs", "exec_time": 0.5200021266937256, "ts": 1747941061, "obj": 256, "x": [3, 7, 18, 19, 1, 2, 12, 17, 5, 14, 8, 13, 9, 11, 0, 15, 4, 16, 6, 10]}}}