{"id": "cb448b258b90b9a075277248b651b092", "params": {"p": [2, 2, 2, 2, 2, 2, 2, 2, 2, 2], "w": [1, 16, 9, 7, 22, 26, 12, 24, 7, 6], "d1": [16, 14, 6, 14, 20, 17, 7, 14, 11, 18], "d2": [17, 15, 17, 20, 20, 18, 7, 15, 16, 19], "s1": [7, 14, 6, 13, 11, 11, 4, 8, 10, 15], "s2": [7, 14, 6, 14, 14, 14, 6, 14, 10, 16], "r": [5, 9, 4, 7, 10, 8, 2, 6, 1, 3]}, "results": {"wsrpt": {"exec_time": 0.0, "obj": 949, "s": [9, 9, 7, 7, 3, 8, 8, 6, 6, 5, 5, 3, 2, 2, 4, 4, 10, 10, 1, 1], "ts": 1747941061}, "lp": {"solver": "highs", "exec_time": 0.48200225830078125, "ts": 1747941061, "obj": 202.0, "x": [[[0, 0, 4], 1.0], [[0, 1, 8], 1.0], [[1, 0, 12], 1.0], [[1, 1, 13], 1.0], [[2, 0, 3], 1.0], [[2, 1, 5], 1.0], [[3, 0, 9], 1.0], [[3, 1, 18], 1.0], [[4, 0, 10], 1.0], [[4, 1, 19], 1.0], [[5, 0, 11], 1.0], [[5, 1, 16], 1.0], [[6, 0, 2], 1.0], [[6, 1, 6], 1.0], [[7, 0, 7], 1.0], [[7, 1, 14], 1.0], [[8, 0, 0], 1.0], [[8, 1, 1], 1.0], [[9, 0, 15], 1.0], [[9, 1, 17], 1.0]]}, "a1": {"exec_time": 0.0, "obj": 202, "s": [9, 9, 7, 3, 1, 3, 7, 8, 1, 4, 5, 6, 2, 2, 8, 10, 6, 10, 4, 5]}, "a2": {"exec_time": 0.0, "obj": 202, "s": [9, 9, 7, 3, 1, 3, 7, 8, 1, 4, 5, 6, 2, 2, 8, 10, 6, 10, 4, 5], "ts": 1747941061}, "osp_blp": {"solver": "highs", "exec_time": 0.4949977397918701, "ts": 1747941061, "obj": 202, "x": [4, 8, 12, 13, 3, 5, 9, 17, 10, 19, 11, 16, 2, 6, 7, 14, 0, 1, 15, 18]}}}