{"id": "cc575a84b0ed70527b7522554831d1bf", "params": {"p": [2, 2, 2, 2, 2, 2, 2, 2, 2, 2], "w": [7, 30, 11, 20, 20, 21, 20, 28, 17, 5], "d1": [16, 6, 20, 8, 18, 8, 14, 15, 12, 11], "d2": [18, 18, 20, 12, 19, 17, 16, 18, 20, 20], "s1": [10, 5, 7, 3, 1, 6, 14, 8, 11, 11], "s2": [11, 5, 19, 8, 3, 8, 14, 13, 11, 11], "r": [9, 4, 3, 2, 1, 6, 10, 8, 5, 7]}, "results": {"wsrpt": {"exec_time": 0.0, "obj": 800, "s": [5, 5, 4, 4, 2, 2, 6, 6, 8, 8, 7, 7, 9, 9, 3, 3, 1, 1, 10, 10], "ts": 1747941061}, "lp": {"solver": "highs", "exec_time": 0.4549994468688965, "ts": 1747941062, "obj": 144.0, "x": [[[0, 0, 9], 1.0], [[0, 1, 15], 1.0], [[1, 0, 3], 1.0], [[1, 1, 4], 1.0], [[2, 0, 2], 1.0], [[2, 1, 19], 1.0], [[3, 0, 1], 1.0], [[3, 1, 7], 1.0], [[4, 0, 0], 1.0], [[4, 1, 17], 1.0], [[5, 0, 5], 1.0], [[5, 1, 8], 1.0], [[6, 0, 13], 1.0], [[6, 1, 14], 1.0], [[7, 0, 11], 1.0], [[7, 1, 16], 1.0], [[8, 0, 10], 1.0], [[8, 1, 12], 1.0], [[9, 0, 6], 1.0], [[9, 1, 18], 1.0]]}, "a1": {"exec_time": 0.0, "obj": 144, "s": [5, 4, 3, 2, 2, 6, 10, 4, 6, 1, 9, 8, 9, 7, 7, 1, 8, 5, 10, 3]}, "a2": {"exec_time": 0.0, "obj": 144, "s": [5, 4, 3, 2, 2, 6, 10, 4, 6, 1, 9, 8, 9, 7, 7, 1, 8, 5, 10, 3], "ts": 1747941062}, "osp_blp": {"solver": "highs", "exec_time": 0.5019991397857666, "ts": 1747941062, "obj": 144, "x": [9, 15, 3, 4, 2, 19, 1, 8, 0, 17, 5, 7, 13, 14, 12, 16, 10, 11, 6, 18]}}}