{"id": "cc7b19eb93524870429aadcfb2185c9c", "params": {"p": [2, 2, 2, 2, 2, 2, 2, 2, 2, 2], "w": [21, 1, 17, 29, 21, 14, 20, 14, 10, 4], "d1": [16, 13, 14, 14, 14, 12, 10, 17, 11, 12], "d2": [17, 17, 14, 16, 18, 15, 18, 17, 16, 14], "s1": [9, 8, 10, 10, 14, 11, 7, 7, 6, 9], "s2": [10, 8, 13, 13, 14, 12, 8, 17, 9, 12], "r": [3, 8, 9, 5, 10, 4, 6, 1, 2, 7]}, "results": {"wsrpt": {"exec_time": 0.0, "obj": 1403, "s": [8, 8, 1, 1, 4, 4, 7, 7, 3, 3, 5, 5, 6, 6, 9, 9, 10, 10, 2, 2], "ts": 1747941062}, "lp": {"solver": "highs", "exec_time": 0.4569892883300781, "ts": 1747941062, "obj": 466.0, "x": [[[0, 0, 4], 1.0], [[0, 1, 15], 1.0], [[1, 0, 7], 1.0], [[1, 1, 19], 1.0], [[2, 0, 9], 1.0], [[2, 1, 12], 1.0], [[3, 0, 10], 1.0], [[3, 1, 14], 1.0], [[4, 0, 13], 1.0], [[4, 1, 17], 1.0], [[5, 0, 3], 1.0], [[5, 1, 11], 1.0], [[6, 0, 5], 1.0], [[6, 1, 18], 1.0], [[7, 0, 0], 1.0], [[7, 1, 16], 1.0], [[8, 0, 1], 1.0], [[8, 1, 2], 1.0], [[9, 0, 6], 1.0], [[9, 1, 8], 1.0]]}, "a1": {"exec_time": 0.0, "obj": 466, "s": [8, 9, 9, 6, 1, 7, 10, 2, 10, 3, 4, 6, 3, 5, 4, 1, 8, 5, 7, 2]}, "a2": {"exec_time": 0.0, "obj": 466, "s": [8, 9, 9, 6, 1, 7, 10, 2, 10, 3, 4, 6, 3, 5, 4, 1, 8, 5, 7, 2], "ts": 1747941062}, "osp_blp": {"solver": "highs", "exec_time": 0.5279991626739502, "ts": 1747941062, "obj": 466, "x": [4, 15, 7, 19, 9, 12, 10, 14, 13, 17, 3, 11, 5, 18, 0, 16, 1, 2, 6, 8]}}}