{"id": "cc7f15787842a757e9d3ed4f91c706ee", "params": {"p": [2, 2, 2, 2, 2, 2, 2, 2, 2, 2], "w": [7, 4, 2, 22, 10, 25, 11, 2, 1, 10], "d1": [18, 14, 9, 19, 11, 11, 16, 9, 20, 19], "d2": [20, 14, 18, 19, 14, 12, 16, 14, 20, 19], "s1": [17, 11, 1, 8, 11, 7, 16, 9, 7, 18], "s2": [18, 12, 6, 19, 11, 11, 16, 9, 20, 19], "r": [9, 8, 1, 7, 4, 3, 2, 5, 6, 10]}, "results": {"wsrpt": {"exec_time": 0.0, "obj": 1150, "s": [3, 7, 6, 6, 7, 5, 4, 4, 5, 10, 10, 1, 1, 2, 2, 3, 8, 8, 9, 9], "ts": 1747941062}, "lp": {"solver": "highs", "exec_time": 0.4070005416870117, "ts": 1747941063, "obj": 263.0, "x": [[[0, 0, 13], 1.0], [[0, 1, 16], 1.0], [[1, 0, 9], 1.0], [[1, 1, 12], 1.0], [[2, 0, 0], 1.0], [[2, 1, 1], 1.0], [[3, 0, 7], 1.0], [[3, 1, 18], 1.0], [[4, 0, 3], 1.0], [[4, 1, 11], 1.0], [[5, 0, 2], 1.0], [[5, 1, 10], 1.0], [[6, 0, 14], 0.5000005000000001], [[6, 0, 15], 0.4999995], [[6, 1, 14], 0.4999994999999999], [[6, 1, 15], 0.5000005000000001], [[7, 0, 4], 1.0], [[7, 1, 8], 1.0], [[8, 0, 5], 1.0], [[8, 1, 6], 1.0], [[9, 0, 17], 1.0], [[9, 1, 19], 1.0]]}, "a1": {"exec_time": 0.0, "obj": 263, "s": [3, 3, 6, 5, 8, 9, 9, 4, 8, 2, 6, 5, 2, 1, 7, 7, 1, 10, 4, 10]}, "a2": {"exec_time": 0.0, "obj": 263, "s": [3, 3, 6, 5, 8, 9, 9, 4, 8, 2, 6, 5, 2, 1, 7, 7, 1, 10, 4, 10], "ts": 1747941063}, "osp_blp": {"solver": "highs", "exec_time": 0.4530012607574463, "ts": 1747941063, "obj": 263, "x": [13, 16, 9, 12, 0, 1, 7, 18, 3, 11, 2, 10, 14, 15, 4, 8, 5, 6, 17, 19]}}}