{"id": "cd4bc383be03e4093f58013faf5213c6", "params": {"p": [2, 2, 2, 2, 2, 2, 2, 2, 2, 2], "w": [29, 14, 13, 16, 3, 11, 16, 16, 10, 24], "d1": [13, 17, 11, 17, 5, 17, 18, 20, 6, 16], "d2": [15, 18, 12, 20, 16, 17, 19, 20, 17, 16], "s1": [10, 8, 11, 14, 2, 1, 6, 9, 4, 14], "s2": [13, 16, 11, 15, 3, 7, 12, 20, 4, 14], "r": [9, 5, 7, 6, 2, 1, 4, 8, 3, 10]}, "results": {"wsrpt": {"exec_time": 0.0, "obj": 1269, "s": [6, 6, 9, 9, 7, 7, 4, 4, 1, 1, 10, 10, 8, 8, 2, 2, 3, 3, 5, 5], "ts": 1747941063}, "lp": {"solver": "highs", "exec_time": 0.4230010509490967, "ts": 1747941063, "obj": 122.0, "x": [[[0, 0, 9], 1.0], [[0, 1, 12], 1.0], [[1, 0, 7], 1.0], [[1, 1, 16], 1.0], [[2, 0, 6], 1.0], [[2, 1, 10], 1.0], [[3, 0, 11], 1.0], [[3, 1, 18], 1.0], [[4, 0, 1], 1.0], [[4, 1, 2], 1.0], [[5, 0, 0], 1.0], [[5, 1, 14], 1.0], [[6, 0, 5], 1.0], [[6, 1, 17], 1.0], [[7, 0, 8], 1.0], [[7, 1, 19], 1.0], [[8, 0, 3], 1.0], [[8, 1, 4], 1.0], [[9, 0, 13], 1.0], [[9, 1, 15], 1.0]]}, "a1": {"exec_time": 0.0, "obj": 122, "s": [6, 5, 5, 9, 9, 7, 3, 2, 8, 1, 3, 4, 1, 10, 6, 10, 2, 7, 4, 8]}, "a2": {"exec_time": 0.0, "obj": 122, "s": [6, 5, 5, 9, 9, 7, 3, 2, 8, 1, 3, 4, 1, 10, 6, 10, 2, 7, 4, 8], "ts": 1747941063}, "osp_blp": {"solver": "highs", "exec_time": 0.4719967842102051, "ts": 1747941063, "obj": 122, "x": [9, 12, 7, 16, 6, 10, 11, 17, 1, 2, 0, 14, 5, 18, 8, 19, 3, 4, 13, 15]}}}