{"id": "cd558a3fb2f0b9323f403fd3181d110c", "params": {"p": [2, 2, 2, 2, 2, 2, 2, 2, 2, 2], "w": [27, 15, 15, 3, 26, 17, 21, 2, 27, 8], "d1": [12, 11, 9, 19, 10, 17, 19, 13, 14, 17], "d2": [18, 19, 11, 19, 18, 19, 20, 14, 19, 20], "s1": [4, 8, 9, 11, 10, 13, 16, 13, 13, 11], "s2": [9, 9, 9, 13, 10, 16, 18, 13, 13, 11], "r": [2, 1, 5, 6, 7, 3, 9, 8, 4, 10]}, "results": {"wsrpt": {"exec_time": 0.0, "obj": 1684, "s": [2, 2, 1, 1, 9, 9, 5, 5, 7, 7, 6, 6, 3, 3, 10, 10, 4, 4, 8, 8], "ts": 1747941063}, "lp": {"solver": "highs", "exec_time": 0.42400074005126953, "ts": 1747941064, "obj": 531.0, "x": [[[0, 0, 3], 1.0], [[0, 1, 11], 1.0], [[1, 0, 0], 1.0], [[1, 1, 1], 1.0], [[2, 0, 4], 1.0], [[2, 1, 8], 1.0], [[3, 0, 5], 1.0], [[3, 1, 6], 1.0], [[4, 0, 9], 1.0], [[4, 1, 14], 1.0], [[5, 0, 2], 1.0], [[5, 1, 16], 1.0], [[6, 0, 17], 1.0], [[6, 1, 18], 1.0], [[7, 0, 7], 1.0], [[7, 1, 13], 1.0], [[8, 0, 12], 1.0], [[8, 1, 15], 1.0], [[9, 0, 10], 1.0], [[9, 1, 19], 1.0]]}, "a1": {"exec_time": 0.0, "obj": 531, "s": [2, 2, 6, 1, 3, 4, 4, 8, 3, 5, 10, 1, 9, 8, 5, 9, 6, 7, 7, 10]}, "a2": {"exec_time": 0.0, "obj": 531, "s": [2, 2, 6, 1, 3, 4, 4, 8, 3, 5, 10, 1, 9, 8, 5, 9, 6, 7, 7, 10], "ts": 1747941064}, "osp_blp": {"solver": "highs", "exec_time": 0.4900023937225342, "ts": 1747941064, "obj": 531, "x": [3, 16, 0, 1, 4, 8, 5, 6, 9, 11, 2, 17, 15, 18, 7, 13, 12, 14, 10, 19]}}}