{"id": "cd6c81f8e2fd0fef08787bdfd47ab4f9", "params": {"p": [2, 2, 2, 2, 2, 2, 2, 2, 2, 2], "w": [20, 9, 8, 30, 1, 23, 21, 28, 28, 18], "d1": [15, 12, 10, 19, 13, 15, 9, 14, 17, 11], "d2": [15, 19, 19, 19, 15, 19, 16, 16, 20, 16], "s1": [11, 11, 8, 11, 11, 9, 7, 1, 7, 11], "s2": [13, 11, 10, 15, 11, 15, 9, 1, 15, 11], "r": [2, 8, 7, 10, 6, 9, 3, 1, 4, 5]}, "results": {"wsrpt": {"exec_time": 0.0, "obj": 1575, "s": [8, 8, 7, 7, 9, 9, 1, 1, 6, 6, 4, 4, 10, 10, 2, 2, 3, 3, 5, 5], "ts": 1747941064}, "lp": {"solver": "highs", "exec_time": 0.41699767112731934, "ts": 1747941064, "obj": 445.0, "x": [[[0, 0, 1], 1.0], [[0, 1, 14], 1.0], [[1, 0, 9], 1.0], [[1, 1, 15], 1.0], [[2, 0, 7], 1.0], [[2, 1, 17], 1.0], [[3, 0, 12], 1.0], [[3, 1, 18], 1.0], [[4, 0, 5], 1.0], [[4, 1, 6], 1.0], [[5, 0, 8], 1.0], [[5, 1, 16], 1.0], [[6, 0, 2], 1.0], [[6, 1, 3], 1.0], [[7, 0, 0], 1.0], [[7, 1, 13], 1.0], [[8, 0, 4], 1.0], [[8, 1, 19], 1.0], [[9, 0, 10], 1.0], [[9, 1, 11], 1.0]]}, "a1": {"exec_time": 0.0, "obj": 445, "s": [8, 1, 7, 7, 9, 5, 5, 3, 6, 2, 10, 10, 4, 8, 1, 2, 6, 3, 4, 9]}, "a2": {"exec_time": 0.0, "obj": 445, "s": [8, 1, 7, 7, 9, 5, 5, 3, 6, 2, 10, 10, 4, 8, 1, 2, 6, 3, 4, 9], "ts": 1747941064}, "osp_blp": {"solver": "highs", "exec_time": 0.4780001640319824, "ts": 1747941064, "obj": 445, "x": [1, 14, 9, 16, 7, 11, 12, 18, 5, 6, 8, 17, 2, 3, 0, 13, 4, 19, 10, 15]}}}