{"id": "ce36f588a4b78578eb2f2e848c3bf0d2", "params": {"p": [2, 2, 2, 2, 2, 2, 2, 2, 2, 2], "w": [2, 24, 2, 5, 9, 19, 11, 7, 9, 14], "d1": [15, 19, 14, 20, 8, 16, 13, 18, 6, 10], "d2": [16, 19, 16, 20, 19, 16, 18, 20, 19, 14], "s1": [13, 19, 10, 11, 7, 9, 9, 15, 6, 7], "s2": [14, 19, 10, 14, 7, 9, 11, 15, 6, 10], "r": [10, 9, 5, 6, 2, 3, 7, 8, 4, 1]}, "results": {"wsrpt": {"exec_time": 0.0, "obj": 1255, "s": [10, 10, 6, 6, 5, 5, 7, 7, 2, 2, 9, 9, 8, 8, 4, 4, 1, 1, 3, 3], "ts": 1747941064}, "lp": {"solver": "highs", "exec_time": 0.4440014362335205, "ts": 1747941065, "obj": 262.0, "x": [[[0, 0, 11], 1.0], [[0, 1, 13], 1.0], [[1, 0, 17], 0.5000005000000021], [[1, 0, 18], 0.499999499999998], [[1, 1, 17], 0.4999994999999979], [[1, 1, 18], 0.5000005000000021], [[2, 0, 4], 1.0], [[2, 1, 6], 1.0], [[3, 0, 10], 1.0], [[3, 1, 19], 1.0], [[4, 0, 1], 1.0], [[4, 1, 2], 1.0], [[5, 0, 8], 1.0], [[5, 1, 15], 1.0], [[6, 0, 7], 1.0], [[6, 1, 12], 1.0], [[7, 0, 14], 1.0], [[7, 1, 16], 1.0], [[8, 0, 3], 1.0], [[8, 1, 5], 1.0], [[9, 0, 0], 1.0], [[9, 1, 9], 1.0]]}, "a1": {"exec_time": 0.0, "obj": 262, "s": [10, 5, 5, 9, 3, 9, 3, 7, 6, 10, 4, 1, 7, 1, 8, 6, 8, 2, 2, 4]}, "a2": {"exec_time": 0.0, "obj": 262, "s": [10, 5, 5, 9, 3, 9, 3, 7, 6, 10, 4, 1, 7, 1, 8, 6, 8, 2, 2, 4], "ts": 1747941065}, "osp_blp": {"solver": "highs", "exec_time": 0.5039961338043213, "ts": 1747941065, "obj": 262, "x": [11, 13, 17, 18, 4, 6, 10, 19, 1, 2, 8, 15, 7, 12, 14, 16, 3, 5, 0, 9]}}}