{"id": "cf07de969363a806a7d46722187950a7", "params": {"p": [2, 2, 2, 2, 2, 2, 2, 2, 2, 2], "w": [13, 8, 10, 29, 24, 29, 2, 17, 15, 9], "d1": [11, 17, 15, 14, 10, 10, 14, 14, 19, 17], "d2": [13, 18, 16, 18, 20, 19, 20, 17, 19, 18], "s1": [2, 16, 12, 9, 8, 6, 10, 4, 14, 9], "s2": [7, 17, 13, 13, 10, 6, 12, 6, 15, 17], "r": [2, 10, 9, 1, 4, 5, 6, 3, 8, 7]}, "results": {"wsrpt": {"exec_time": 0.0, "obj": 1279, "s": [4, 4, 8, 8, 6, 6, 5, 5, 9, 9, 1, 1, 3, 3, 10, 10, 2, 2, 7, 7], "ts": 1747941065}, "lp": {"solver": "highs", "exec_time": 0.47500133514404297, "ts": 1747941065, "obj": 418.0, "x": [[[0, 0, 1], 1.0], [[0, 1, 2], 1.0], [[1, 0, 16], 1.0], [[1, 1, 19], 1.0], [[2, 0, 11], 1.0], [[2, 1, 14], 1.0], [[3, 0, 0], 1.0], [[3, 1, 13], 1.0], [[4, 0, 7], 1.0], [[4, 1, 9], 1.0], [[5, 0, 4], 1.0], [[5, 1, 10], 1.0], [[6, 0, 5], 1.0], [[6, 1, 6], 1.0], [[7, 0, 3], 1.0], [[7, 1, 15], 1.0], [[8, 0, 12], 1.0], [[8, 1, 18], 1.0], [[9, 0, 8], 1.0], [[9, 1, 17], 1.0]]}, "a1": {"exec_time": 0.0, "obj": 418, "s": [4, 1, 1, 8, 6, 7, 7, 5, 10, 5, 6, 3, 9, 4, 3, 8, 2, 10, 9, 2]}, "a2": {"exec_time": 0.0, "obj": 418, "s": [4, 1, 1, 8, 6, 7, 7, 5, 10, 5, 6, 3, 9, 4, 3, 8, 2, 10, 9, 2], "ts": 1747941065}, "osp_blp": {"solver": "highs", "exec_time": 0.5150017738342285, "ts": 1747941065, "obj": 418, "x": [1, 2, 16, 19, 11, 15, 0, 13, 7, 9, 4, 10, 5, 6, 3, 14, 12, 18, 8, 17]}}}