{"id": "cfa25f8b0a7dbf7342bb2747b9aaf885", "params": {"p": [2, 2, 2, 2, 2, 2, 2, 2, 2, 2], "w": [10, 14, 15, 13, 27, 17, 29, 2, 7, 24], "d1": [11, 20, 18, 14, 9, 16, 8, 7, 15, 11], "d2": [19, 20, 19, 14, 19, 19, 9, 7, 20, 18], "s1": [11, 13, 13, 8, 1, 16, 7, 7, 14, 7], "s2": [11, 20, 18, 14, 2, 16, 8, 7, 15, 11], "r": [8, 7, 3, 2, 1, 9, 6, 4, 10, 5]}, "results": {"wsrpt": {"exec_time": 0.0, "obj": 1182, "s": [5, 5, 3, 3, 10, 10, 7, 7, 6, 6, 2, 2, 4, 4, 1, 1, 9, 9, 8, 8], "ts": 1747941065}, "lp": {"solver": "highs", "exec_time": 0.4179990291595459, "ts": 1747941066, "obj": 265.0, "x": [[[0, 0, 9], 1.0], [[0, 1, 11], 1.0], [[1, 0, 14], 1.0], [[1, 1, 19], 1.0], [[2, 0, 12], 1.0], [[2, 1, 17], 1.0], [[3, 0, 1], 1.0], [[3, 1, 2], 1.0], [[4, 0, 0], 1.0], [[4, 1, 8], 1.0], [[5, 0, 15], 1.0], [[5, 1, 16], 1.0], [[6, 0, 6], 1.0], [[6, 1, 7], 1.0], [[7, 0, 3], 1.0], [[7, 1, 4], 1.0], [[8, 0, 13], 1.0], [[8, 1, 18], 1.0], [[9, 0, 5], 1.0], [[9, 1, 10], 1.0]]}, "a1": {"exec_time": 0.0, "obj": 265, "s": [5, 4, 4, 8, 8, 10, 7, 7, 5, 1, 10, 1, 3, 9, 2, 6, 6, 3, 9, 2]}, "a2": {"exec_time": 0.0, "obj": 265, "s": [5, 4, 4, 8, 8, 10, 7, 7, 5, 1, 10, 1, 3, 9, 2, 6, 6, 3, 9, 2], "ts": 1747941066}, "osp_blp": {"solver": "highs", "exec_time": 0.4469931125640869, "ts": 1747941066, "obj": 265, "x": [9, 11, 14, 19, 12, 18, 1, 2, 0, 8, 15, 16, 6, 7, 3, 4, 13, 17, 5, 10]}}}