{"id": "cfee1bad46d214ad2bb61002d83da511", "params": {"p": [2, 2, 2, 2, 2, 2, 2, 2, 2, 2], "w": [14, 25, 15, 8, 28, 4, 26, 11, 6, 8], "d1": [18, 20, 20, 7, 17, 13, 9, 15, 18, 16], "d2": [19, 20, 20, 16, 19, 14, 16, 19, 19, 17], "s1": [7, 14, 10, 7, 13, 6, 8, 7, 16, 13], "s2": [7, 20, 16, 7, 15, 13, 9, 14, 18, 16], "r": [4, 9, 2, 3, 1, 6, 5, 7, 8, 10]}, "results": {"wsrpt": {"exec_time": 0.0, "obj": 1901, "s": [5, 5, 3, 3, 7, 7, 1, 1, 2, 2, 8, 8, 4, 4, 10, 10, 9, 9, 6, 6], "ts": 1747941066}, "lp": {"solver": "highs", "exec_time": 0.5300049781799316, "ts": 1747941066, "obj": 633.0, "x": [[[0, 0, 4], 1.0], [[0, 1, 17], 1.0], [[1, 0, 13], 1.0], [[1, 1, 19], 1.0], [[2, 0, 1], 1.0], [[2, 1, 18], 1.0], [[3, 0, 2], 1.0], [[3, 1, 3], 1.0], [[4, 0, 0], 1.0], [[4, 1, 16], 1.0], [[5, 0, 5], 1.0], [[5, 1, 9], 1.0], [[6, 0, 7], 1.0], [[6, 1, 8], 1.0], [[7, 0, 6], 1.0], [[7, 1, 14], 1.0], [[8, 0, 10], 0.5000004999999996], [[8, 0, 11], 0.4999995000000003], [[8, 1, 10], 0.4999995000000003], [[8, 1, 11], 0.5000004999999997], [[9, 0, 12], 1.0], [[9, 1, 15], 1.0]]}, "a1": {"exec_time": 0.0, "obj": 633, "s": [5, 3, 4, 4, 1, 6, 8, 7, 7, 6, 9, 9, 10, 2, 8, 10, 5, 1, 3, 2]}, "a2": {"exec_time": 0.0, "obj": 633, "s": [5, 3, 4, 4, 1, 6, 8, 7, 7, 6, 9, 9, 10, 2, 8, 10, 5, 1, 3, 2], "ts": 1747941066}, "osp_blp": {"solver": "highs", "exec_time": 0.5860013961791992, "ts": 1747941066, "obj": 633, "x": [4, 17, 13, 19, 1, 18, 2, 3, 0, 16, 5, 9, 7, 8, 6, 14, 10, 11, 12, 15]}}}