{"id": "d0ac0e0f141edf0797f4a3613cce1b3a", "params": {"p": [2, 2, 2, 2, 2, 2, 2, 2, 2, 2], "w": [28, 28, 11, 10, 14, 6, 29, 7, 27, 21], "d1": [20, 10, 18, 14, 12, 6, 9, 12, 19, 9], "d2": [20, 12, 18, 19, 14, 9, 10, 13, 20, 16], "s1": [16, 8, 10, 14, 12, 1, 7, 12, 11, 2], "s2": [20, 9, 17, 14, 12, 5, 8, 12, 12, 8], "r": [8, 4, 9, 6, 10, 1, 7, 5, 3, 2]}, "results": {"wsrpt": {"exec_time": 0.0, "obj": 1437, "s": [6, 10, 10, 2, 2, 9, 9, 7, 7, 1, 1, 5, 5, 6, 3, 3, 4, 4, 8, 8], "ts": 1747941066}, "lp": {"solver": "highs", "exec_time": 0.43599987030029297, "ts": 1747941067, "obj": 214.0, "x": [[[0, 0, 15], 1.0], [[0, 1, 19], 1.0], [[1, 0, 7], 1.0], [[1, 1, 9], 1.0], [[2, 0, 14], 1.0], [[2, 1, 17], 1.0], [[3, 0, 13], 1.0], [[3, 1, 16], 1.0], [[4, 0, 11], 1.0], [[4, 1, 12], 1.0], [[5, 0, 0], 1.0], [[5, 1, 2], 1.0], [[6, 0, 6], 1.0], [[6, 1, 8], 1.0], [[7, 0, 4], 1.0], [[7, 1, 5], 1.0], [[8, 0, 10], 1.0], [[8, 1, 18], 1.0], [[9, 0, 1], 1.0], [[9, 1, 3], 1.0]]}, "a1": {"exec_time": 0.0, "obj": 214, "s": [6, 10, 6, 10, 8, 8, 7, 2, 7, 2, 9, 5, 5, 4, 3, 1, 4, 3, 9, 1]}, "a2": {"exec_time": 0.0, "obj": 214, "s": [6, 10, 6, 10, 8, 8, 7, 2, 7, 2, 9, 5, 5, 4, 3, 1, 4, 3, 9, 1], "ts": 1747941067}, "osp_blp": {"solver": "highs", "exec_time": 0.46801257133483887, "ts": 1747941067, "obj": 214, "x": [16, 19, 7, 9, 15, 17, 13, 14, 11, 12, 0, 2, 6, 8, 4, 5, 10, 18, 1, 3]}}}