{"id": "d111d9b06003de30e7b347c1c204568f", "params": {"p": [2, 2, 2, 2, 2, 2, 2, 2, 2, 2], "w": [30, 8, 18, 7, 7, 5, 12, 22, 8, 26], "d1": [17, 16, 9, 18, 4, 19, 12, 9, 16, 14], "d2": [18, 17, 11, 20, 5, 19, 17, 19, 19, 17], "s1": [13, 13, 9, 13, 4, 17, 4, 5, 11, 12], "s2": [17, 15, 9, 13, 4, 17, 11, 5, 12, 12], "r": [7, 10, 6, 2, 1, 8, 4, 5, 9, 3]}, "results": {"wsrpt": {"exec_time": 0.0, "obj": 1128, "s": [5, 5, 10, 10, 8, 8, 1, 1, 3, 3, 7, 7, 2, 2, 9, 9, 4, 4, 6, 6], "ts": 1747941067}, "lp": {"solver": "highs", "exec_time": 0.5429935455322266, "ts": 1747941067, "obj": 258.0, "x": [[[0, 0, 12], 1.0], [[0, 1, 16], 1.0], [[1, 0, 13], 1.0], [[1, 1, 15], 1.0], [[2, 0, 6], 1.0], [[2, 1, 8], 1.0], [[3, 0, 1], 1.0], [[3, 1, 19], 1.0], [[4, 0, 0], 1.0], [[4, 1, 2], 1.0], [[5, 0, 7], 1.0], [[5, 1, 18], 1.0], [[6, 0, 3], 1.0], [[6, 1, 5], 1.0], [[7, 0, 4], 1.0], [[7, 1, 9], 1.0], [[8, 0, 10], 1.0], [[8, 1, 17], 1.0], [[9, 0, 11], 1.0], [[9, 1, 14], 1.0]]}, "a1": {"exec_time": 0.0, "obj": 258, "s": [5, 4, 5, 7, 8, 7, 3, 6, 3, 8, 9, 10, 1, 2, 10, 2, 1, 9, 6, 4]}, "a2": {"exec_time": 0.0, "obj": 258, "s": [5, 4, 5, 7, 8, 7, 3, 6, 3, 8, 9, 10, 1, 2, 10, 2, 1, 9, 6, 4], "ts": 1747941067}, "osp_blp": {"solver": "highs", "exec_time": 0.6379945278167725, "ts": 1747941067, "obj": 258, "x": [12, 16, 14, 15, 6, 8, 1, 19, 0, 2, 7, 18, 3, 5, 4, 9, 10, 17, 11, 13]}}}