{"id": "d255d35902773133772c4a74730f9136", "params": {"p": [2, 2, 2, 2, 2, 2, 2, 2, 2, 2], "w": [14, 23, 23, 30, 29, 21, 29, 9, 24, 21], "d1": [15, 9, 19, 11, 15, 20, 10, 19, 12, 18], "d2": [19, 17, 20, 16, 15, 20, 17, 20, 13, 19], "s1": [12, 7, 8, 7, 14, 10, 7, 18, 12, 7], "s2": [14, 7, 11, 11, 15, 12, 7, 19, 12, 17], "r": [10, 5, 2, 3, 8, 7, 6, 9, 4, 1]}, "results": {"wsrpt": {"exec_time": 0.0, "obj": 1894, "s": [10, 10, 4, 4, 9, 9, 7, 7, 5, 5, 2, 2, 3, 3, 6, 6, 1, 1, 8, 8], "ts": 1747941067}, "lp": {"solver": "highs", "exec_time": 0.4790005683898926, "ts": 1747941068, "obj": 832.0, "x": [[[0, 0, 12], 1.0], [[0, 1, 15], 1.0], [[1, 0, 4], 1.0], [[1, 1, 5], 1.0], [[2, 0, 1], 1.0], [[2, 1, 18], 1.0], [[3, 0, 2], 1.0], [[3, 1, 10], 1.0], [[4, 0, 13], 1.0], [[4, 1, 14], 1.0], [[5, 0, 7], 1.0], [[5, 1, 19], 1.0], [[6, 0, 6], 1.0], [[6, 1, 9], 1.0], [[7, 0, 8], 1.0], [[7, 1, 16], 1.0], [[8, 0, 3], 1.0], [[8, 1, 11], 1.0], [[9, 0, 0], 1.0], [[9, 1, 17], 1.0]]}, "a1": {"exec_time": 0.0, "obj": 832, "s": [10, 3, 4, 9, 2, 2, 7, 6, 8, 7, 4, 9, 1, 5, 5, 1, 8, 10, 3, 6]}, "a2": {"exec_time": 0.0, "obj": 832, "s": [10, 3, 4, 9, 2, 2, 7, 6, 8, 7, 4, 9, 1, 5, 5, 1, 8, 10, 3, 6], "ts": 1747941068}, "osp_blp": {"solver": "highs", "exec_time": 0.49199748039245605, "ts": 1747941068, "obj": 832, "x": [12, 15, 4, 5, 1, 18, 2, 10, 13, 14, 7, 19, 6, 9, 8, 16, 3, 11, 0, 17]}}}