{"id": "d28382709ed49c5301e641d1f6e4e63d", "params": {"p": [2, 2, 2, 2, 2, 2, 2, 2, 2, 2], "w": [27, 20, 9, 25, 29, 10, 8, 7, 1, 24], "d1": [18, 9, 14, 8, 13, 15, 17, 20, 16, 14], "d2": [19, 19, 17, 11, 20, 17, 17, 20, 19, 19], "s1": [9, 9, 10, 4, 12, 9, 12, 4, 10, 10], "s2": [14, 9, 12, 4, 13, 11, 16, 17, 16, 12], "r": [4, 5, 6, 1, 9, 7, 8, 3, 2, 10]}, "results": {"wsrpt": {"exec_time": 0.0, "obj": 1201, "s": [4, 4, 8, 1, 1, 2, 2, 8, 5, 5, 10, 10, 6, 6, 3, 3, 7, 7, 9, 9], "ts": 1747941068}, "lp": {"solver": "highs", "exec_time": 0.45000195503234863, "ts": 1747941068, "obj": 232.0, "x": [[[0, 0, 9], 1.0], [[0, 1, 18], 1.0], [[1, 0, 4], 1.0], [[1, 1, 8], 1.0], [[2, 0, 5], 1.0], [[2, 1, 13], 1.0], [[3, 0, 0], 1.0], [[3, 1, 7], 1.0], [[4, 0, 11], 1.0], [[4, 1, 15], 1.0], [[5, 0, 6], 1.0], [[5, 1, 14], 1.0], [[6, 0, 12], 1.0], [[6, 1, 16], 1.0], [[7, 0, 3], 1.0], [[7, 1, 19], 1.0], [[8, 0, 1], 1.0], [[8, 1, 2], 1.0], [[9, 0, 10], 1.0], [[9, 1, 17], 1.0]]}, "a1": {"exec_time": 0.0, "obj": 232, "s": [4, 9, 9, 8, 2, 3, 6, 4, 2, 1, 10, 5, 7, 3, 6, 5, 7, 10, 1, 8]}, "a2": {"exec_time": 0.0, "obj": 232, "s": [4, 9, 9, 8, 2, 3, 6, 4, 2, 1, 10, 5, 7, 3, 6, 5, 7, 10, 1, 8], "ts": 1747941068}, "osp_blp": {"solver": "highs", "exec_time": 0.5110023021697998, "ts": 1747941068, "obj": 232, "x": [10, 17, 4, 8, 5, 13, 0, 7, 12, 18, 6, 14, 11, 16, 3, 19, 1, 2, 9, 15]}}}