{"id": "d303ab6f35c0b4b4b34bec435982fa5d", "params": {"p": [2, 2, 2, 2, 2, 2, 2, 2, 2, 2], "w": [14, 22, 26, 27, 5, 2, 6, 9, 17, 4], "d1": [10, 9, 19, 14, 19, 7, 19, 19, 13, 7], "d2": [20, 18, 20, 20, 20, 17, 20, 19, 16, 19], "s1": [8, 8, 7, 12, 18, 7, 3, 17, 12, 6], "s2": [9, 9, 9, 12, 18, 7, 16, 18, 13, 6], "r": [8, 6, 3, 1, 7, 5, 2, 10, 9, 4]}, "results": {"wsrpt": {"exec_time": 0.0, "obj": 1512, "s": [4, 4, 3, 3, 7, 2, 2, 1, 1, 9, 9, 7, 8, 8, 5, 5, 10, 10, 6, 6], "ts": 1747941068}, "lp": {"solver": "highs", "exec_time": 0.5619950294494629, "ts": 1747941069, "obj": 428.0, "x": [[[0, 0, 7], 1.0], [[0, 1, 9], 1.0], [[1, 0, 8], 1.0], [[1, 1, 11], 1.0], [[2, 0, 6], 1.0], [[2, 1, 19], 1.0], [[3, 0, 0], 1.0], [[3, 1, 13], 1.0], [[4, 0, 15], 1.0], [[4, 1, 17], 1.0], [[5, 0, 4], 1.0], [[5, 1, 5], 1.0], [[6, 0, 1], 1.0], [[6, 1, 2], 1.0], [[7, 0, 16], 1.0], [[7, 1, 18], 1.0], [[8, 0, 12], 1.0], [[8, 1, 14], 1.0], [[9, 0, 3], 1.0], [[9, 1, 10], 1.0]]}, "a1": {"exec_time": 0.0, "obj": 428, "s": [4, 7, 7, 10, 6, 6, 3, 1, 2, 1, 10, 2, 9, 4, 9, 5, 8, 5, 8, 3]}, "a2": {"exec_time": 0.0, "obj": 428, "s": [4, 7, 7, 10, 6, 6, 3, 1, 2, 1, 10, 2, 9, 4, 9, 5, 8, 5, 8, 3], "ts": 1747941069}, "osp_blp": {"solver": "highs", "exec_time": 0.6299986839294434, "ts": 1747941069, "obj": 428, "x": [7, 10, 8, 9, 6, 19, 0, 13, 15, 17, 4, 5, 1, 2, 16, 18, 11, 14, 3, 12]}}}