{"id": "d37d2c553b32c7d69f0af2bb20e93162", "params": {"p": [2, 2, 2, 2, 2, 2, 2, 2, 2, 2], "w": [21, 15, 17, 7, 6, 2, 11, 16, 8, 22], "d1": [17, 13, 19, 18, 17, 9, 4, 14, 19, 9], "d2": [19, 17, 20, 20, 20, 17, 13, 16, 19, 19], "s1": [15, 13, 11, 9, 13, 5, 3, 8, 13, 3], "s2": [17, 13, 13, 15, 14, 5, 3, 11, 15, 8], "r": [5, 9, 10, 8, 6, 4, 2, 7, 3, 1]}, "results": {"wsrpt": {"exec_time": 0.0, "obj": 1081, "s": [10, 10, 7, 7, 1, 1, 8, 8, 2, 2, 3, 3, 9, 9, 4, 4, 5, 5, 6, 6], "ts": 1747941069}, "lp": {"solver": "highs", "exec_time": 0.48200082778930664, "ts": 1747941069, "obj": 186.0, "x": [[[0, 0, 14], 1.0], [[0, 1, 16], 1.0], [[1, 0, 11], 1.0], [[1, 1, 12], 1.0], [[2, 0, 10], 1.0], [[2, 1, 19], 1.0], [[3, 0, 7], 1.0], [[3, 1, 17], 1.0], [[4, 0, 5], 1.0], [[4, 1, 15], 1.0], [[5, 0, 3], 1.0], [[5, 1, 4], 1.0], [[6, 0, 1], 1.0], [[6, 1, 2], 1.0], [[7, 0, 6], 1.0], [[7, 1, 13], 1.0], [[8, 0, 9], 1.0], [[8, 1, 18], 1.0], [[9, 0, 0], 1.0], [[9, 1, 8], 1.0]]}, "a1": {"exec_time": 0.0, "obj": 186, "s": [10, 7, 7, 6, 6, 5, 8, 4, 10, 9, 3, 2, 2, 8, 1, 5, 1, 4, 9, 3]}, "a2": {"exec_time": 0.0, "obj": 186, "s": [10, 7, 7, 6, 6, 5, 8, 4, 10, 9, 3, 2, 2, 8, 1, 5, 1, 4, 9, 3], "ts": 1747941069}, "osp_blp": {"solver": "highs", "exec_time": 0.5109972953796387, "ts": 1747941069, "obj": 186, "x": [14, 16, 11, 12, 10, 19, 7, 17, 5, 15, 3, 4, 1, 2, 6, 13, 9, 18, 0, 8]}}}