{"id": "d381762249493049d1c6d4f9d7098c61", "params": {"p": [2, 2, 2, 2, 2, 2, 2, 2, 2, 2], "w": [11, 7, 6, 1, 13, 13, 4, 25, 7, 15], "d1": [12, 13, 6, 12, 9, 16, 11, 13, 19, 4], "d2": [19, 14, 16, 18, 9, 17, 12, 18, 19, 4], "s1": [9, 12, 4, 10, 4, 3, 8, 8, 18, 4], "s2": [9, 13, 5, 10, 7, 12, 9, 11, 19, 4], "r": [7, 9, 3, 5, 4, 2, 8, 6, 10, 1]}, "results": {"wsrpt": {"exec_time": 0.0, "obj": 653, "s": [10, 10, 6, 6, 5, 5, 8, 8, 1, 1, 2, 2, 9, 9, 3, 3, 7, 7, 4, 4], "ts": 1747941069}, "lp": {"solver": "highs", "exec_time": 0.4069993495941162, "ts": 1747941070, "obj": 80.0, "x": [[[0, 0, 9], 1.0], [[0, 1, 15], 1.0], [[1, 0, 12], 1.0], [[1, 1, 13], 1.0], [[2, 0, 2], 1.0], [[2, 1, 5], 1.0], [[3, 0, 6], 1.0], [[3, 1, 19], 1.0], [[4, 0, 4], 1.0], [[4, 1, 8], 1.0], [[5, 0, 1], 1.0], [[5, 1, 16], 1.0], [[6, 0, 7], 1.0], [[6, 1, 11], 1.0], [[7, 0, 10], 1.0], [[7, 1, 14], 1.0], [[8, 0, 17], 1.0], [[8, 1, 18], 1.0], [[9, 0, 0], 1.0], [[9, 1, 3], 1.0]]}, "a1": {"exec_time": 0.0, "obj": 80, "s": [10, 6, 3, 10, 5, 3, 4, 7, 5, 1, 8, 7, 2, 2, 8, 1, 6, 9, 9, 4]}, "a2": {"exec_time": 0.0, "obj": 80, "s": [10, 6, 3, 10, 5, 3, 4, 7, 5, 1, 8, 7, 2, 2, 8, 1, 6, 9, 9, 4], "ts": 1747941070}, "osp_blp": {"solver": "highs", "exec_time": 0.47500014305114746, "ts": 1747941070, "obj": 80, "x": [9, 16, 12, 13, 2, 5, 6, 19, 4, 8, 1, 15, 7, 11, 10, 14, 17, 18, 0, 3]}}}