{"id": "d3a694c06e11384d04e3513e39bfc9f4", "params": {"p": [2, 2, 2, 2, 2, 2, 2, 2, 2, 2], "w": [23, 12, 13, 24, 19, 11, 20, 24, 17, 17], "d1": [13, 7, 15, 14, 20, 6, 18, 17, 13, 19], "d2": [15, 8, 17, 18, 20, 11, 19, 17, 15, 20], "s1": [10, 5, 10, 8, 15, 5, 11, 9, 11, 6], "s2": [10, 6, 10, 14, 20, 5, 15, 11, 13, 11], "r": [10, 3, 8, 1, 7, 4, 9, 6, 2, 5]}, "results": {"wsrpt": {"exec_time": 0.0, "obj": 2215, "s": [4, 4, 9, 9, 10, 10, 8, 8, 7, 7, 1, 1, 5, 5, 3, 3, 2, 2, 6, 6], "ts": 1747941070}, "lp": {"solver": "highs", "exec_time": 0.4509999752044678, "ts": 1747941070, "obj": 410.0, "x": [[[0, 0, 9], 1.0], [[0, 1, 12], 1.0], [[1, 0, 2], 1.0], [[1, 1, 6], 1.0], [[2, 0, 7], 1.0], [[2, 1, 15], 1.0], [[3, 0, 0], 1.0], [[3, 1, 13], 1.0], [[4, 0, 14], 1.0], [[4, 1, 19], 1.0], [[5, 0, 3], 1.0], [[5, 1, 4], 1.0], [[6, 0, 10], 1.0], [[6, 1, 17], 1.0], [[7, 0, 8], 1.0], [[7, 1, 16], 1.0], [[8, 0, 1], 1.0], [[8, 1, 11], 1.0], [[9, 0, 5], 1.0], [[9, 1, 18], 1.0]]}, "a1": {"exec_time": 0.0, "obj": 410, "s": [4, 9, 2, 6, 6, 10, 2, 3, 8, 1, 7, 9, 1, 4, 5, 3, 8, 7, 10, 5]}, "a2": {"exec_time": 0.0, "obj": 410, "s": [4, 9, 2, 6, 6, 10, 2, 3, 8, 1, 7, 9, 1, 4, 5, 3, 8, 7, 10, 5], "ts": 1747941070}, "osp_blp": {"solver": "highs", "exec_time": 0.4859893321990967, "ts": 1747941070, "obj": 410, "x": [9, 12, 2, 6, 7, 14, 0, 13, 15, 19, 3, 4, 10, 17, 8, 16, 1, 11, 5, 18]}}}