{"id": "d3ad3b37daac522381f4da4f9a051aed", "params": {"p": [2, 2, 2, 2, 2, 2, 2, 2, 2, 2], "w": [21, 14, 19, 1, 20, 6, 22, 21, 26, 10], "d1": [8, 8, 20, 11, 10, 12, 12, 5, 13, 17], "d2": [10, 8, 20, 19, 17, 17, 16, 19, 14, 19], "s1": [6, 8, 3, 11, 7, 9, 9, 5, 10, 10], "s2": [8, 8, 16, 11, 9, 10, 10, 5, 13, 15], "r": [4, 6, 1, 8, 7, 9, 2, 3, 10, 5]}, "results": {"wsrpt": {"exec_time": 0.0, "obj": 1040, "s": [3, 3, 7, 7, 1, 1, 8, 8, 5, 5, 9, 9, 2, 2, 10, 10, 6, 6, 4, 4], "ts": 1747941070}, "lp": {"solver": "highs", "exec_time": 0.4290001392364502, "ts": 1747941071, "obj": 304.0, "x": [[[0, 0, 4], 1.0], [[0, 1, 8], 1.0], [[1, 0, 5], 1.0], [[1, 1, 7], 1.0], [[2, 0, 0], 1.0], [[2, 1, 19], 1.0], [[3, 0, 10], 1.0], [[3, 1, 17], 1.0], [[4, 0, 6], 1.0], [[4, 1, 15], 1.0], [[5, 0, 9], 1.0], [[5, 1, 16], 1.0], [[6, 0, 1], 1.0], [[6, 1, 11], 1.0], [[7, 0, 2], 1.0], [[7, 1, 3], 1.0], [[8, 0, 12], 1.0], [[8, 1, 13], 1.0], [[9, 0, 14], 1.0], [[9, 1, 18], 1.0]]}, "a1": {"exec_time": 0.0, "obj": 304, "s": [3, 7, 8, 8, 1, 2, 5, 2, 1, 6, 4, 7, 9, 9, 10, 5, 6, 4, 10, 3]}, "a2": {"exec_time": 0.0, "obj": 304, "s": [3, 7, 8, 8, 1, 2, 5, 2, 1, 6, 4, 7, 9, 9, 10, 5, 6, 4, 10, 3], "ts": 1747941071}, "osp_blp": {"solver": "highs", "exec_time": 0.535999059677124, "ts": 1747941071, "obj": 304, "x": [4, 9, 5, 7, 0, 19, 10, 18, 6, 14, 8, 16, 1, 15, 2, 3, 12, 13, 11, 17]}}}