{"id": "d5d5e87bdf0683191a8ce7230afb0234", "params": {"p": [2, 2, 2, 2, 2, 2, 2, 2, 2, 2], "w": [26, 5, 29, 22, 24, 22, 29, 12, 20, 3], "d1": [16, 16, 10, 13, 11, 15, 20, 19, 13, 12], "d2": [17, 19, 11, 17, 19, 18, 20, 20, 19, 13], "s1": [16, 10, 10, 10, 10, 14, 9, 10, 3, 12], "s2": [16, 10, 10, 11, 10, 15, 10, 16, 4, 12], "r": [10, 5, 4, 7, 2, 3, 8, 9, 1, 6]}, "results": {"wsrpt": {"exec_time": 0.0, "obj": 1714, "s": [9, 9, 5, 5, 3, 3, 4, 4, 7, 7, 1, 1, 6, 6, 8, 8, 2, 2, 10, 10], "ts": 1747941071}, "lp": {"solver": "highs", "exec_time": 0.4499988555908203, "ts": 1747941071, "obj": 696.0, "x": [[[0, 0, 15], 1.0], [[0, 1, 16], 1.0], [[1, 0, 4], 1.0], [[1, 1, 7], 1.0], [[2, 0, 3], 1.0], [[2, 1, 9], 1.0], [[3, 0, 10], 1.0], [[3, 1, 13], 1.0], [[4, 0, 1], 1.0], [[4, 1, 2], 1.0], [[5, 0, 14], 1.0], [[5, 1, 17], 1.0], [[6, 0, 8], 1.0], [[6, 1, 19], 1.0], [[7, 0, 11], 1.0], [[7, 1, 18], 1.0], [[8, 0, 0], 1.0], [[8, 1, 12], 1.0], [[9, 0, 5], 1.0], [[9, 1, 6], 1.0]]}, "a1": {"exec_time": 0.0, "obj": 696, "s": [9, 5, 5, 3, 2, 10, 10, 2, 7, 3, 4, 8, 9, 4, 6, 1, 1, 6, 8, 7]}, "a2": {"exec_time": 0.0, "obj": 696, "s": [9, 5, 5, 3, 2, 10, 10, 2, 7, 3, 4, 8, 9, 4, 6, 1, 1, 6, 8, 7], "ts": 1747941071}, "osp_blp": {"solver": "highs", "exec_time": 0.4689967632293701, "ts": 1747941071, "obj": 696, "x": [15, 16, 4, 7, 3, 10, 9, 12, 1, 2, 13, 14, 8, 19, 11, 18, 0, 17, 5, 6]}}}