{"id": "d5d694c036f03780cddabc67f90f5c0d", "params": {"p": [2, 2, 2, 2, 2, 2, 2, 2, 2, 2], "w": [5, 20, 3, 26, 23, 23, 22, 19, 22, 13], "d1": [12, 9, 11, 19, 13, 11, 20, 16, 10, 20], "d2": [19, 20, 20, 19, 20, 20, 20, 17, 20, 20], "s1": [3, 7, 8, 9, 13, 8, 13, 13, 7, 7], "s2": [7, 8, 8, 18, 13, 9, 16, 16, 10, 20], "r": [3, 1, 2, 5, 10, 4, 9, 8, 6, 7]}, "results": {"wsrpt": {"exec_time": 0.0, "obj": 1284, "s": [2, 2, 1, 6, 6, 4, 4, 9, 9, 5, 5, 7, 7, 8, 8, 10, 10, 1, 3, 3], "ts": 1747941071}, "lp": {"solver": "highs", "exec_time": 0.44099855422973633, "ts": 1747941072, "obj": 242.0, "x": [[[0, 0, 2], 1.0], [[0, 1, 4], 1.0], [[1, 0, 0], 1.0], [[1, 1, 8], 1.0], [[2, 0, 1], 1.0], [[2, 1, 3], 1.0], [[3, 0, 10], 1.0], [[3, 1, 18], 1.0], [[4, 0, 12], 1.0], [[4, 1, 13], 1.0], [[5, 0, 7], 1.0], [[5, 1, 11], 1.0], [[6, 0, 15], 1.0], [[6, 1, 19], 1.0], [[7, 0, 14], 1.0], [[7, 1, 16], 1.0], [[8, 0, 5], 1.0], [[8, 1, 9], 1.0], [[9, 0, 6], 1.0], [[9, 1, 17], 1.0]]}, "a1": {"exec_time": 0.0, "obj": 242, "s": [2, 3, 1, 3, 1, 9, 10, 6, 2, 9, 4, 6, 5, 5, 8, 7, 8, 10, 4, 7]}, "a2": {"exec_time": 0.0, "obj": 242, "s": [2, 3, 1, 3, 1, 9, 10, 6, 2, 9, 4, 6, 5, 5, 8, 7, 8, 10, 4, 7], "ts": 1747941072}, "osp_blp": {"solver": "highs", "exec_time": 0.5049984455108643, "ts": 1747941072, "obj": 242, "x": [2, 4, 0, 9, 1, 3, 8, 18, 12, 13, 7, 10, 15, 19, 14, 16, 5, 11, 6, 17]}}}