{"id": "d6c298ecedbecc9ef09dcba89cba75b4", "params": {"p": [2, 2, 2, 2, 2, 2, 2, 2, 2, 2], "w": [27, 28, 9, 12, 5, 20, 29, 2, 21, 10], "d1": [16, 17, 12, 15, 20, 10, 10, 13, 14, 9], "d2": [17, 19, 13, 18, 20, 14, 13, 14, 18, 16], "s1": [15, 8, 12, 11, 15, 5, 10, 9, 5, 6], "s2": [15, 11, 12, 14, 15, 5, 10, 9, 6, 7], "r": [8, 5, 10, 4, 1, 2, 7, 9, 3, 6]}, "results": {"wsrpt": {"exec_time": 0.0, "obj": 1429, "s": [5, 6, 6, 9, 9, 2, 2, 7, 7, 1, 1, 4, 4, 5, 10, 10, 3, 3, 8, 8], "ts": 1747941072}, "lp": {"solver": "highs", "exec_time": 0.49900364875793457, "ts": 1747941072, "obj": 316.0, "x": [[[0, 0, 14], 1.0], [[0, 1, 16], 1.0], [[1, 0, 7], 1.0], [[1, 1, 18], 1.0], [[2, 0, 11], 1.0], [[2, 1, 12], 1.0], [[3, 0, 3], 1.0], [[3, 1, 17], 1.0], [[4, 0, 0], 1.0], [[4, 1, 1], 1.0], [[5, 0, 2], 1.0], [[5, 1, 13], 1.0], [[6, 0, 9], 1.0], [[6, 1, 10], 1.0], [[7, 0, 8], 1.0], [[7, 1, 19], 1.0], [[8, 0, 4], 1.0], [[8, 1, 15], 1.0], [[9, 0, 5], 1.0], [[9, 1, 6], 1.0]]}, "a1": {"exec_time": 0.0, "obj": 316, "s": [5, 5, 6, 4, 9, 10, 10, 2, 8, 7, 7, 3, 3, 6, 1, 9, 1, 4, 2, 8]}, "a2": {"exec_time": 0.0, "obj": 316, "s": [5, 5, 6, 4, 9, 10, 10, 2, 8, 7, 7, 3, 3, 6, 1, 9, 1, 4, 2, 8], "ts": 1747941072}, "osp_blp": {"solver": "highs", "exec_time": 0.5210001468658447, "ts": 1747941073, "obj": 316, "x": [14, 15, 7, 18, 11, 12, 3, 16, 0, 1, 2, 13, 9, 10, 8, 19, 4, 17, 5, 6]}}}