{"id": "d71eb02cb980b0387d67eec108d59f15", "params": {"p": [2, 2, 2, 2, 2, 2, 2, 2, 2, 2], "w": [4, 21, 1, 2, 29, 16, 14, 13, 19, 20], "d1": [20, 11, 12, 15, 10, 16, 20, 10, 20, 17], "d2": [20, 17, 20, 16, 20, 20, 20, 17, 20, 18], "s1": [11, 10, 10, 4, 10, 2, 6, 8, 14, 10], "s2": [11, 11, 10, 10, 10, 16, 8, 10, 18, 10], "r": [10, 9, 4, 2, 8, 1, 3, 6, 7, 5]}, "results": {"wsrpt": {"exec_time": 0.0, "obj": 1314, "s": [6, 6, 7, 7, 10, 10, 9, 9, 5, 5, 2, 2, 8, 8, 1, 1, 4, 4, 3, 3], "ts": 1747941073}, "lp": {"solver": "highs", "exec_time": 0.5169968605041504, "ts": 1747941073, "obj": 142.0, "x": [[[0, 0, 11], 1.0], [[0, 1, 17], 1.0], [[1, 0, 10], 1.0], [[1, 1, 13], 1.0], [[2, 0, 3], 1.0], [[2, 1, 4], 1.0], [[3, 0, 1], 1.0], [[3, 1, 2], 1.0], [[4, 0, 9], 1.0], [[4, 1, 12], 1.0], [[5, 0, 0], 1.0], [[5, 1, 15], 1.0], [[6, 0, 5], 1.0], [[6, 1, 18], 1.0], [[7, 0, 6], 1.0], [[7, 1, 7], 1.0], [[8, 0, 14], 1.0], [[8, 1, 19], 1.0], [[9, 0, 8], 1.0], [[9, 1, 16], 1.0]]}, "a1": {"exec_time": 0.0, "obj": 142, "s": [6, 4, 4, 3, 3, 7, 8, 8, 10, 5, 2, 1, 5, 2, 9, 6, 10, 1, 7, 9]}, "a2": {"exec_time": 0.0, "obj": 142, "s": [6, 4, 4, 3, 3, 7, 8, 8, 10, 5, 2, 1, 5, 2, 9, 6, 10, 1, 7, 9], "ts": 1747941073}, "osp_blp": {"solver": "highs", "exec_time": 0.5450005531311035, "ts": 1747941073, "obj": 142, "x": [11, 17, 10, 13, 3, 4, 1, 2, 9, 12, 0, 15, 5, 18, 6, 7, 14, 19, 8, 16]}}}