{"id": "d7c06b1029cc95b41c868f8a959ca45a", "params": {"p": [2, 2, 2, 2, 2, 2, 2, 2, 2, 2], "w": [7, 8, 7, 5, 12, 17, 28, 23, 25, 5], "d1": [19, 14, 9, 14, 15, 17, 9, 10, 6, 6], "d2": [19, 20, 18, 19, 18, 20, 9, 12, 7, 8], "s1": [19, 9, 8, 11, 14, 6, 9, 9, 4, 4], "s2": [19, 10, 9, 12, 15, 9, 9, 9, 5, 5], "r": [5, 9, 3, 4, 10, 6, 7, 8, 2, 1]}, "results": {"wsrpt": {"exec_time": 0.0, "obj": 678, "s": [10, 9, 9, 10, 1, 6, 6, 7, 7, 8, 8, 1, 5, 5, 2, 2, 3, 3, 4, 4], "ts": 1747941074}, "lp": {"solver": "highs", "exec_time": 0.5039966106414795, "ts": 1747941074, "obj": 166.0, "x": [[[0, 0, 18], 1.0], [[0, 1, 19], 1.0], [[1, 0, 10], 1.0], [[1, 1, 17], 1.0], [[2, 0, 2], 1.0], [[2, 1, 12], 1.0], [[3, 0, 4], 1.0], [[3, 1, 15], 1.0], [[4, 0, 13], 1.0], [[4, 1, 14], 1.0], [[5, 0, 5], 1.0], [[5, 1, 16], 1.0], [[6, 0, 8], 1.0], [[6, 1, 9], 1.0], [[7, 0, 7], 1.0], [[7, 1, 11], 1.0], [[8, 0, 3], 1.0], [[8, 1, 6], 1.0], [[9, 0, 0], 1.0], [[9, 1, 1], 1.0]]}, "a1": {"exec_time": 0.0, "obj": 166, "s": [10, 10, 3, 9, 4, 6, 9, 8, 7, 7, 2, 8, 3, 5, 5, 4, 6, 2, 1, 1]}, "a2": {"exec_time": 0.0, "obj": 166, "s": [10, 10, 3, 9, 4, 6, 9, 8, 7, 7, 2, 8, 3, 5, 5, 4, 6, 2, 1, 1], "ts": 1747941074}, "osp_blp": {"solver": "highs", "exec_time": 0.5789945125579834, "ts": 1747941074, "obj": 166, "x": [18, 19, 10, 15, 2, 12, 4, 13, 14, 16, 5, 17, 7, 8, 9, 11, 3, 6, 0, 1]}}}