{"id": "d7c07ad4814778d57747ced8f15aec41", "params": {"p": [2, 2, 2, 2, 2, 2, 2, 2, 2, 2], "w": [9, 25, 30, 26, 12, 3, 23, 5, 28, 19], "d1": [11, 14, 12, 6, 11, 18, 11, 4, 15, 16], "d2": [11, 18, 20, 17, 12, 20, 18, 17, 19, 18], "s1": [11, 2, 9, 6, 11, 4, 11, 1, 11, 6], "s2": [11, 13, 11, 6, 11, 14, 11, 2, 14, 11], "r": [7, 2, 5, 3, 9, 4, 8, 1, 10, 6]}, "results": {"wsrpt": {"exec_time": 0.0, "obj": 1128, "s": [8, 2, 2, 4, 4, 3, 3, 7, 7, 9, 9, 10, 10, 5, 5, 8, 1, 1, 6, 6], "ts": 1747941074}, "lp": {"solver": "highs", "exec_time": 0.4179975986480713, "ts": 1747941075, "obj": 88.0, "x": [[[0, 0, 7], 0.5000001000000001], [[0, 0, 12], 0.4999998999999999], [[0, 1, 7], 0.4999999], [[0, 1, 12], 0.5000001000000001], [[1, 0, 1], 1.0], [[1, 1, 15], 1.0], [[2, 0, 8], 1.0], [[2, 1, 14], 1.0], [[3, 0, 4], 1.0], [[3, 1, 5], 1.0], [[4, 0, 9], 1.0], [[4, 1, 11], 1.0], [[5, 0, 3], 1.0], [[5, 1, 19], 1.0], [[6, 0, 10], 1.0], [[6, 1, 16], 1.0], [[7, 0, 0], 1.0], [[7, 1, 2], 1.0], [[8, 0, 13], 1.0], [[8, 1, 18], 1.0], [[9, 0, 6], 1.0], [[9, 1, 17], 1.0]]}, "a1": {"exec_time": 0.0, "obj": 88, "s": [8, 2, 8, 6, 4, 4, 10, 1, 3, 5, 7, 5, 1, 9, 3, 2, 7, 10, 9, 6]}, "a2": {"exec_time": 0.0, "obj": 88, "s": [8, 2, 8, 6, 4, 4, 10, 1, 3, 5, 7, 5, 1, 9, 3, 2, 7, 10, 9, 6], "ts": 1747941075}, "osp_blp": {"solver": "highs", "exec_time": 0.47800230979919434, "ts": 1747941075, "obj": 88, "x": [7, 12, 1, 16, 8, 18, 4, 6, 9, 11, 3, 19, 10, 17, 0, 2, 13, 14, 5, 15]}}}