{"id": "d80233fa298b94340506b4e797cf1e24", "params": {"p": [2, 2, 2, 2, 2, 2, 2, 2, 2, 2], "w": [6, 12, 11, 12, 5, 19, 22, 12, 23, 16], "d1": [12, 16, 14, 11, 10, 20, 19, 8, 13, 11], "d2": [14, 19, 20, 17, 17, 20, 19, 20, 17, 14], "s1": [4, 9, 12, 8, 9, 10, 9, 4, 12, 8], "s2": [9, 13, 14, 9, 9, 15, 12, 8, 13, 9], "r": [4, 9, 5, 8, 3, 10, 2, 1, 6, 7]}, "results": {"wsrpt": {"exec_time": 0.0, "obj": 1390, "s": [8, 8, 7, 7, 3, 9, 9, 3, 10, 10, 6, 6, 2, 2, 4, 4, 1, 1, 5, 5], "ts": 1747941075}, "lp": {"solver": "highs", "exec_time": 0.39799928665161133, "ts": 1747941075, "obj": 215.0, "x": [[[0, 0, 3], 1.0], [[0, 1, 5], 1.0], [[1, 0, 8], 1.0], [[1, 1, 15], 1.0], [[2, 0, 13], 1.0], [[2, 1, 17], 1.0], [[3, 0, 7], 1.0], [[3, 1, 14], 1.0], [[4, 0, 2], 1.0], [[4, 1, 4], 1.0], [[5, 0, 11], 1.0], [[5, 1, 19], 1.0], [[6, 0, 9], 1.0], [[6, 1, 18], 1.0], [[7, 0, 0], 1.0], [[7, 1, 1], 1.0], [[8, 0, 12], 1.0], [[8, 1, 16], 1.0], [[9, 0, 6], 1.0], [[9, 1, 10], 1.0]]}, "a1": {"exec_time": 0.0, "obj": 215, "s": [8, 8, 5, 1, 5, 1, 10, 4, 2, 7, 10, 6, 9, 3, 4, 2, 9, 3, 7, 6]}, "a2": {"exec_time": 0.0, "obj": 215, "s": [8, 8, 5, 1, 5, 1, 10, 4, 2, 7, 10, 6, 9, 3, 4, 2, 9, 3, 7, 6], "ts": 1747941075}, "osp_blp": {"solver": "highs", "exec_time": 0.48799681663513184, "ts": 1747941075, "obj": 215, "x": [3, 5, 8, 15, 12, 17, 7, 16, 2, 4, 10, 19, 9, 18, 0, 1, 11, 14, 6, 13]}}}