{"id": "d82a1ac3fcedbbff5a24c1c56129274f", "params": {"p": [2, 2, 2, 2, 2, 2, 2, 2, 2, 2], "w": [6, 19, 11, 19, 25, 23, 16, 26, 2, 7], "d1": [11, 20, 17, 16, 12, 14, 17, 11, 10, 18], "d2": [16, 20, 17, 20, 17, 20, 20, 14, 16, 18], "s1": [9, 15, 13, 12, 9, 10, 6, 10, 5, 14], "s2": [10, 18, 16, 13, 9, 13, 12, 11, 6, 17], "r": [4, 7, 2, 10, 9, 5, 3, 8, 1, 6]}, "results": {"wsrpt": {"exec_time": 0.0, "obj": 1223, "s": [9, 3, 3, 7, 7, 6, 6, 8, 8, 5, 5, 2, 2, 4, 4, 10, 10, 1, 1, 9], "ts": 1747941075}, "lp": {"solver": "highs", "exec_time": 0.4339900016784668, "ts": 1747941076, "obj": 295.0, "x": [[[0, 0, 3], 1.0], [[0, 1, 4], 1.0], [[1, 0, 14], 1.0], [[1, 1, 19], 1.0], [[2, 0, 2], 1.0], [[2, 1, 16], 1.0], [[3, 0, 12], 1.0], [[3, 1, 15], 1.0], [[4, 0, 8], 1.0], [[4, 1, 11], 1.0], [[5, 0, 7], 1.0], [[5, 1, 13], 1.0], [[6, 0, 5], 1.0], [[6, 1, 18], 1.0], [[7, 0, 9], 1.0], [[7, 1, 10], 1.0], [[8, 0, 0], 1.0], [[8, 1, 1], 1.0], [[9, 0, 6], 1.0], [[9, 1, 17], 1.0]]}, "a1": {"exec_time": 0.0, "obj": 295, "s": [9, 9, 3, 1, 1, 7, 10, 6, 5, 8, 8, 5, 4, 6, 2, 4, 3, 10, 7, 2]}, "a2": {"exec_time": 0.0, "obj": 295, "s": [9, 9, 3, 1, 1, 7, 10, 6, 5, 8, 8, 5, 4, 6, 2, 4, 3, 10, 7, 2], "ts": 1747941076}, "osp_blp": {"solver": "highs", "exec_time": 0.4770033359527588, "ts": 1747941076, "obj": 295, "x": [3, 4, 14, 19, 2, 16, 12, 15, 8, 11, 7, 13, 5, 18, 9, 10, 0, 1, 6, 17]}}}