{"id": "d905040810bca0dc0cf9411196f8e78d", "params": {"p": [2, 2, 2, 2, 2, 2, 2, 2, 2, 2], "w": [16, 7, 24, 26, 4, 30, 6, 8, 9, 2], "d1": [9, 13, 6, 8, 14, 9, 13, 5, 6, 15], "d2": [15, 17, 7, 19, 14, 15, 13, 15, 10, 15], "s1": [8, 11, 4, 8, 13, 7, 4, 2, 3, 13], "s2": [8, 11, 4, 8, 13, 9, 7, 2, 6, 14], "r": [6, 9, 3, 5, 10, 7, 4, 1, 2, 8]}, "results": {"wsrpt": {"exec_time": 0.0, "obj": 475, "s": [8, 8, 3, 3, 4, 4, 6, 6, 1, 1, 9, 9, 2, 2, 7, 7, 5, 5, 10, 10], "ts": 1747941076}, "lp": {"solver": "highs", "exec_time": 0.43000078201293945, "ts": 1747941076, "obj": 78.0, "x": [[[0, 0, 6], 1.0], [[0, 1, 11], 1.0], [[1, 0, 10], 1.0], [[1, 1, 16], 1.0], [[2, 0, 3], 1.0], [[2, 1, 5], 1.0], [[3, 0, 7], 1.0], [[3, 1, 18], 1.0], [[4, 0, 13], 1.0], [[4, 1, 15], 1.0], [[5, 0, 8], 1.0], [[5, 1, 14], 1.0], [[6, 0, 4], 1.0], [[6, 1, 12], 1.0], [[7, 0, 0], 1.0], [[7, 1, 1], 1.0], [[8, 0, 2], 1.0], [[8, 1, 9], 1.0], [[9, 0, 17], 1.0], [[9, 1, 19], 1.0]]}, "a1": {"exec_time": 0.0, "obj": 78, "s": [8, 8, 9, 3, 7, 3, 1, 4, 6, 9, 2, 1, 7, 5, 6, 5, 2, 10, 4, 10]}, "a2": {"exec_time": 0.0, "obj": 78, "s": [8, 8, 9, 3, 7, 3, 1, 4, 6, 9, 2, 1, 7, 5, 6, 5, 2, 10, 4, 10], "ts": 1747941076}, "osp_blp": {"solver": "highs", "exec_time": 0.4429957866668701, "ts": 1747941076, "obj": 78, "x": [8, 11, 10, 16, 3, 5, 7, 18, 13, 15, 6, 14, 4, 12, 0, 1, 2, 9, 17, 19]}}}