{"id": "d99ba7622fc46bcbed50c13bec08c80a", "params": {"p": [2, 2, 2, 2, 2, 2, 2, 2, 2, 2], "w": [27, 16, 23, 27, 3, 29, 28, 17, 9, 16], "d1": [16, 20, 20, 11, 17, 9, 16, 11, 17, 20], "d2": [16, 20, 20, 15, 19, 18, 20, 19, 18, 20], "s1": [15, 4, 20, 9, 16, 9, 13, 9, 16, 17], "s2": [15, 9, 20, 10, 17, 9, 16, 9, 16, 19], "r": [2, 1, 4, 5, 7, 6, 3, 9, 10, 8]}, "results": {"wsrpt": {"exec_time": 0.0, "obj": 2179, "s": [2, 2, 7, 7, 1, 1, 6, 6, 4, 4, 3, 3, 8, 8, 10, 10, 9, 9, 5, 5], "ts": 1747941076}, "lp": {"solver": "highs", "exec_time": 0.42299866676330566, "ts": 1747941076, "obj": 1297.0, "x": [[[0, 0, 2], 1.0], [[0, 1, 14], 1.0], [[1, 0, 0], 1.0], [[1, 1, 1], 1.0], [[2, 0, 18], 1.0], [[2, 1, 19], 1.0], [[3, 0, 4], 1.0], [[3, 1, 11], 1.0], [[4, 0, 6], 1.0], [[4, 1, 7], 1.0], [[5, 0, 5], 1.0], [[5, 1, 9], 1.0], [[6, 0, 3], 1.0], [[6, 1, 15], 1.0], [[7, 0, 8], 1.0], [[7, 1, 10], 1.0], [[8, 0, 12], 0.5000004999999997], [[8, 0, 13], 0.4999995000000003], [[8, 1, 12], 0.4999995000000002], [[8, 1, 13], 0.5000004999999998], [[9, 0, 16], 1.0], [[9, 1, 17], 1.0]]}, "a1": {"exec_time": 0.0, "obj": 1297, "s": [2, 2, 1, 7, 4, 6, 5, 5, 8, 6, 8, 4, 9, 9, 1, 7, 10, 10, 3, 3]}, "a2": {"exec_time": 0.0, "obj": 1297, "s": [2, 2, 1, 7, 4, 6, 5, 5, 8, 6, 8, 4, 9, 9, 1, 7, 10, 10, 3, 3], "ts": 1747941076}, "osp_blp": {"solver": "highs", "exec_time": 0.5029990673065186, "ts": 1747941077, "obj": 1297, "x": [2, 14, 0, 1, 18, 19, 4, 10, 6, 7, 5, 9, 3, 15, 8, 11, 12, 13, 16, 17]}}}