{"id": "dab8dff633a51dabb3e738a9828649eb", "params": {"p": [2, 2, 2, 2, 2, 2, 2, 2, 2, 2], "w": [14, 20, 27, 25, 24, 1, 24, 20, 22, 22], "d1": [14, 16, 13, 17, 11, 15, 19, 13, 19, 15], "d2": [17, 19, 14, 18, 13, 20, 20, 13, 20, 17], "s1": [4, 13, 9, 7, 10, 11, 11, 3, 11, 13], "s2": [6, 14, 13, 9, 10, 15, 18, 8, 12, 15], "r": [3, 7, 9, 6, 5, 8, 4, 1, 2, 10]}, "results": {"wsrpt": {"exec_time": 0.0, "obj": 1694, "s": [8, 8, 9, 9, 5, 5, 4, 4, 3, 3, 7, 7, 10, 10, 2, 2, 1, 1, 6, 6], "ts": 1747941077}, "lp": {"solver": "highs", "exec_time": 0.43400049209594727, "ts": 1747941077, "obj": 650.0, "x": [[[0, 0, 2], 1.0], [[0, 1, 3], 1.0], [[1, 0, 13], 1.0], [[1, 1, 15], 1.0], [[2, 0, 8], 1.0], [[2, 1, 12], 1.0], [[3, 0, 6], 1.0], [[3, 1, 17], 1.0], [[4, 0, 5], 1.0], [[4, 1, 11], 1.0], [[5, 0, 7], 1.0], [[5, 1, 9], 1.0], [[6, 0, 10], 1.0], [[6, 1, 19], 1.0], [[7, 0, 0], 1.0], [[7, 1, 1], 1.0], [[8, 0, 4], 1.0], [[8, 1, 18], 1.0], [[9, 0, 14], 1.0], [[9, 1, 16], 1.0]]}, "a1": {"exec_time": 0.0, "obj": 650, "s": [8, 8, 1, 1, 9, 5, 4, 6, 3, 6, 7, 5, 3, 2, 10, 2, 10, 4, 9, 7]}, "a2": {"exec_time": 0.0, "obj": 650, "s": [8, 8, 1, 1, 9, 5, 4, 6, 3, 6, 7, 5, 3, 2, 10, 2, 10, 4, 9, 7], "ts": 1747941077}, "osp_blp": {"solver": "highs", "exec_time": 0.5029988288879395, "ts": 1747941078, "obj": 650, "x": [2, 3, 13, 16, 8, 12, 6, 17, 5, 11, 7, 9, 10, 18, 0, 1, 4, 19, 14, 15]}}}