{"id": "dae418547fe732f41a9063eee191e20c", "params": {"p": [2, 2, 2, 2, 2, 2, 2, 2, 2, 2], "w": [11, 3, 10, 26, 7, 12, 29, 17, 4, 16], "d1": [14, 10, 8, 16, 16, 13, 12, 14, 7, 7], "d2": [17, 12, 16, 18, 20, 16, 12, 14, 9, 9], "s1": [10, 10, 7, 14, 12, 11, 10, 14, 1, 6], "s2": [12, 10, 8, 15, 14, 12, 10, 14, 3, 7], "r": [3, 6, 4, 9, 7, 8, 10, 5, 1, 2]}, "results": {"wsrpt": {"exec_time": 0.0, "obj": 1059, "s": [9, 10, 10, 1, 1, 8, 8, 6, 4, 4, 7, 7, 6, 3, 3, 9, 5, 5, 2, 2], "ts": 1747941078}, "osp_blp": {"solver": "highs", "exec_time": 0.4669985771179199, "ts": 1747941078, "obj": 209, "x": [8, 16, 5, 7, 3, 4, 14, 17, 18, 19, 10, 15, 9, 11, 12, 13, 0, 1, 2, 6]}, "lp": {"solver": "highs", "exec_time": 0.46599888801574707, "ts": 1747941078, "obj": 209.0, "x": [[[0, 0, 8], 1.0], [[0, 1, 16], 1.0], [[1, 0, 5], 1.0], [[1, 1, 7], 1.0], [[2, 0, 3], 1.0], [[2, 1, 4], 1.0], [[3, 0, 14], 1.0], [[3, 1, 17], 1.0], [[4, 0, 18], 1.0], [[4, 1, 19], 1.0], [[5, 0, 10], 1.0], [[5, 1, 15], 1.0], [[6, 0, 9], 1.0], [[6, 1, 11], 1.0], [[7, 0, 12], 1.0], [[7, 1, 13], 1.0], [[8, 0, 0], 1.0], [[8, 1, 1], 1.0], [[9, 0, 2], 1.0], [[9, 1, 6], 1.0]]}, "a1": {"exec_time": 0.0, "obj": 209, "s": [9, 9, 10, 3, 3, 2, 10, 2, 1, 7, 6, 7, 8, 8, 4, 6, 1, 4, 5, 5]}, "a2": {"exec_time": 0.0, "obj": 209, "s": [9, 9, 10, 3, 3, 2, 10, 2, 1, 7, 6, 7, 8, 8, 4, 6, 1, 4, 5, 5], "ts": 1747941078}}}