{"id": "dae50a9748dd2eecb35fe76f16171f74", "params": {"p": [2, 2, 2, 2, 2, 2, 2, 2, 2, 2], "w": [4, 15, 14, 21, 5, 4, 26, 28, 1, 18], "d1": [5, 19, 9, 16, 18, 20, 15, 18, 9, 13], "d2": [15, 20, 14, 19, 20, 20, 16, 19, 10, 16], "s1": [5, 16, 5, 7, 16, 17, 9, 16, 9, 9], "s2": [5, 17, 8, 8, 18, 18, 11, 18, 9, 9], "r": [3, 8, 1, 7, 6, 4, 2, 10, 5, 9]}, "results": {"wsrpt": {"exec_time": 0.0, "obj": 1289, "s": [3, 3, 7, 7, 1, 1, 4, 4, 10, 10, 8, 8, 2, 2, 5, 5, 6, 6, 9, 9], "ts": 1747941078}, "osp_blp": {"solver": "highs", "exec_time": 0.479996919631958, "ts": 1747941078, "obj": 285, "x": [2, 3, 15, 19, 0, 1, 6, 16, 11, 13, 7, 10, 9, 14, 17, 18, 4, 5, 8, 12]}, "lp": {"solver": "highs", "exec_time": 0.4869980812072754, "ts": 1747941078, "obj": 285.0, "x": [[[0, 0, 2], 1.0], [[0, 1, 3], 1.0], [[1, 0, 16], 1.0], [[1, 1, 19], 1.0], [[2, 0, 0], 1.0], [[2, 1, 1], 1.0], [[3, 0, 6], 1.0], [[3, 1, 15], 1.0], [[4, 0, 11], 0.5000002500000001], [[4, 0, 13], 0.49999975], [[4, 1, 11], 0.49999975], [[4, 1, 13], 0.50000025], [[5, 0, 7], 1.0], [[5, 1, 10], 1.0], [[6, 0, 9], 1.0], [[6, 1, 14], 1.0], [[7, 0, 17], 1.0], [[7, 1, 18], 1.0], [[8, 0, 4], 1.0], [[8, 1, 5], 1.0], [[9, 0, 8], 1.0], [[9, 1, 12], 1.0]]}, "a1": {"exec_time": 0.0, "obj": 285, "s": [3, 3, 1, 1, 9, 9, 4, 6, 10, 7, 6, 5, 10, 5, 7, 4, 2, 8, 8, 2]}, "a2": {"exec_time": 0.0, "obj": 285, "s": [3, 3, 1, 1, 9, 9, 4, 6, 10, 7, 6, 5, 10, 5, 7, 4, 2, 8, 8, 2], "ts": 1747941078}}}