{"id": "dae9bfe529bbe5a8f2c7dabde2f29c4a", "params": {"p": [2, 2, 2, 2, 2, 2, 2, 2, 2, 2], "w": [2, 5, 8, 23, 10, 12, 10, 6, 30, 29], "d1": [20, 16, 11, 13, 16, 14, 19, 7, 10, 6], "d2": [20, 17, 18, 18, 19, 15, 20, 13, 18, 10], "s1": [18, 4, 8, 9, 15, 10, 19, 6, 9, 5], "s2": [19, 14, 9, 11, 16, 14, 19, 7, 10, 6], "r": [1, 4, 7, 8, 10, 5, 9, 2, 6, 3]}, "results": {"wsrpt": {"exec_time": 0.0, "obj": 791, "s": [1, 8, 10, 10, 6, 9, 9, 6, 4, 4, 8, 5, 5, 7, 7, 3, 3, 2, 2, 1], "ts": 1747941078}, "lp": {"solver": "highs", "exec_time": 0.4559953212738037, "ts": 1747941079, "obj": 88.0, "x": [[[0, 0, 0], 1.0], [[0, 1, 1], 1.0], [[1, 0, 3], 1.0], [[1, 1, 16], 1.0], [[2, 0, 7], 1.0], [[2, 1, 10], 1.0], [[3, 0, 9], 1.0], [[3, 1, 13], 1.0], [[4, 0, 15], 1.0], [[4, 1, 17], 1.0], [[5, 0, 11], 1.0], [[5, 1, 14], 1.0], [[6, 0, 18], 1.0], [[6, 1, 19], 1.0], [[7, 0, 2], 1.0], [[7, 1, 6], 1.0], [[8, 0, 8], 1.0], [[8, 1, 12], 1.0], [[9, 0, 4], 1.0], [[9, 1, 5], 1.0]]}, "a1": {"exec_time": 0.0, "obj": 88, "s": [1, 1, 8, 2, 10, 10, 8, 3, 9, 4, 3, 6, 9, 4, 6, 5, 2, 5, 7, 7]}, "a2": {"exec_time": 0.0, "obj": 88, "s": [1, 1, 8, 2, 10, 10, 8, 3, 9, 4, 3, 6, 9, 4, 6, 5, 2, 5, 7, 7], "ts": 1747941079}, "osp_blp": {"solver": "highs", "exec_time": 0.46699953079223633, "ts": 1747941079, "obj": 88, "x": [0, 1, 3, 16, 7, 11, 9, 12, 14, 15, 10, 13, 18, 19, 2, 6, 8, 17, 4, 5]}}}