{"id": "daf85e16b41dc5015178f379a10cbbd9", "params": {"p": [2, 2, 2, 2, 2, 2, 2, 2, 2, 2], "w": [2, 28, 8, 8, 5, 29, 1, 25, 22, 12], "d1": [11, 20, 17, 10, 5, 12, 13, 15, 9, 10], "d2": [18, 20, 18, 13, 16, 17, 16, 16, 19, 10], "s1": [9, 6, 9, 10, 2, 2, 11, 11, 3, 6], "s2": [9, 10, 14, 10, 4, 6, 12, 13, 9, 7], "r": [7, 5, 8, 6, 2, 1, 10, 9, 3, 4]}, "results": {"wsrpt": {"exec_time": 0.0, "obj": 1202, "s": [6, 6, 9, 9, 2, 2, 10, 10, 8, 8, 3, 3, 4, 4, 5, 5, 1, 1, 7, 7], "ts": 1747941079}, "lp": {"solver": "highs", "exec_time": 0.4790000915527344, "ts": 1747941079, "obj": 64.0, "x": [[[0, 0, 6], 1.0], [[0, 1, 7], 1.0], [[1, 0, 5], 1.0], [[1, 1, 19], 1.0], [[2, 0, 13], 1.0], [[2, 1, 17], 1.0], [[3, 0, 8], 1.0], [[3, 1, 12], 1.0], [[4, 0, 1], 1.0], [[4, 1, 3], 1.0], [[5, 0, 0], 1.0], [[5, 1, 16], 1.0], [[6, 0, 10], 1.0], [[6, 1, 15], 1.0], [[7, 0, 11], 1.0], [[7, 1, 14], 1.0], [[8, 0, 2], 1.0], [[8, 1, 18], 1.0], [[9, 0, 4], 1.0], [[9, 1, 9], 1.0]]}, "a1": {"exec_time": 0.0, "obj": 64, "s": [6, 5, 9, 5, 10, 2, 1, 1, 4, 10, 7, 8, 4, 3, 8, 7, 6, 3, 9, 2]}, "a2": {"exec_time": 0.0, "obj": 64, "s": [6, 5, 9, 5, 10, 2, 1, 1, 4, 10, 7, 8, 4, 3, 8, 7, 6, 3, 9, 2], "ts": 1747941079}, "osp_blp": {"solver": "highs", "exec_time": 0.5439977645874023, "ts": 1747941079, "obj": 64, "x": [6, 7, 5, 19, 13, 17, 8, 11, 1, 3, 0, 16, 10, 15, 12, 14, 2, 18, 4, 9]}}}