{"id": "dba73d86a7fd370e482125321717ee9a", "params": {"p": [2, 2, 2, 2, 2, 2, 2, 2, 2, 2], "w": [8, 6, 23, 19, 11, 20, 29, 8, 5, 24], "d1": [14, 10, 11, 6, 7, 18, 17, 20, 17, 15], "d2": [14, 10, 12, 7, 10, 20, 17, 20, 19, 19], "s1": [5, 10, 9, 5, 4, 10, 14, 15, 10, 13], "s2": [14, 10, 11, 6, 7, 12, 17, 20, 12, 13], "r": [3, 6, 5, 1, 2, 8, 10, 9, 7, 4]}, "results": {"wsrpt": {"exec_time": 0.0, "obj": 1354, "s": [4, 4, 5, 10, 10, 3, 3, 5, 6, 6, 7, 7, 1, 1, 8, 8, 2, 2, 9, 9], "ts": 1747941080}, "lp": {"solver": "highs", "exec_time": 0.41998958587646484, "ts": 1747941080, "obj": 233.0, "x": [[[0, 0, 2], 1.0], [[0, 1, 11], 1.0], [[1, 0, 5], 1.0], [[1, 1, 7], 1.0], [[2, 0, 8], 1.0], [[2, 1, 10], 1.0], [[3, 0, 0], 1.0], [[3, 1, 4], 1.0], [[4, 0, 1], 1.0], [[4, 1, 3], 1.0], [[5, 0, 9], 1.0], [[5, 1, 17], 1.0], [[6, 0, 13], 1.0], [[6, 1, 16], 1.0], [[7, 0, 15], 1.0], [[7, 1, 19], 1.0], [[8, 0, 6], 1.0], [[8, 1, 18], 1.0], [[9, 0, 12], 1.0], [[9, 1, 14], 1.0]]}, "a1": {"exec_time": 0.0, "obj": 233, "s": [4, 5, 1, 5, 4, 2, 9, 2, 3, 6, 3, 1, 10, 7, 10, 8, 7, 6, 9, 8]}, "a2": {"exec_time": 0.0, "obj": 233, "s": [4, 5, 1, 5, 4, 2, 9, 2, 3, 6, 3, 1, 10, 7, 10, 8, 7, 6, 9, 8], "ts": 1747941080}, "osp_blp": {"solver": "highs", "exec_time": 0.48098230361938477, "ts": 1747941080, "obj": 233, "x": [2, 11, 5, 7, 8, 10, 0, 4, 1, 3, 9, 17, 13, 16, 14, 19, 6, 18, 12, 15]}}}