{"id": "dbbef0044adf32c85638a6354d39ead5", "params": {"p": [2, 2, 2, 2, 2, 2, 2, 2, 2, 2], "w": [9, 1, 16, 20, 22, 27, 23, 11, 2, 20], "d1": [14, 16, 8, 14, 17, 20, 10, 20, 14, 12], "d2": [20, 19, 14, 15, 18, 20, 20, 20, 20, 18], "s1": [11, 13, 5, 11, 9, 19, 3, 9, 9, 5], "s2": [14, 15, 8, 14, 14, 19, 4, 13, 13, 10], "r": [6, 8, 1, 9, 7, 10, 2, 4, 5, 3]}, "results": {"wsrpt": {"exec_time": 0.0, "obj": 1300, "s": [3, 3, 7, 7, 10, 10, 5, 5, 4, 4, 6, 6, 8, 8, 1, 1, 9, 9, 2, 2], "ts": 1747941080}, "lp": {"solver": "highs", "exec_time": 0.4119997024536133, "ts": 1747941081, "obj": 249.0, "x": [[[0, 0, 12], 1.0], [[0, 1, 14], 1.0], [[1, 0, 7], 1.0], [[1, 1, 15], 1.0], [[2, 0, 0], 1.0], [[2, 1, 6], 1.0], [[3, 0, 10], 1.0], [[3, 1, 13], 1.0], [[4, 0, 8], 1.0], [[4, 1, 16], 1.0], [[5, 0, 18], 1.0], [[5, 1, 19], 1.0], [[6, 0, 1], 1.0], [[6, 1, 9], 1.0], [[7, 0, 3], 1.0], [[7, 1, 17], 1.0], [[8, 0, 4], 1.0], [[8, 1, 5], 1.0], [[9, 0, 2], 1.0], [[9, 1, 11], 1.0]]}, "a1": {"exec_time": 0.0, "obj": 249, "s": [3, 7, 10, 8, 9, 9, 3, 2, 5, 7, 4, 10, 1, 4, 1, 2, 5, 8, 6, 6]}, "a2": {"exec_time": 0.0, "obj": 249, "s": [3, 7, 10, 8, 9, 9, 3, 2, 5, 7, 4, 10, 1, 4, 1, 2, 5, 8, 6, 6], "ts": 1747941081}, "osp_blp": {"solver": "highs", "exec_time": 0.4779989719390869, "ts": 1747941081, "obj": 249, "x": [11, 14, 7, 15, 0, 6, 10, 13, 8, 16, 18, 19, 1, 9, 3, 17, 4, 5, 2, 12]}}}