{"id": "dc03d3aa8cfda28fd83933d8a5bb6452", "params": {"p": [2, 2, 2, 2, 2, 2, 2, 2, 2, 2], "w": [11, 3, 13, 26, 16, 12, 8, 28, 17, 20], "d1": [9, 16, 5, 15, 13, 20, 5, 10, 14, 15], "d2": [17, 20, 6, 16, 18, 20, 9, 16, 14, 16], "s1": [7, 9, 4, 10, 9, 13, 1, 10, 14, 11], "s2": [8, 12, 4, 15, 10, 19, 3, 10, 14, 13], "r": [7, 6, 2, 5, 9, 10, 1, 4, 8, 3]}, "results": {"wsrpt": {"exec_time": 0.0, "obj": 1501, "s": [7, 7, 10, 10, 8, 8, 4, 4, 9, 9, 5, 5, 3, 3, 6, 6, 1, 1, 2, 2], "ts": 1747941081}, "lp": {"solver": "highs", "exec_time": 0.5270187854766846, "ts": 1747941081, "obj": 207.0, "x": [[[0, 0, 6], 1.0], [[0, 1, 7], 1.0], [[1, 0, 5], 1.0], [[1, 1, 18], 1.0], [[2, 0, 2], 1.0], [[2, 1, 3], 1.0], [[3, 0, 10], 1.0], [[3, 1, 15], 1.0], [[4, 0, 8], 1.0], [[4, 1, 16], 1.0], [[5, 0, 17], 1.0], [[5, 1, 19], 1.0], [[6, 0, 0], 1.0], [[6, 1, 1], 1.0], [[7, 0, 9], 1.0], [[7, 1, 11], 1.0], [[8, 0, 12], 1.0], [[8, 1, 13], 1.0], [[9, 0, 4], 1.0], [[9, 1, 14], 1.0]]}, "a1": {"exec_time": 0.0, "obj": 207, "s": [7, 7, 3, 3, 10, 2, 1, 1, 5, 8, 4, 8, 9, 9, 10, 4, 5, 6, 2, 6]}, "a2": {"exec_time": 0.0, "obj": 207, "s": [7, 7, 3, 3, 10, 2, 1, 1, 5, 8, 4, 8, 9, 9, 10, 4, 5, 6, 2, 6], "ts": 1747941081}, "osp_blp": {"solver": "highs", "exec_time": 0.5809967517852783, "ts": 1747941081, "obj": 207, "x": [6, 7, 5, 18, 2, 3, 10, 14, 8, 17, 16, 19, 0, 1, 9, 11, 12, 13, 4, 15]}}}