{"id": "dc54ee4a12ed9cf08dce6f068b50cccd", "params": {"p": [2, 2, 2, 2, 2, 2, 2, 2, 2, 2], "w": [20, 12, 22, 14, 5, 8, 5, 9, 6, 12], "d1": [15, 18, 20, 11, 17, 6, 15, 9, 15, 10], "d2": [15, 20, 20, 14, 17, 7, 17, 9, 18, 20], "s1": [9, 10, 20, 10, 15, 4, 15, 5, 15, 6], "s2": [14, 13, 20, 10, 15, 4, 15, 9, 15, 6], "r": [9, 2, 7, 6, 10, 4, 3, 5, 8, 1]}, "results": {"wsrpt": {"exec_time": 0.0, "obj": 1277, "s": [10, 10, 2, 2, 8, 8, 3, 3, 1, 1, 4, 4, 6, 6, 9, 9, 5, 5, 7, 7], "ts": 1747941082}, "lp": {"solver": "highs", "exec_time": 0.4510018825531006, "ts": 1747941082, "obj": 303.0, "x": [[[0, 0, 8], 1.0], [[0, 1, 14], 1.0], [[1, 0, 10], 1.0], [[1, 1, 17], 1.0], [[2, 0, 18], 1.0], [[2, 1, 19], 1.0], [[3, 0, 9], 1.0], [[3, 1, 11], 1.0], [[4, 0, 12], 1.0], [[4, 1, 16], 1.0], [[5, 0, 3], 1.0], [[5, 1, 5], 1.0], [[6, 0, 2], 1.0], [[6, 1, 6], 1.0], [[7, 0, 4], 1.0], [[7, 1, 7], 1.0], [[8, 0, 13], 1.0], [[8, 1, 15], 1.0], [[9, 0, 0], 1.0], [[9, 1, 1], 1.0]]}, "a1": {"exec_time": 0.0, "obj": 303, "s": [10, 10, 7, 6, 8, 6, 7, 8, 1, 4, 2, 4, 5, 9, 1, 9, 5, 2, 3, 3]}, "a2": {"exec_time": 0.0, "obj": 303, "s": [10, 10, 7, 6, 8, 6, 7, 8, 1, 4, 2, 4, 5, 9, 1, 9, 5, 2, 3, 3], "ts": 1747941082}, "osp_blp": {"solver": "highs", "exec_time": 0.5039975643157959, "ts": 1747941082, "obj": 303, "x": [8, 14, 1, 17, 18, 19, 9, 11, 12, 16, 3, 5, 2, 6, 4, 7, 13, 15, 0, 10]}}}