{"id": "dcc820bfa631484a9110278cc7bcdff9", "params": {"p": [2, 2, 2, 2, 2, 2, 2, 2, 2, 2], "w": [5, 22, 6, 29, 24, 22, 6, 12, 1, 4], "d1": [17, 12, 15, 10, 16, 8, 11, 10, 16, 20], "d2": [17, 12, 20, 19, 19, 8, 11, 18, 20, 20], "s1": [13, 9, 9, 10, 15, 8, 6, 10, 16, 14], "s2": [15, 11, 9, 10, 15, 8, 8, 10, 16, 20], "r": [4, 5, 2, 8, 7, 1, 3, 6, 10, 9]}, "results": {"wsrpt": {"exec_time": 0.0, "obj": 1097, "s": [6, 6, 3, 3, 2, 2, 5, 5, 4, 4, 8, 8, 7, 7, 1, 1, 10, 10, 9, 9], "ts": 1747941082}, "lp": {"solver": "highs", "exec_time": 0.4230000972747803, "ts": 1747941082, "obj": 382.0, "x": [[[0, 0, 3], 1.0], [[0, 1, 16], 1.0], [[1, 0, 8], 1.0], [[1, 1, 11], 1.0], [[2, 0, 1], 1.0], [[2, 1, 15], 1.0], [[3, 0, 9], 1.0], [[3, 1, 10], 1.0], [[4, 0, 14], 1.0], [[4, 1, 17], 1.0], [[5, 0, 0], 1.0], [[5, 1, 7], 1.0], [[6, 0, 2], 1.0], [[6, 1, 4], 1.0], [[7, 0, 5], 1.0], [[7, 1, 6], 1.0], [[8, 0, 12], 1.0], [[8, 1, 18], 1.0], [[9, 0, 13], 1.0], [[9, 1, 19], 1.0]]}, "a1": {"exec_time": 0.0, "obj": 382, "s": [6, 3, 7, 1, 7, 8, 8, 6, 2, 4, 4, 2, 9, 10, 5, 3, 1, 5, 9, 10]}, "a2": {"exec_time": 0.0, "obj": 382, "s": [6, 3, 7, 1, 7, 8, 8, 6, 2, 4, 4, 2, 9, 10, 5, 3, 1, 5, 9, 10], "ts": 1747941082}, "osp_blp": {"solver": "highs", "exec_time": 0.4669981002807617, "ts": 1747941082, "obj": 382, "x": [3, 16, 8, 11, 1, 18, 9, 10, 14, 15, 0, 7, 2, 4, 5, 6, 12, 17, 13, 19]}}}