{"id": "de9b9a16cf430d270c45c705d87988e9", "params": {"p": [2, 2, 2, 2, 2, 2, 2, 2, 2, 2], "w": [18, 19, 7, 28, 8, 19, 9, 24, 6, 17], "d1": [15, 4, 9, 20, 19, 19, 9, 13, 15, 14], "d2": [18, 7, 16, 20, 20, 20, 17, 20, 16, 20], "s1": [12, 3, 9, 9, 17, 12, 8, 8, 10, 12], "s2": [15, 3, 9, 20, 17, 12, 8, 11, 13, 14], "r": [8, 1, 5, 9, 10, 6, 3, 4, 7, 2]}, "results": {"wsrpt": {"exec_time": 0.0, "obj": 1510, "s": [2, 2, 10, 10, 8, 8, 6, 6, 4, 4, 1, 1, 7, 7, 5, 5, 3, 3, 9, 9], "ts": 1747941082}, "lp": {"solver": "highs", "exec_time": 0.40599656105041504, "ts": 1747941083, "obj": 288.0, "x": [[[0, 0, 12], 1.0], [[0, 1, 15], 1.0], [[1, 0, 0], 1.0], [[1, 1, 1], 1.0], [[2, 0, 4], 1.0], [[2, 1, 5], 1.0], [[3, 0, 8], 1.0], [[3, 1, 19], 1.0], [[4, 0, 16], 1.0], [[4, 1, 17], 1.0], [[5, 0, 11], 1.0], [[5, 1, 18], 1.0], [[6, 0, 2], 1.0], [[6, 1, 3], 1.0], [[7, 0, 7], 1.0], [[7, 1, 13], 1.0], [[8, 0, 6], 1.0], [[8, 1, 9], 1.0], [[9, 0, 10], 1.0], [[9, 1, 14], 1.0]]}, "a1": {"exec_time": 0.0, "obj": 288, "s": [2, 2, 7, 7, 3, 3, 9, 8, 4, 9, 10, 6, 1, 8, 10, 1, 5, 5, 6, 4]}, "a2": {"exec_time": 0.0, "obj": 288, "s": [2, 2, 7, 7, 3, 3, 9, 8, 4, 9, 10, 6, 1, 8, 10, 1, 5, 5, 6, 4], "ts": 1747941083}, "osp_blp": {"solver": "highs", "exec_time": 0.46700382232666016, "ts": 1747941083, "obj": 288, "x": [13, 14, 0, 1, 4, 5, 8, 19, 16, 17, 11, 18, 2, 3, 7, 12, 6, 9, 10, 15]}}}