{"id": "e09b17db55533569d379ff9149e62a23", "params": {"p": [2, 2, 2, 2, 2, 2, 2, 2, 2, 2], "w": [19, 22, 17, 27, 1, 11, 15, 3, 7, 5], "d1": [11, 18, 9, 12, 14, 8, 10, 10, 19, 5], "d2": [15, 19, 18, 19, 18, 12, 20, 19, 19, 11], "s1": [11, 11, 8, 5, 14, 8, 10, 9, 18, 5], "s2": [11, 13, 8, 5, 14, 8, 10, 10, 19, 5], "r": [1, 9, 6, 3, 10, 5, 8, 7, 4, 2]}, "results": {"wsrpt": {"exec_time": 0.0, "obj": 1128, "s": [1, 1, 4, 4, 6, 6, 3, 3, 2, 2, 7, 7, 9, 9, 10, 10, 8, 8, 5, 5], "ts": 1747941083}, "lp": {"solver": "highs", "exec_time": 0.4239976406097412, "ts": 1747941083, "obj": 310.0, "x": [[[0, 0, 0], 1.0], [[0, 1, 11], 1.0], [[1, 0, 12], 1.0], [[1, 1, 18], 1.0], [[2, 0, 7], 1.0], [[2, 1, 8], 1.0], [[3, 0, 3], 1.0], [[3, 1, 15], 1.0], [[4, 0, 13], 1.0], [[4, 1, 14], 1.0], [[5, 0, 4], 1.0], [[5, 1, 5], 1.0], [[6, 0, 9], 1.0], [[6, 1, 16], 1.0], [[7, 0, 6], 1.0], [[7, 1, 10], 1.0], [[8, 0, 17], 1.0], [[8, 1, 19], 1.0], [[9, 0, 1], 1.0], [[9, 1, 2], 1.0]]}, "a1": {"exec_time": 0.0, "obj": 310, "s": [1, 10, 10, 4, 6, 6, 8, 3, 3, 7, 8, 1, 2, 5, 5, 4, 7, 9, 2, 9]}, "a2": {"exec_time": 0.0, "obj": 310, "s": [1, 10, 10, 4, 6, 6, 8, 3, 3, 7, 8, 1, 2, 5, 5, 4, 7, 9, 2, 9], "ts": 1747941083}, "osp_blp": {"solver": "highs", "exec_time": 0.46901631355285645, "ts": 1747941083, "obj": 310, "x": [0, 14, 11, 18, 7, 8, 3, 12, 13, 16, 4, 5, 9, 15, 6, 10, 17, 19, 1, 2]}}}