{"id": "e249758ca122209c6e84ce6fc970fd2b", "params": {"p": [2, 2, 2, 2, 2, 2, 2, 2, 2, 2], "w": [30, 20, 20, 8, 22, 3, 21, 28, 16, 30], "d1": [14, 11, 6, 18, 7, 7, 18, 12, 14, 20], "d2": [14, 11, 20, 20, 12, 20, 20, 20, 19, 20], "s1": [11, 10, 5, 11, 7, 6, 2, 9, 8, 20], "s2": [12, 11, 6, 11, 7, 7, 12, 10, 10, 20], "r": [8, 2, 3, 9, 5, 4, 1, 6, 7, 10]}, "results": {"wsrpt": {"exec_time": 0.0, "obj": 1865, "s": [7, 7, 2, 2, 5, 5, 8, 8, 1, 1, 10, 10, 3, 3, 9, 9, 4, 4, 6, 6], "ts": 1747941083}, "lp": {"solver": "highs", "exec_time": 0.40999436378479004, "ts": 1747941084, "obj": 287.0, "x": [[[0, 0, 11], 1.0], [[0, 1, 13], 1.0], [[1, 0, 1], 1.0], [[1, 1, 10], 1.0], [[2, 0, 2], 1.0], [[2, 1, 5], 1.0], [[3, 0, 12], 1.0], [[3, 1, 16], 1.0], [[4, 0, 6], 1.0], [[4, 1, 9], 1.0], [[5, 0, 3], 1.0], [[5, 1, 4], 1.0], [[6, 0, 0], 1.0], [[6, 1, 17], 1.0], [[7, 0, 8], 1.0], [[7, 1, 14], 1.0], [[8, 0, 7], 1.0], [[8, 1, 15], 1.0], [[9, 0, 18], 1.0], [[9, 1, 19], 1.0]]}, "a1": {"exec_time": 0.0, "obj": 287, "s": [7, 2, 3, 6, 6, 3, 5, 9, 8, 5, 2, 1, 4, 1, 8, 9, 4, 7, 10, 10]}, "a2": {"exec_time": 0.0, "obj": 287, "s": [7, 2, 3, 6, 6, 3, 5, 9, 8, 5, 2, 1, 4, 1, 8, 9, 4, 7, 10, 10], "ts": 1747941084}, "osp_blp": {"solver": "highs", "exec_time": 0.4830038547515869, "ts": 1747941084, "obj": 287, "x": [11, 13, 1, 10, 2, 5, 12, 16, 6, 8, 3, 4, 0, 17, 9, 15, 7, 14, 18, 19]}}}