{"id": "e3071110d445e7fc2ae551c88480f878", "params": {"p": [2, 2, 2, 2, 2, 2, 2, 2, 2, 2], "w": [7, 27, 3, 29, 1, 25, 10, 5, 15, 18], "d1": [19, 15, 6, 9, 12, 3, 14, 16, 16, 14], "d2": [19, 18, 8, 9, 14, 14, 19, 16, 19, 16], "s1": [8, 13, 3, 9, 9, 2, 14, 10, 11, 11], "s2": [8, 14, 5, 9, 10, 3, 14, 14, 11, 13], "r": [2, 5, 3, 6, 4, 1, 8, 9, 7, 10]}, "results": {"wsrpt": {"exec_time": 0.0, "obj": 988, "s": [6, 6, 1, 1, 2, 2, 4, 4, 9, 9, 10, 10, 7, 7, 8, 8, 3, 3, 5, 5], "ts": 1747941084}, "lp": {"solver": "highs", "exec_time": 0.4530158042907715, "ts": 1747941084, "obj": 105.0, "x": [[[0, 0, 6], 1.0], [[0, 1, 19], 1.0], [[1, 0, 12], 1.0], [[1, 1, 17], 1.0], [[2, 0, 2], 1.0], [[2, 1, 5], 1.0], [[3, 0, 7], 1.0], [[3, 1, 8], 1.0], [[4, 0, 3], 1.0], [[4, 1, 4], 1.0], [[5, 0, 0], 1.0], [[5, 1, 1], 1.0], [[6, 0, 13], 1.0], [[6, 1, 16], 1.0], [[7, 0, 9], 1.0], [[7, 1, 15], 1.0], [[8, 0, 10], 1.0], [[8, 1, 18], 1.0], [[9, 0, 11], 1.0], [[9, 1, 14], 1.0]]}, "a1": {"exec_time": 0.0, "obj": 105, "s": [6, 6, 3, 5, 5, 3, 1, 4, 4, 8, 9, 10, 2, 7, 10, 8, 7, 2, 9, 1]}, "a2": {"exec_time": 0.0, "obj": 105, "s": [6, 6, 3, 5, 5, 3, 1, 4, 4, 8, 9, 10, 2, 7, 10, 8, 7, 2, 9, 1], "ts": 1747941084}, "osp_blp": {"solver": "highs", "exec_time": 0.4949941635131836, "ts": 1747941084, "obj": 105, "x": [6, 19, 12, 16, 2, 5, 7, 8, 3, 4, 0, 1, 13, 18, 9, 15, 10, 17, 11, 14]}}}