{"id": "e373fe64f648c3d19db167050c81055d", "params": {"p": [2, 2, 2, 2, 2, 2, 2, 2, 2, 2], "w": [14, 8, 22, 23, 20, 23, 17, 3, 19, 11], "d1": [14, 6, 17, 8, 16, 4, 16, 19, 13, 20], "d2": [18, 18, 20, 11, 19, 6, 20, 20, 20, 20], "s1": [12, 6, 4, 6, 13, 4, 16, 12, 11, 15], "s2": [14, 6, 5, 6, 16, 4, 16, 15, 12, 18], "r": [4, 3, 1, 5, 8, 2, 9, 6, 7, 10]}, "results": {"wsrpt": {"exec_time": 0.0, "obj": 1156, "s": [3, 3, 6, 6, 4, 4, 9, 9, 5, 5, 7, 7, 1, 1, 10, 10, 2, 2, 8, 8], "ts": 1747941084}, "lp": {"solver": "highs", "exec_time": 0.4169938564300537, "ts": 1747941085, "obj": 236.0, "x": [[[0, 0, 9], 1.0], [[0, 1, 13], 1.0], [[1, 0, 2], 1.0], [[1, 1, 4], 1.0], [[2, 0, 0], 1.0], [[2, 1, 18], 1.0], [[3, 0, 5], 1.0], [[3, 1, 7], 1.0], [[4, 0, 12], 1.0], [[4, 1, 17], 1.0], [[5, 0, 1], 1.0], [[5, 1, 3], 1.0], [[6, 0, 15], 1.0], [[6, 1, 16], 1.0], [[7, 0, 6], 1.0], [[7, 1, 8], 1.0], [[8, 0, 10], 1.0], [[8, 1, 11], 1.0], [[9, 0, 14], 1.0], [[9, 1, 19], 1.0]]}, "a1": {"exec_time": 0.0, "obj": 236, "s": [3, 6, 2, 6, 2, 4, 8, 4, 8, 1, 9, 9, 5, 1, 10, 7, 7, 5, 3, 10]}, "a2": {"exec_time": 0.0, "obj": 236, "s": [3, 6, 2, 6, 2, 4, 8, 4, 8, 1, 9, 9, 5, 1, 10, 7, 7, 5, 3, 10], "ts": 1747941085}, "osp_blp": {"solver": "highs", "exec_time": 0.5089774131774902, "ts": 1747941085, "obj": 236, "x": [9, 13, 2, 4, 0, 18, 5, 7, 12, 16, 1, 3, 15, 17, 6, 8, 10, 11, 14, 19]}}}