{"id": "e39cd4eee7afc2022a5e492b688875fd", "params": {"p": [2, 2, 2, 2, 2, 2, 2, 2, 2, 2], "w": [7, 5, 2, 26, 16, 3, 23, 7, 23, 15], "d1": [16, 10, 10, 12, 14, 19, 12, 9, 13, 9], "d2": [18, 20, 18, 19, 18, 19, 15, 16, 13, 13], "s1": [13, 8, 10, 12, 13, 16, 9, 5, 9, 7], "s2": [16, 8, 10, 12, 13, 19, 10, 8, 9, 9], "r": [9, 3, 6, 8, 10, 7, 5, 2, 1, 4]}, "results": {"wsrpt": {"exec_time": 0.0, "obj": 1092, "s": [9, 9, 8, 10, 10, 7, 7, 4, 4, 5, 5, 8, 1, 1, 2, 2, 6, 6, 3, 3], "ts": 1747941085}, "lp": {"solver": "highs", "exec_time": 0.41700267791748047, "ts": 1747941085, "obj": 333.0, "x": [[[0, 0, 10], 1.0], [[0, 1, 17], 1.0], [[1, 0, 2], 1.0], [[1, 1, 3], 1.0], [[2, 0, 5], 1.0], [[2, 1, 7], 1.0], [[3, 0, 11], 1.0], [[3, 1, 18], 1.0], [[4, 0, 13], 1.0], [[4, 1, 15], 1.0], [[5, 0, 16], 1.0], [[5, 1, 19], 1.0], [[6, 0, 9], 1.0], [[6, 1, 14], 1.0], [[7, 0, 1], 1.0], [[7, 1, 4], 1.0], [[8, 0, 0], 1.0], [[8, 1, 12], 1.0], [[9, 0, 6], 1.0], [[9, 1, 8], 1.0]]}, "a1": {"exec_time": 0.0, "obj": 333, "s": [9, 8, 2, 2, 8, 3, 10, 3, 10, 7, 1, 4, 9, 5, 7, 5, 6, 1, 4, 6]}, "a2": {"exec_time": 0.0, "obj": 333, "s": [9, 8, 2, 2, 8, 3, 10, 3, 10, 7, 1, 4, 9, 5, 7, 5, 6, 1, 4, 6], "ts": 1747941085}, "osp_blp": {"solver": "highs", "exec_time": 0.5059990882873535, "ts": 1747941085, "obj": 333, "x": [10, 16, 2, 3, 5, 7, 11, 17, 13, 15, 18, 19, 8, 14, 1, 4, 0, 12, 6, 9]}}}