{"id": "e44ffafd217616a175939831de6ec42d", "params": {"p": [2, 2, 2, 2, 2, 2, 2, 2, 2, 2], "w": [11, 21, 11, 9, 20, 29, 27, 11, 2, 20], "d1": [11, 14, 19, 16, 5, 13, 16, 13, 18, 16], "d2": [12, 18, 19, 19, 14, 13, 18, 19, 19, 18], "s1": [9, 10, 4, 15, 4, 13, 12, 12, 6, 13], "s2": [11, 14, 11, 16, 4, 13, 14, 13, 9, 15], "r": [2, 7, 4, 6, 3, 9, 8, 10, 1, 5]}, "results": {"wsrpt": {"exec_time": 0.0, "obj": 1088, "s": [9, 1, 1, 5, 5, 10, 10, 7, 7, 6, 6, 2, 2, 3, 3, 8, 8, 4, 4, 9], "ts": 1747941085}, "lp": {"solver": "highs", "exec_time": 0.4870002269744873, "ts": 1747941086, "obj": 301.0, "x": [[[0, 0, 6], 1.0], [[0, 1, 7], 1.0], [[1, 0, 8], 1.0], [[1, 1, 15], 1.0], [[2, 0, 3], 1.0], [[2, 1, 18], 1.0], [[3, 0, 5], 1.0], [[3, 1, 19], 1.0], [[4, 0, 2], 1.0], [[4, 1, 4], 1.0], [[5, 0, 11], 0.5000004999999996], [[5, 0, 13], 0.4999995000000004], [[5, 1, 12], 1.0], [[6, 0, 11], 0.4999995000000004], [[6, 0, 13], 0.5000004999999996], [[6, 1, 16], 1.0], [[7, 0, 9], 1.0], [[7, 1, 10], 1.0], [[8, 0, 0], 1.0], [[8, 1, 1], 1.0], [[9, 0, 14], 1.0], [[9, 1, 17], 1.0]]}, "a1": {"exec_time": 0.0, "obj": 301, "s": [9, 9, 5, 3, 5, 4, 1, 1, 2, 8, 8, 6, 6, 7, 10, 2, 7, 10, 3, 4]}, "a2": {"exec_time": 0.0, "obj": 301, "s": [9, 9, 5, 3, 5, 4, 1, 1, 2, 8, 8, 6, 6, 7, 10, 2, 7, 10, 3, 4], "ts": 1747941086}, "osp_blp": {"solver": "highs", "exec_time": 0.5160188674926758, "ts": 1747941086, "obj": 301, "x": [6, 7, 8, 16, 3, 18, 5, 19, 2, 4, 11, 12, 13, 17, 9, 10, 0, 1, 14, 15]}}}