{"id": "e45c0c40500bae9962ea0e3d98a3ded8", "params": {"p": [2, 2, 2, 2, 2, 2, 2, 2, 2, 2], "w": [19, 7, 6, 12, 27, 28, 13, 10, 25, 7], "d1": [14, 18, 5, 16, 12, 8, 7, 15, 14, 16], "d2": [16, 20, 9, 17, 19, 8, 18, 19, 16, 18], "s1": [9, 14, 1, 9, 10, 5, 6, 11, 13, 10], "s2": [11, 17, 5, 9, 11, 6, 7, 11, 14, 12], "r": [4, 5, 1, 7, 9, 2, 3, 6, 8, 10]}, "results": {"wsrpt": {"exec_time": 0.0, "obj": 960, "s": [3, 6, 6, 1, 1, 7, 7, 9, 9, 5, 5, 3, 4, 4, 8, 8, 2, 2, 10, 10], "ts": 1747941086}, "lp": {"solver": "highs", "exec_time": 0.43700075149536133, "ts": 1747941086, "obj": 170.0, "x": [[[0, 0, 8], 1.0], [[0, 1, 15], 1.0], [[1, 0, 14], 1.0], [[1, 1, 19], 1.0], [[2, 0, 0], 1.0], [[2, 1, 1], 1.0], [[3, 0, 6], 1.0], [[3, 1, 16], 1.0], [[4, 0, 9], 1.0], [[4, 1, 11], 1.0], [[5, 0, 4], 1.0], [[5, 1, 7], 1.0], [[6, 0, 2], 1.0], [[6, 1, 3], 1.0], [[7, 0, 5], 1.0], [[7, 1, 18], 1.0], [[8, 0, 12], 1.0], [[8, 1, 13], 1.0], [[9, 0, 10], 1.0], [[9, 1, 17], 1.0]]}, "a1": {"exec_time": 0.0, "obj": 170, "s": [3, 3, 7, 7, 6, 8, 4, 6, 1, 5, 10, 5, 9, 9, 2, 1, 4, 10, 8, 2]}, "a2": {"exec_time": 0.015625, "obj": 170, "s": [3, 3, 7, 7, 6, 8, 4, 6, 1, 5, 10, 5, 9, 9, 2, 1, 4, 10, 8, 2], "ts": 1747941086}, "osp_blp": {"solver": "highs", "exec_time": 0.4609813690185547, "ts": 1747941086, "obj": 170, "x": [8, 13, 15, 19, 0, 1, 6, 16, 10, 11, 4, 7, 2, 3, 5, 18, 12, 14, 9, 17]}}}