{"id": "e47fd80fc1b1892207d13d76dcea1f46", "params": {"p": [2, 2, 2, 2, 2, 2, 2, 2, 2, 2], "w": [28, 30, 24, 22, 27, 19, 17, 5, 25, 18], "d1": [12, 10, 9, 19, 19, 9, 20, 12, 12, 19], "d2": [15, 10, 9, 20, 19, 20, 20, 16, 18, 19], "s1": [12, 8, 7, 13, 16, 6, 16, 10, 8, 11], "s2": [12, 9, 9, 19, 17, 9, 19, 10, 12, 14], "r": [6, 7, 3, 5, 1, 4, 10, 8, 2, 9]}, "results": {"wsrpt": {"exec_time": 0.0, "obj": 1984, "s": [5, 5, 9, 9, 3, 3, 2, 2, 1, 1, 4, 4, 6, 6, 10, 10, 7, 7, 8, 8], "ts": 1747941086}, "lp": {"solver": "highs", "exec_time": 0.45201992988586426, "ts": 1747941087, "obj": 950.0, "x": [[[0, 0, 11], 1.0], [[0, 1, 14], 1.0], [[1, 0, 6], 1.0], [[1, 1, 9], 1.0], [[2, 0, 2], 1.0], [[2, 1, 5], 1.0], [[3, 0, 12], 1.0], [[3, 1, 17], 1.0], [[4, 0, 0], 1.0], [[4, 1, 18], 1.0], [[5, 0, 3], 1.0], [[5, 1, 4], 1.0], [[6, 0, 15], 1.0], [[6, 1, 19], 1.0], [[7, 0, 7], 1.0], [[7, 1, 8], 1.0], [[8, 0, 1], 1.0], [[8, 1, 13], 1.0], [[9, 0, 10], 1.0], [[9, 1, 16], 1.0]]}, "a1": {"exec_time": 0.0, "obj": 950, "s": [5, 9, 3, 6, 6, 3, 2, 8, 8, 2, 10, 1, 4, 9, 1, 7, 10, 4, 5, 7]}, "a2": {"exec_time": 0.0, "obj": 950, "s": [5, 9, 3, 6, 6, 3, 2, 8, 8, 2, 10, 1, 4, 9, 1, 7, 10, 4, 5, 7], "ts": 1747941087}, "osp_blp": {"solver": "highs", "exec_time": 0.4990041255950928, "ts": 1747941087, "obj": 950, "x": [11, 13, 6, 9, 2, 5, 12, 17, 0, 18, 3, 4, 15, 19, 7, 8, 1, 14, 10, 16]}}}