{"id": "e48eaabcc12b889d7cde47e203e62033", "params": {"p": [2, 2, 2, 2, 2, 2, 2, 2, 2, 2], "w": [27, 5, 13, 28, 6, 5, 25, 14, 7, 21], "d1": [17, 17, 11, 20, 17, 14, 18, 16, 14, 6], "d2": [17, 20, 11, 20, 17, 19, 18, 17, 18, 14], "s1": [9, 6, 6, 17, 7, 14, 13, 11, 9, 5], "s2": [17, 10, 11, 19, 10, 14, 14, 11, 10, 6], "r": [2, 3, 6, 9, 5, 4, 8, 10, 7, 1]}, "results": {"wsrpt": {"exec_time": 0.0, "obj": 1717, "s": [10, 10, 1, 1, 5, 3, 3, 7, 7, 4, 4, 8, 8, 5, 9, 9, 2, 2, 6, 6], "ts": 1747941087}, "lp": {"solver": "highs", "exec_time": 0.3919954299926758, "ts": 1747941087, "obj": 335.0, "x": [[[0, 0, 8], 1.0], [[0, 1, 16], 1.0], [[1, 0, 2], 1.0], [[1, 1, 4], 1.0], [[2, 0, 5], 1.0], [[2, 1, 9], 1.0], [[3, 0, 18], 1.0], [[3, 1, 19], 1.0], [[4, 0, 6], 1.0], [[4, 1, 14], 1.0], [[5, 0, 3], 1.0], [[5, 1, 11], 1.0], [[6, 0, 12], 1.0], [[6, 1, 17], 1.0], [[7, 0, 10], 1.0], [[7, 1, 15], 1.0], [[8, 0, 7], 1.0], [[8, 1, 13], 1.0], [[9, 0, 0], 1.0], [[9, 1, 1], 1.0]]}, "a1": {"exec_time": 0.0, "obj": 335, "s": [10, 10, 2, 6, 2, 3, 5, 9, 1, 3, 8, 6, 7, 9, 5, 8, 1, 7, 4, 4]}, "a2": {"exec_time": 0.0, "obj": 335, "s": [10, 10, 2, 6, 2, 3, 5, 9, 1, 3, 8, 6, 7, 9, 5, 8, 1, 7, 4, 4], "ts": 1747941087}, "osp_blp": {"solver": "highs", "exec_time": 0.4889974594116211, "ts": 1747941087, "obj": 335, "x": [8, 16, 2, 4, 5, 9, 18, 19, 6, 14, 3, 11, 12, 17, 10, 15, 7, 13, 0, 1]}}}