{"id": "e4bef85d6b1f72a92c2750b56b4490eb", "params": {"p": [2, 2, 2, 2, 2, 2, 2, 2, 2, 2], "w": [22, 9, 14, 4, 19, 28, 4, 24, 12, 5], "d1": [11, 8, 4, 15, 18, 19, 10, 11, 12, 11], "d2": [16, 8, 8, 19, 20, 19, 19, 17, 19, 19], "s1": [11, 5, 4, 11, 18, 17, 6, 4, 7, 10], "s2": [11, 6, 4, 12, 18, 19, 9, 6, 7, 11], "r": [7, 4, 1, 9, 8, 10, 6, 3, 5, 2]}, "results": {"wsrpt": {"exec_time": 0.0, "obj": 1400, "s": [3, 3, 8, 8, 9, 9, 1, 1, 5, 5, 6, 6, 2, 2, 10, 10, 4, 4, 7, 7], "ts": 1747941087}, "lp": {"solver": "highs", "exec_time": 0.41100072860717773, "ts": 1747941088, "obj": 104.0, "x": [[[0, 0, 10], 1.0], [[0, 1, 11], 1.0], [[1, 0, 4], 1.0], [[1, 1, 7], 1.0], [[2, 0, 0], 1.0], [[2, 1, 2], 1.0], [[3, 0, 9], 1.0], [[3, 1, 15], 1.0], [[4, 0, 17], 1.0], [[4, 1, 19], 1.0], [[5, 0, 16], 1.0], [[5, 1, 18], 1.0], [[6, 0, 5], 1.0], [[6, 1, 8], 1.0], [[7, 0, 3], 1.0], [[7, 1, 12], 1.0], [[8, 0, 6], 1.0], [[8, 1, 13], 1.0], [[9, 0, 1], 1.0], [[9, 1, 14], 1.0]]}, "a1": {"exec_time": 0.0, "obj": 104, "s": [3, 10, 3, 8, 2, 7, 9, 2, 7, 4, 1, 1, 8, 9, 10, 4, 6, 5, 6, 5]}, "a2": {"exec_time": 0.0, "obj": 104, "s": [3, 10, 3, 8, 2, 7, 9, 2, 7, 4, 1, 1, 8, 9, 10, 4, 6, 5, 6, 5], "ts": 1747941088}, "osp_blp": {"solver": "highs", "exec_time": 0.4530029296875, "ts": 1747941088, "obj": 104, "x": [10, 11, 4, 7, 0, 2, 9, 15, 17, 19, 16, 18, 5, 8, 3, 13, 6, 14, 1, 12]}}}