{"id": "e53c652ff73fe54da9fb20e73337ab33", "params": {"p": [2, 2, 2, 2, 2, 2, 2, 2, 2, 2], "w": [13, 4, 15, 28, 10, 10, 1, 30, 9, 18], "d1": [16, 18, 14, 8, 17, 7, 12, 11, 14, 13], "d2": [19, 18, 20, 14, 17, 17, 16, 14, 18, 14], "s1": [3, 13, 10, 3, 4, 4, 11, 11, 14, 8], "s2": [5, 15, 10, 6, 8, 7, 11, 11, 14, 12], "r": [1, 6, 10, 2, 3, 4, 8, 7, 9, 5]}, "results": {"wsrpt": {"exec_time": 0.0, "obj": 954, "s": [1, 4, 4, 1, 10, 10, 8, 8, 5, 5, 3, 3, 6, 6, 9, 9, 2, 2, 7, 7], "ts": 1747941088}, "lp": {"solver": "highs", "exec_time": 0.40599703788757324, "ts": 1747941088, "obj": 132.0, "x": [[[0, 0, 0], 1.0], [[0, 1, 18], 1.0], [[1, 0, 5], 1.0], [[1, 1, 17], 1.0], [[2, 0, 9], 1.0], [[2, 1, 19], 1.0], [[3, 0, 1], 1.0], [[3, 1, 7], 1.0], [[4, 0, 2], 1.0], [[4, 1, 16], 1.0], [[5, 0, 3], 1.0], [[5, 1, 4], 1.0], [[6, 0, 8], 1.0], [[6, 1, 14], 1.0], [[7, 0, 10], 1.0], [[7, 1, 11], 1.0], [[8, 0, 13], 1.0], [[8, 1, 15], 1.0], [[9, 0, 6], 1.0], [[9, 1, 12], 1.0]]}, "a1": {"exec_time": 0.0, "obj": 132, "s": [1, 4, 5, 6, 6, 2, 10, 4, 7, 3, 8, 8, 10, 9, 7, 9, 5, 2, 1, 3]}, "a2": {"exec_time": 0.0, "obj": 132, "s": [1, 4, 5, 6, 6, 2, 10, 4, 7, 3, 8, 8, 10, 9, 7, 9, 5, 2, 1, 3], "ts": 1747941088}, "osp_blp": {"solver": "highs", "exec_time": 0.4689967632293701, "ts": 1747941088, "obj": 132, "x": [0, 18, 5, 17, 9, 19, 1, 7, 2, 16, 3, 4, 8, 15, 10, 11, 13, 14, 6, 12]}}}