{"id": "e66876f3cdc1c2be0639aee7eaf9764b", "params": {"p": [2, 2, 2, 2, 2, 2, 2, 2, 2, 2], "w": [23, 24, 9, 11, 21, 4, 8, 22, 22, 10], "d1": [12, 18, 15, 10, 18, 12, 9, 20, 13, 19], "d2": [20, 19, 16, 16, 18, 16, 19, 20, 14, 20], "s1": [10, 1, 15, 10, 14, 6, 5, 18, 13, 9], "s2": [11, 15, 15, 10, 16, 12, 7, 19, 13, 19], "r": [2, 1, 7, 8, 6, 4, 3, 5, 10, 9]}, "results": {"wsrpt": {"exec_time": 0.0, "obj": 1931, "s": [2, 2, 1, 1, 8, 8, 5, 5, 4, 4, 9, 9, 10, 10, 3, 3, 7, 7, 6, 6], "ts": 1747941088}, "lp": {"solver": "highs", "exec_time": 0.41300296783447266, "ts": 1747941089, "obj": 441.0, "x": [[[0, 0, 1], 1.0], [[0, 1, 11], 1.0], [[1, 0, 0], 1.0], [[1, 1, 18], 1.0], [[2, 0, 6], 1.0], [[2, 1, 10], 1.0], [[3, 0, 7], 1.0], [[3, 1, 9], 1.0], [[4, 0, 14], 1.0], [[4, 1, 16], 1.0], [[5, 0, 3], 1.0], [[5, 1, 4], 1.0], [[6, 0, 2], 1.0], [[6, 1, 5], 1.0], [[7, 0, 17], 1.0], [[7, 1, 19], 1.0], [[8, 0, 12], 1.0], [[8, 1, 13], 1.0], [[9, 0, 8], 1.0], [[9, 1, 15], 1.0]]}, "a1": {"exec_time": 0.0, "obj": 441, "s": [2, 1, 7, 6, 6, 7, 3, 4, 10, 4, 3, 1, 9, 9, 5, 10, 5, 8, 2, 8]}, "a2": {"exec_time": 0.0, "obj": 441, "s": [2, 1, 7, 6, 6, 7, 3, 4, 10, 4, 3, 1, 9, 9, 5, 10, 5, 8, 2, 8], "ts": 1747941089}, "osp_blp": {"solver": "highs", "exec_time": 0.466996431350708, "ts": 1747941089, "obj": 441, "x": [1, 11, 0, 18, 6, 10, 7, 9, 14, 16, 3, 4, 2, 5, 17, 19, 12, 13, 8, 15]}}}