{"id": "e6a7344d046de699f39c802c344ad5ae", "params": {"p": [2, 2, 2, 2, 2, 2, 2, 2, 2, 2], "w": [24, 29, 30, 2, 18, 30, 1, 15, 24, 7], "d1": [18, 8, 11, 15, 12, 12, 20, 3, 13, 20], "d2": [20, 20, 15, 17, 15, 18, 20, 8, 18, 20], "s1": [12, 5, 6, 9, 12, 8, 14, 2, 11, 13], "s2": [12, 5, 8, 12, 12, 10, 14, 3, 11, 16], "r": [9, 5, 6, 3, 10, 2, 4, 1, 8, 7]}, "results": {"wsrpt": {"exec_time": 0.0, "obj": 964, "s": [8, 6, 6, 8, 2, 2, 3, 3, 1, 1, 9, 9, 5, 5, 10, 10, 4, 4, 7, 7], "ts": 1747941089}, "lp": {"solver": "highs", "exec_time": 0.4659996032714844, "ts": 1747941089, "obj": 93.0, "x": [[[0, 0, 11], 1.0], [[0, 1, 18], 1.0], [[1, 0, 4], 1.0], [[1, 1, 8], 1.0], [[2, 0, 5], 1.0], [[2, 1, 14], 1.0], [[3, 0, 2], 1.0], [[3, 1, 9], 1.0], [[4, 0, 12], 1.0], [[4, 1, 13], 1.0], [[5, 0, 7], 1.0], [[5, 1, 17], 1.0], [[6, 0, 3], 1.0], [[6, 1, 6], 1.0], [[7, 0, 0], 1.0], [[7, 1, 1], 1.0], [[8, 0, 10], 1.0], [[8, 1, 16], 1.0], [[9, 0, 15], 1.0], [[9, 1, 19], 1.0]]}, "a1": {"exec_time": 0.0, "obj": 93, "s": [8, 8, 4, 7, 2, 3, 7, 6, 2, 4, 9, 1, 5, 5, 3, 10, 9, 6, 1, 10]}, "a2": {"exec_time": 0.0, "obj": 93, "s": [8, 8, 4, 7, 2, 3, 7, 6, 2, 4, 9, 1, 5, 5, 3, 10, 9, 6, 1, 10], "ts": 1747941089}, "osp_blp": {"solver": "highs", "exec_time": 0.5129783153533936, "ts": 1747941089, "obj": 93, "x": [11, 18, 4, 8, 5, 14, 2, 9, 12, 13, 7, 16, 3, 6, 0, 1, 10, 17, 15, 19]}}}