{"id": "e6f028f5006003cb42a9f899159bf3df", "params": {"p": [2, 2, 2, 2, 2, 2, 2, 2, 2, 2], "w": [3, 13, 8, 8, 2, 26, 26, 29, 28, 29], "d1": [11, 8, 20, 20, 12, 17, 20, 11, 16, 7], "d2": [18, 9, 20, 20, 19, 19, 20, 15, 19, 7], "s1": [8, 3, 12, 16, 8, 14, 11, 7, 8, 6], "s2": [9, 6, 16, 20, 9, 15, 20, 9, 10, 6], "r": [8, 1, 9, 4, 7, 10, 5, 2, 6, 3]}, "results": {"wsrpt": {"exec_time": 0.0, "obj": 1481, "s": [2, 8, 8, 10, 10, 9, 9, 2, 7, 7, 6, 6, 3, 3, 4, 4, 1, 1, 5, 5], "ts": 1747941089}, "lp": {"solver": "highs", "exec_time": 0.40700244903564453, "ts": 1747941090, "obj": 403.0, "x": [[[0, 0, 8], 1.0], [[0, 1, 9], 1.0], [[1, 0, 0], 1.0], [[1, 1, 1], 1.0], [[2, 0, 11], 1.0], [[2, 1, 17], 1.0], [[3, 0, 3], 1.0], [[3, 1, 18], 1.0], [[4, 0, 6], 1.0], [[4, 1, 13], 1.0], [[5, 0, 14], 1.0], [[5, 1, 16], 1.0], [[6, 0, 12], 1.0], [[6, 1, 19], 1.0], [[7, 0, 4], 1.0], [[7, 1, 10], 1.0], [[8, 0, 7], 1.0], [[8, 1, 15], 1.0], [[9, 0, 2], 1.0], [[9, 1, 5], 1.0]]}, "a1": {"exec_time": 0.0, "obj": 403, "s": [2, 2, 10, 4, 8, 10, 5, 9, 1, 1, 8, 3, 7, 5, 6, 9, 6, 3, 4, 7]}, "a2": {"exec_time": 0.0, "obj": 403, "s": [2, 2, 10, 4, 8, 10, 5, 9, 1, 1, 8, 3, 7, 5, 6, 9, 6, 3, 4, 7], "ts": 1747941090}, "osp_blp": {"solver": "highs", "exec_time": 0.48502039909362793, "ts": 1747941090, "obj": 403, "x": [7, 9, 0, 1, 11, 18, 3, 17, 6, 12, 14, 16, 10, 19, 2, 13, 8, 15, 4, 5]}}}