{"id": "e7a282581ab7ca3afc0ced2354c11c74", "params": {"p": [2, 2, 2, 2, 2, 2, 2, 2, 2, 2], "w": [19, 26, 8, 25, 11, 12, 14, 22, 28, 29], "d1": [14, 20, 13, 16, 15, 20, 20, 12, 12, 7], "d2": [16, 20, 14, 19, 15, 20, 20, 18, 13, 19], "s1": [8, 8, 13, 15, 10, 20, 11, 10, 10, 6], "s2": [14, 14, 13, 15, 15, 20, 12, 12, 11, 7], "r": [4, 5, 1, 9, 7, 2, 6, 10, 8, 3]}, "results": {"wsrpt": {"exec_time": 0.0, "obj": 1496, "s": [3, 3, 10, 10, 2, 2, 1, 1, 9, 9, 4, 4, 8, 8, 7, 7, 6, 6, 5, 5], "ts": 1747941090}, "lp": {"solver": "highs", "exec_time": 0.4519975185394287, "ts": 1747941090, "obj": 623.0, "x": [[[0, 0, 3], 1.0], [[0, 1, 15], 1.0], [[1, 0, 7], 1.0], [[1, 1, 19], 1.0], [[2, 0, 0], 1.0], [[2, 1, 1], 1.0], [[3, 0, 14], 1.0], [[3, 1, 16], 1.0], [[4, 0, 8], 1.0], [[4, 1, 13], 1.0], [[5, 0, 2], 0.5000000333333333], [[5, 0, 17], 0.4999999666666667], [[5, 1, 2], 0.4999999666666667], [[5, 1, 17], 0.5000000333333333], [[6, 0, 5], 1.0], [[6, 1, 18], 1.0], [[7, 0, 10], 1.0], [[7, 1, 11], 1.0], [[8, 0, 9], 1.0], [[8, 1, 12], 1.0], [[9, 0, 4], 1.0], [[9, 1, 6], 1.0]]}, "a1": {"exec_time": 0.0, "obj": 623, "s": [3, 3, 6, 1, 10, 7, 10, 2, 5, 9, 8, 8, 9, 5, 4, 1, 4, 6, 7, 2]}, "a2": {"exec_time": 0.0, "obj": 623, "s": [3, 3, 6, 1, 10, 7, 10, 2, 5, 9, 8, 8, 9, 5, 4, 1, 4, 6, 7, 2], "ts": 1747941090}, "osp_blp": {"solver": "highs", "exec_time": 0.5169978141784668, "ts": 1747941090, "obj": 623, "x": [3, 13, 7, 19, 0, 1, 14, 16, 8, 15, 2, 17, 5, 18, 9, 12, 10, 11, 4, 6]}}}