{"id": "e7f82f54826c649a561882099fe6fbb4", "params": {"p": [2, 2, 2, 2, 2, 2, 2, 2, 2, 2], "w": [17, 13, 8, 2, 1, 2, 16, 22, 8, 9], "d1": [17, 19, 12, 13, 16, 18, 11, 16, 13, 16], "d2": [20, 20, 12, 16, 20, 18, 20, 19, 17, 18], "s1": [10, 18, 6, 13, 14, 6, 7, 4, 12, 12], "s2": [13, 19, 10, 13, 15, 9, 8, 14, 12, 15], "r": [8, 1, 6, 2, 9, 5, 7, 4, 3, 10]}, "results": {"wsrpt": {"exec_time": 0.0, "obj": 1105, "s": [2, 2, 9, 8, 8, 9, 7, 7, 1, 1, 10, 10, 3, 3, 4, 4, 6, 6, 5, 5], "ts": 1747941090}, "osp_blp": {"solver": "highs", "exec_time": 0.43799829483032227, "ts": 1747941091, "obj": 298, "x": [9, 17, 0, 18, 5, 10, 1, 2, 8, 19, 4, 7, 6, 13, 3, 16, 11, 14, 12, 15]}, "lp": {"solver": "highs", "exec_time": 0.4419999122619629, "ts": 1747941091, "obj": 298.0, "x": [[[0, 0, 9], 1.0], [[0, 1, 19], 1.0], [[1, 0, 0], 1.0], [[1, 1, 18], 1.0], [[2, 0, 5], 1.0], [[2, 1, 11], 1.0], [[3, 0, 1], 1.0], [[3, 1, 2], 1.0], [[4, 0, 8], 1.0], [[4, 1, 15], 1.0], [[5, 0, 4], 1.0], [[5, 1, 7], 1.0], [[6, 0, 6], 1.0], [[6, 1, 12], 1.0], [[7, 0, 3], 1.0], [[7, 1, 16], 1.0], [[8, 0, 10], 1.0], [[8, 1, 13], 1.0], [[9, 0, 14], 1.0], [[9, 1, 17], 1.0]]}, "a1": {"exec_time": 0.0, "obj": 298, "s": [2, 4, 4, 8, 6, 3, 7, 6, 5, 1, 9, 3, 7, 9, 10, 5, 8, 10, 2, 1]}, "a2": {"exec_time": 0.0, "obj": 298, "s": [2, 4, 4, 8, 6, 3, 7, 6, 5, 1, 9, 3, 7, 9, 10, 5, 8, 10, 2, 1], "ts": 1747941091}}}