{"id": "054fd4fbd5b96147713b2b754e294f3c", "params": {"p": [2, 2, 2], "w": [17, 6, 26], "d1": [4, 6, 4], "d2": [4, 6, 5], "s1": [4, 3, 2], "s2": [4, 5, 2], "r": [2, 3, 1]}, "results": {"osp_blp": {"solver": "highs", "exec_time": 0.02, "obj": 60, "x": [[[0, 1, 0, 0, 0, 0], [0, 0, 0, 1, 0, 0]], [[0, 0, 1, 0, 0, 0], [0, 0, 0, 0, 0, 1]], [[1, 0, 0, 0, 0, 0], [0, 0, 0, 0, 1, 0]]]}, "osp_lap_bnb_1st_arc": {"bnb_solver": "solve_osp_lap_bnb_2d_v3_3", "lap_solver": "scipy", "n_tree_nodes_stop_limit": Infinity, "obj": 60, "n_tree_nodes": 1, "n_lap_solved": 1, "exec_time": 0.0, "x": [[[0, 1, 0, 0, 0, 0], [0, 0, 0, 1, 0, 0]], [[0, 0, 1, 0, 0, 0], [0, 0, 0, 0, 0, 1]], [[1, 0, 0, 0, 0, 0], [0, 0, 0, 0, 1, 0]]]}, "osp_lap_bnb_hc_arc": {"bnb_solver": "solve_osp_lap_bnb_2d_v3_3", "lap_solver": "scipy", "n_tree_nodes_stop_limit": Infinity, "obj": 60, "n_tree_nodes": 1, "n_lap_solved": 1, "exec_time": 0.0, "x": [[[0, 1, 0, 0, 0, 0], [0, 0, 0, 1, 0, 0]], [[0, 0, 1, 0, 0, 0], [0, 0, 0, 0, 0, 1]], [[1, 0, 0, 0, 0, 0], [0, 0, 0, 0, 1, 0]]]}, "osp_lap_bnb_lc_arc": {"bnb_solver": "solve_osp_lap_bnb_2d_v3_3", "lap_solver": "scipy", "n_tree_nodes_stop_limit": Infinity, "obj": 60, "n_tree_nodes": 1, "n_lap_solved": 1, "exec_time": 0.0, "x": [[[0, 1, 0, 0, 0, 0], [0, 0, 0, 1, 0, 0]], [[0, 0, 1, 0, 0, 0], [0, 0, 0, 0, 0, 1]], [[1, 0, 0, 0, 0, 0], [0, 0, 0, 0, 1, 0]]]}, "osp_lap_bnb_lc_arc_utol": {"bnb_solver": "solve_osp_lap_bnb_2d_v3_3", "lap_solver": "scipy", "n_tree_nodes_stop_limit": Infinity, "obj": 60, "n_tree_nodes": 1, "n_lap_solved": 1, "exec_time": 0.0, "x": [[[0, 1, 0, 0, 0, 0], [0, 0, 0, 1, 0, 0]], [[0, 0, 1, 0, 0, 0], [0, 0, 0, 0, 0, 1]], [[1, 0, 0, 0, 0, 0], [0, 0, 0, 0, 1, 0]]]}, "osp_lap_bnb_lo_utol": {"bnb_solver": "solve_osp_lap_bnb_2d_v3_3", "lap_solver": "scipy", "n_tree_nodes_stop_limit": Infinity, "obj": 60, "n_tree_nodes": 1, "n_lap_solved": 1, "exec_time": 0.0, "x": [[[0, 1, 0, 0, 0, 0], [0, 0, 0, 1, 0, 0]], [[0, 0, 1, 0, 0, 0], [0, 0, 0, 0, 0, 1]], [[1, 0, 0, 0, 0, 0], [0, 0, 0, 0, 1, 0]]]}}}