{"id": "087144683f64fadf8d9825a01f07b432", "params": {"p": [2, 2, 2], "w": [15, 5, 4], "d1": [6, 5, 4], "d2": [6, 5, 6], "s1": [5, 2, 3], "s2": [6, 5, 4], "r": [3, 1, 2]}, "results": {"osp_blp": {"solver": "highs", "exec_time": 0.05, "obj": 18, "x": [[[0, 0, 0, 0, 1, 0], [0, 0, 0, 0, 0, 1]], [[1, 0, 0, 0, 0, 0], [0, 0, 0, 1, 0, 0]], [[0, 1, 0, 0, 0, 0], [0, 0, 1, 0, 0, 0]]]}, "osp_lap_bnb_1st_arc": {"bnb_solver": "solve_osp_lap_bnb_2d_v3_3", "lap_solver": "scipy", "n_tree_nodes_stop_limit": Infinity, "obj": 18, "n_tree_nodes": 1, "n_lap_solved": 1, "exec_time": 0.0, "x": [[[0, 0, 0, 0, 1, 0], [0, 0, 0, 0, 0, 1]], [[1, 0, 0, 0, 0, 0], [0, 0, 0, 1, 0, 0]], [[0, 1, 0, 0, 0, 0], [0, 0, 1, 0, 0, 0]]]}, "osp_lap_bnb_hc_arc": {"bnb_solver": "solve_osp_lap_bnb_2d_v3_3", "lap_solver": "scipy", "n_tree_nodes_stop_limit": Infinity, "obj": 18, "n_tree_nodes": 1, "n_lap_solved": 1, "exec_time": 0.0, "x": [[[0, 0, 0, 0, 1, 0], [0, 0, 0, 0, 0, 1]], [[1, 0, 0, 0, 0, 0], [0, 0, 0, 1, 0, 0]], [[0, 1, 0, 0, 0, 0], [0, 0, 1, 0, 0, 0]]]}, "osp_lap_bnb_lc_arc": {"bnb_solver": "solve_osp_lap_bnb_2d_v3_3", "lap_solver": "scipy", "n_tree_nodes_stop_limit": Infinity, "obj": 18, "n_tree_nodes": 1, "n_lap_solved": 1, "exec_time": 0.0, "x": [[[0, 0, 0, 0, 1, 0], [0, 0, 0, 0, 0, 1]], [[1, 0, 0, 0, 0, 0], [0, 0, 0, 1, 0, 0]], [[0, 1, 0, 0, 0, 0], [0, 0, 1, 0, 0, 0]]]}, "osp_lap_bnb_lc_arc_utol": {"bnb_solver": "solve_osp_lap_bnb_2d_v3_3", "lap_solver": "scipy", "n_tree_nodes_stop_limit": Infinity, "obj": 18, "n_tree_nodes": 1, "n_lap_solved": 1, "exec_time": 0.0, "x": [[[0, 0, 0, 0, 1, 0], [0, 0, 0, 0, 0, 1]], [[1, 0, 0, 0, 0, 0], [0, 0, 0, 1, 0, 0]], [[0, 1, 0, 0, 0, 0], [0, 0, 1, 0, 0, 0]]]}, "osp_lap_bnb_lo_utol": {"bnb_solver": "solve_osp_lap_bnb_2d_v3_3", "lap_solver": "scipy", "n_tree_nodes_stop_limit": Infinity, "obj": 18, "n_tree_nodes": 1, "n_lap_solved": 1, "exec_time": 0.0, "x": [[[0, 0, 0, 0, 1, 0], [0, 0, 0, 0, 0, 1]], [[1, 0, 0, 0, 0, 0], [0, 0, 0, 1, 0, 0]], [[0, 1, 0, 0, 0, 0], [0, 0, 1, 0, 0, 0]]]}}}