{"id": "100e87bb39ea65d513750b3a9ae47262", "params": {"p": [2, 2, 2], "w": [18, 25, 30], "d1": [5, 5, 5], "d2": [6, 5, 6], "s1": [3, 4, 4], "s2": [4, 5, 5], "r": [2, 1, 3]}, "results": {"osp_blp": {"solver": "highs", "exec_time": 0.0, "obj": 129, "x": [[[0, 1, 0, 0, 0, 0], [0, 0, 1, 0, 0, 0]], [[1, 0, 0, 0, 0, 0], [0, 0, 0, 0, 1, 0]], [[0, 0, 0, 1, 0, 0], [0, 0, 0, 0, 0, 1]]]}, "osp_lap_bnb_1st_arc": {"bnb_solver": "solve_osp_lap_bnb_2d_v3_3", "lap_solver": "scipy", "n_tree_nodes_stop_limit": Infinity, "obj": 129, "n_tree_nodes": 1, "n_lap_solved": 1, "exec_time": 0.0, "x": [[[0, 1, 0, 0, 0, 0], [0, 0, 1, 0, 0, 0]], [[1, 0, 0, 0, 0, 0], [0, 0, 0, 0, 1, 0]], [[0, 0, 0, 1, 0, 0], [0, 0, 0, 0, 0, 1]]]}, "osp_lap_bnb_hc_arc": {"bnb_solver": "solve_osp_lap_bnb_2d_v3_3", "lap_solver": "scipy", "n_tree_nodes_stop_limit": Infinity, "obj": 129, "n_tree_nodes": 1, "n_lap_solved": 1, "exec_time": 0.0, "x": [[[0, 1, 0, 0, 0, 0], [0, 0, 1, 0, 0, 0]], [[1, 0, 0, 0, 0, 0], [0, 0, 0, 0, 1, 0]], [[0, 0, 0, 1, 0, 0], [0, 0, 0, 0, 0, 1]]]}, "osp_lap_bnb_lc_arc": {"bnb_solver": "solve_osp_lap_bnb_2d_v3_3", "lap_solver": "scipy", "n_tree_nodes_stop_limit": Infinity, "obj": 129, "n_tree_nodes": 1, "n_lap_solved": 1, "exec_time": 0.0, "x": [[[0, 1, 0, 0, 0, 0], [0, 0, 1, 0, 0, 0]], [[1, 0, 0, 0, 0, 0], [0, 0, 0, 0, 1, 0]], [[0, 0, 0, 1, 0, 0], [0, 0, 0, 0, 0, 1]]]}, "osp_lap_bnb_lc_arc_utol": {"bnb_solver": "solve_osp_lap_bnb_2d_v3_3", "lap_solver": "scipy", "n_tree_nodes_stop_limit": Infinity, "obj": 129, "n_tree_nodes": 1, "n_lap_solved": 1, "exec_time": 0.0, "x": [[[0, 1, 0, 0, 0, 0], [0, 0, 1, 0, 0, 0]], [[1, 0, 0, 0, 0, 0], [0, 0, 0, 0, 1, 0]], [[0, 0, 0, 1, 0, 0], [0, 0, 0, 0, 0, 1]]]}, "osp_lap_bnb_lo_utol": {"bnb_solver": "solve_osp_lap_bnb_2d_v3_3", "lap_solver": "scipy", "n_tree_nodes_stop_limit": Infinity, "obj": 129, "n_tree_nodes": 1, "n_lap_solved": 1, "exec_time": 0.0, "x": [[[0, 1, 0, 0, 0, 0], [0, 0, 1, 0, 0, 0]], [[1, 0, 0, 0, 0, 0], [0, 0, 0, 0, 1, 0]], [[0, 0, 0, 1, 0, 0], [0, 0, 0, 0, 0, 1]]]}}}