{"id": "147d4a579e184d7b4a4121e530a4185e", "params": {"p": [2, 2, 2], "w": [23, 22, 8], "d1": [3, 6, 5], "d2": [4, 6, 6], "s1": [2, 5, 2], "s2": [3, 6, 2], "r": [1, 3, 2]}, "results": {"osp_blp": {"solver": "highs", "exec_time": 0.02, "obj": 31, "x": [[[1, 0, 0, 0, 0, 0], [0, 0, 1, 0, 0, 0]], [[0, 0, 0, 0, 1, 0], [0, 0, 0, 0, 0, 1]], [[0, 1, 0, 0, 0, 0], [0, 0, 0, 1, 0, 0]]]}, "osp_lap_bnb_1st_arc": {"bnb_solver": "solve_osp_lap_bnb_2d_v3_3", "lap_solver": "scipy", "n_tree_nodes_stop_limit": Infinity, "obj": 31, "n_tree_nodes": 1, "n_lap_solved": 1, "exec_time": 0.0, "x": [[[1, 0, 0, 0, 0, 0], [0, 0, 1, 0, 0, 0]], [[0, 0, 0, 0, 1, 0], [0, 0, 0, 0, 0, 1]], [[0, 1, 0, 0, 0, 0], [0, 0, 0, 1, 0, 0]]]}, "osp_lap_bnb_hc_arc": {"bnb_solver": "solve_osp_lap_bnb_2d_v3_3", "lap_solver": "scipy", "n_tree_nodes_stop_limit": Infinity, "obj": 31, "n_tree_nodes": 1, "n_lap_solved": 1, "exec_time": 0.0, "x": [[[1, 0, 0, 0, 0, 0], [0, 0, 1, 0, 0, 0]], [[0, 0, 0, 0, 1, 0], [0, 0, 0, 0, 0, 1]], [[0, 1, 0, 0, 0, 0], [0, 0, 0, 1, 0, 0]]]}, "osp_lap_bnb_lc_arc": {"bnb_solver": "solve_osp_lap_bnb_2d_v3_3", "lap_solver": "scipy", "n_tree_nodes_stop_limit": Infinity, "obj": 31, "n_tree_nodes": 1, "n_lap_solved": 1, "exec_time": 0.0, "x": [[[1, 0, 0, 0, 0, 0], [0, 0, 1, 0, 0, 0]], [[0, 0, 0, 0, 1, 0], [0, 0, 0, 0, 0, 1]], [[0, 1, 0, 0, 0, 0], [0, 0, 0, 1, 0, 0]]]}, "osp_lap_bnb_lc_arc_utol": {"bnb_solver": "solve_osp_lap_bnb_2d_v3_3", "lap_solver": "scipy", "n_tree_nodes_stop_limit": Infinity, "obj": 31, "n_tree_nodes": 1, "n_lap_solved": 1, "exec_time": 0.0, "x": [[[1, 0, 0, 0, 0, 0], [0, 0, 1, 0, 0, 0]], [[0, 0, 0, 0, 1, 0], [0, 0, 0, 0, 0, 1]], [[0, 1, 0, 0, 0, 0], [0, 0, 0, 1, 0, 0]]]}, "osp_lap_bnb_lo_utol": {"bnb_solver": "solve_osp_lap_bnb_2d_v3_3", "lap_solver": "scipy", "n_tree_nodes_stop_limit": Infinity, "obj": 31, "n_tree_nodes": 1, "n_lap_solved": 1, "exec_time": 0.0, "x": [[[1, 0, 0, 0, 0, 0], [0, 0, 1, 0, 0, 0]], [[0, 0, 0, 0, 1, 0], [0, 0, 0, 0, 0, 1]], [[0, 1, 0, 0, 0, 0], [0, 0, 0, 1, 0, 0]]]}}}