{"id": "1493b7db2df6a7a4cad62de6c070d98c", "params": {"p": [2, 2, 2], "w": [6, 21, 7], "d1": [4, 5, 6], "d2": [6, 5, 6], "s1": [4, 5, 2], "s2": [4, 5, 6], "r": [2, 3, 1]}, "results": {"osp_blp": {"solver": "highs", "exec_time": 0.0, "obj": 46, "x": [[[0, 1, 0, 0, 0, 0], [0, 0, 1, 0, 0, 0]], [[0, 0, 0, 1, 0, 0], [0, 0, 0, 0, 1, 0]], [[1, 0, 0, 0, 0, 0], [0, 0, 0, 0, 0, 1]]]}, "osp_lap_bnb_1st_arc": {"bnb_solver": "solve_osp_lap_bnb_2d_v3_3", "lap_solver": "scipy", "n_tree_nodes_stop_limit": Infinity, "obj": 46, "n_tree_nodes": 5, "n_lap_solved": 3, "exec_time": 0.0, "x": [[[0, 1, 0, 0, 0, 0], [0, 0, 1, 0, 0, 0]], [[0, 0, 0, 1, 0, 0], [0, 0, 0, 0, 1, 0]], [[1, 0, 0, 0, 0, 0], [0, 0, 0, 0, 0, 1]]]}, "osp_lap_bnb_hc_arc": {"bnb_solver": "solve_osp_lap_bnb_2d_v3_3", "lap_solver": "scipy", "n_tree_nodes_stop_limit": Infinity, "obj": 46, "n_tree_nodes": 5, "n_lap_solved": 3, "exec_time": 0.0, "x": [[[0, 1, 0, 0, 0, 0], [0, 0, 1, 0, 0, 0]], [[0, 0, 0, 1, 0, 0], [0, 0, 0, 0, 1, 0]], [[1, 0, 0, 0, 0, 0], [0, 0, 0, 0, 0, 1]]]}, "osp_lap_bnb_lc_arc": {"bnb_solver": "solve_osp_lap_bnb_2d_v3_3", "lap_solver": "scipy", "n_tree_nodes_stop_limit": Infinity, "obj": 46, "n_tree_nodes": 5, "n_lap_solved": 3, "exec_time": 0.0, "x": [[[0, 1, 0, 0, 0, 0], [0, 0, 1, 0, 0, 0]], [[0, 0, 0, 1, 0, 0], [0, 0, 0, 0, 1, 0]], [[1, 0, 0, 0, 0, 0], [0, 0, 0, 0, 0, 1]]]}, "osp_lap_bnb_lc_arc_utol": {"bnb_solver": "solve_osp_lap_bnb_2d_v3_3", "lap_solver": "scipy", "n_tree_nodes_stop_limit": Infinity, "obj": 46, "n_tree_nodes": 1, "n_lap_solved": 2, "exec_time": 0.0, "x": [[[0, 1, 0, 0, 0, 0], [0, 0, 1, 0, 0, 0]], [[0, 0, 0, 1, 0, 0], [0, 0, 0, 0, 1, 0]], [[1, 0, 0, 0, 0, 0], [0, 0, 0, 0, 0, 1]]]}, "osp_lap_bnb_lo_utol": {"bnb_solver": "solve_osp_lap_bnb_2d_v3_3", "lap_solver": "scipy", "n_tree_nodes_stop_limit": Infinity, "obj": 46, "n_tree_nodes": 1, "n_lap_solved": 3, "exec_time": 0.0, "x": [[[0, 1, 0, 0, 0, 0], [0, 0, 1, 0, 0, 0]], [[0, 0, 0, 1, 0, 0], [0, 0, 0, 0, 1, 0]], [[1, 0, 0, 0, 0, 0], [0, 0, 0, 0, 0, 1]]]}}}