{"id": "1ff01a58f2130587945c780f78340c03", "params": {"p": [2, 2, 2], "w": [1, 1, 8], "d1": [4, 5, 6], "d2": [4, 6, 6], "s1": [3, 1, 4], "s2": [4, 4, 6], "r": [2, 1, 3]}, "results": {"osp_blp": {"solver": "highs", "exec_time": 0.0, "obj": 2, "x": [[[0, 1, 0, 0, 0, 0], [0, 0, 1, 0, 0, 0]], [[1, 0, 0, 0, 0, 0], [0, 0, 0, 0, 1, 0]], [[0, 0, 0, 1, 0, 0], [0, 0, 0, 0, 0, 1]]]}, "osp_lap_bnb_1st_arc": {"bnb_solver": "solve_osp_lap_bnb_2d_v3_3", "lap_solver": "scipy", "n_tree_nodes_stop_limit": Infinity, "obj": 2, "n_tree_nodes": 1, "n_lap_solved": 1, "exec_time": 0.0, "x": [[[0, 1, 0, 0, 0, 0], [0, 0, 1, 0, 0, 0]], [[1, 0, 0, 0, 0, 0], [0, 0, 0, 0, 1, 0]], [[0, 0, 0, 1, 0, 0], [0, 0, 0, 0, 0, 1]]]}, "osp_lap_bnb_hc_arc": {"bnb_solver": "solve_osp_lap_bnb_2d_v3_3", "lap_solver": "scipy", "n_tree_nodes_stop_limit": Infinity, "obj": 2, "n_tree_nodes": 1, "n_lap_solved": 1, "exec_time": 0.0, "x": [[[0, 1, 0, 0, 0, 0], [0, 0, 1, 0, 0, 0]], [[1, 0, 0, 0, 0, 0], [0, 0, 0, 0, 1, 0]], [[0, 0, 0, 1, 0, 0], [0, 0, 0, 0, 0, 1]]]}, "osp_lap_bnb_lc_arc": {"bnb_solver": "solve_osp_lap_bnb_2d_v3_3", "lap_solver": "scipy", "n_tree_nodes_stop_limit": Infinity, "obj": 2, "n_tree_nodes": 1, "n_lap_solved": 1, "exec_time": 0.0, "x": [[[0, 1, 0, 0, 0, 0], [0, 0, 1, 0, 0, 0]], [[1, 0, 0, 0, 0, 0], [0, 0, 0, 0, 1, 0]], [[0, 0, 0, 1, 0, 0], [0, 0, 0, 0, 0, 1]]]}, "osp_lap_bnb_lc_arc_utol": {"bnb_solver": "solve_osp_lap_bnb_2d_v3_3", "lap_solver": "scipy", "n_tree_nodes_stop_limit": Infinity, "obj": 2, "n_tree_nodes": 1, "n_lap_solved": 1, "exec_time": 0.0, "x": [[[0, 1, 0, 0, 0, 0], [0, 0, 1, 0, 0, 0]], [[1, 0, 0, 0, 0, 0], [0, 0, 0, 0, 1, 0]], [[0, 0, 0, 1, 0, 0], [0, 0, 0, 0, 0, 1]]]}, "osp_lap_bnb_lo_utol": {"bnb_solver": "solve_osp_lap_bnb_2d_v3_3", "lap_solver": "scipy", "n_tree_nodes_stop_limit": Infinity, "obj": 2, "n_tree_nodes": 1, "n_lap_solved": 1, "exec_time": 0.0, "x": [[[0, 1, 0, 0, 0, 0], [0, 0, 1, 0, 0, 0]], [[1, 0, 0, 0, 0, 0], [0, 0, 0, 0, 1, 0]], [[0, 0, 0, 1, 0, 0], [0, 0, 0, 0, 0, 1]]]}}}