{"id": "201df765fb6826e2435167ce0cb1c457", "params": {"p": [2, 2, 2], "w": [21, 2, 26], "d1": [6, 5, 6], "d2": [6, 5, 6], "s1": [6, 3, 6], "s2": [6, 5, 6], "r": [3, 2, 1]}, "results": {"osp_blp": {"solver": "highs", "exec_time": 0.0, "obj": 199, "x": [[[0, 0, 0, 1, 0, 0], [0, 0, 0, 0, 1, 0]], [[0, 1, 0, 0, 0, 0], [0, 0, 1, 0, 0, 0]], [[1, 0, 0, 0, 0, 0], [0, 0, 0, 0, 0, 1]]]}, "osp_lap_bnb_1st_arc": {"bnb_solver": "solve_osp_lap_bnb_2d_v3_3", "lap_solver": "scipy", "n_tree_nodes_stop_limit": Infinity, "obj": 199, "n_tree_nodes": 1, "n_lap_solved": 1, "exec_time": 0.0, "x": [[[0, 0, 0, 1, 0, 0], [0, 0, 0, 0, 1, 0]], [[0, 1, 0, 0, 0, 0], [0, 0, 1, 0, 0, 0]], [[1, 0, 0, 0, 0, 0], [0, 0, 0, 0, 0, 1]]]}, "osp_lap_bnb_hc_arc": {"bnb_solver": "solve_osp_lap_bnb_2d_v3_3", "lap_solver": "scipy", "n_tree_nodes_stop_limit": Infinity, "obj": 199, "n_tree_nodes": 1, "n_lap_solved": 1, "exec_time": 0.0, "x": [[[0, 0, 0, 1, 0, 0], [0, 0, 0, 0, 1, 0]], [[0, 1, 0, 0, 0, 0], [0, 0, 1, 0, 0, 0]], [[1, 0, 0, 0, 0, 0], [0, 0, 0, 0, 0, 1]]]}, "osp_lap_bnb_lc_arc": {"bnb_solver": "solve_osp_lap_bnb_2d_v3_3", "lap_solver": "scipy", "n_tree_nodes_stop_limit": Infinity, "obj": 199, "n_tree_nodes": 1, "n_lap_solved": 1, "exec_time": 0.0, "x": [[[0, 0, 0, 1, 0, 0], [0, 0, 0, 0, 1, 0]], [[0, 1, 0, 0, 0, 0], [0, 0, 1, 0, 0, 0]], [[1, 0, 0, 0, 0, 0], [0, 0, 0, 0, 0, 1]]]}, "osp_lap_bnb_lc_arc_utol": {"bnb_solver": "solve_osp_lap_bnb_2d_v3_3", "lap_solver": "scipy", "n_tree_nodes_stop_limit": Infinity, "obj": 199, "n_tree_nodes": 1, "n_lap_solved": 1, "exec_time": 0.0, "x": [[[0, 0, 0, 1, 0, 0], [0, 0, 0, 0, 1, 0]], [[0, 1, 0, 0, 0, 0], [0, 0, 1, 0, 0, 0]], [[1, 0, 0, 0, 0, 0], [0, 0, 0, 0, 0, 1]]]}, "osp_lap_bnb_lo_utol": {"bnb_solver": "solve_osp_lap_bnb_2d_v3_3", "lap_solver": "scipy", "n_tree_nodes_stop_limit": Infinity, "obj": 199, "n_tree_nodes": 1, "n_lap_solved": 1, "exec_time": 0.0, "x": [[[0, 0, 0, 1, 0, 0], [0, 0, 0, 0, 1, 0]], [[0, 1, 0, 0, 0, 0], [0, 0, 1, 0, 0, 0]], [[1, 0, 0, 0, 0, 0], [0, 0, 0, 0, 0, 1]]]}}}