{"id": "22447d4567cbab49b3384f2650cc4edd", "params": {"p": [2, 2, 2], "w": [23, 12, 15], "d1": [6, 5, 6], "d2": [6, 6, 6], "s1": [4, 2, 6], "s2": [5, 2, 6], "r": [3, 2, 1]}, "results": {"osp_blp": {"solver": "highs", "exec_time": 0.0, "obj": 114, "x": [[[0, 0, 0, 1, 0, 0], [0, 0, 0, 0, 0, 1]], [[0, 1, 0, 0, 0, 0], [0, 0, 1, 0, 0, 0]], [[1, 0, 0, 0, 0, 0], [0, 0, 0, 0, 1, 0]]]}, "osp_lap_bnb_1st_arc": {"bnb_solver": "solve_osp_lap_bnb_2d_v3_3", "lap_solver": "scipy", "n_tree_nodes_stop_limit": Infinity, "obj": 114, "n_tree_nodes": 1, "n_lap_solved": 1, "exec_time": 0.0, "x": [[[0, 0, 0, 1, 0, 0], [0, 0, 0, 0, 0, 1]], [[0, 1, 0, 0, 0, 0], [0, 0, 1, 0, 0, 0]], [[1, 0, 0, 0, 0, 0], [0, 0, 0, 0, 1, 0]]]}, "osp_lap_bnb_hc_arc": {"bnb_solver": "solve_osp_lap_bnb_2d_v3_3", "lap_solver": "scipy", "n_tree_nodes_stop_limit": Infinity, "obj": 114, "n_tree_nodes": 1, "n_lap_solved": 1, "exec_time": 0.0, "x": [[[0, 0, 0, 1, 0, 0], [0, 0, 0, 0, 0, 1]], [[0, 1, 0, 0, 0, 0], [0, 0, 1, 0, 0, 0]], [[1, 0, 0, 0, 0, 0], [0, 0, 0, 0, 1, 0]]]}, "osp_lap_bnb_lc_arc": {"bnb_solver": "solve_osp_lap_bnb_2d_v3_3", "lap_solver": "scipy", "n_tree_nodes_stop_limit": Infinity, "obj": 114, "n_tree_nodes": 1, "n_lap_solved": 1, "exec_time": 0.0, "x": [[[0, 0, 0, 1, 0, 0], [0, 0, 0, 0, 0, 1]], [[0, 1, 0, 0, 0, 0], [0, 0, 1, 0, 0, 0]], [[1, 0, 0, 0, 0, 0], [0, 0, 0, 0, 1, 0]]]}, "osp_lap_bnb_lc_arc_utol": {"bnb_solver": "solve_osp_lap_bnb_2d_v3_3", "lap_solver": "scipy", "n_tree_nodes_stop_limit": Infinity, "obj": 114, "n_tree_nodes": 1, "n_lap_solved": 1, "exec_time": 0.0, "x": [[[0, 0, 0, 1, 0, 0], [0, 0, 0, 0, 0, 1]], [[0, 1, 0, 0, 0, 0], [0, 0, 1, 0, 0, 0]], [[1, 0, 0, 0, 0, 0], [0, 0, 0, 0, 1, 0]]]}, "osp_lap_bnb_lo_utol": {"bnb_solver": "solve_osp_lap_bnb_2d_v3_3", "lap_solver": "scipy", "n_tree_nodes_stop_limit": Infinity, "obj": 114, "n_tree_nodes": 1, "n_lap_solved": 1, "exec_time": 0.0, "x": [[[0, 0, 0, 1, 0, 0], [0, 0, 0, 0, 0, 1]], [[0, 1, 0, 0, 0, 0], [0, 0, 1, 0, 0, 0]], [[1, 0, 0, 0, 0, 0], [0, 0, 0, 0, 1, 0]]]}}}