{"id": "2600fc2b1a1225951136dc3abdb940b8", "params": {"p": [2, 2, 2], "w": [17, 20, 20], "d1": [6, 6, 5], "d2": [6, 6, 5], "s1": [4, 5, 2], "s2": [4, 6, 3], "r": [1, 3, 2]}, "results": {"osp_blp": {"solver": "highs", "exec_time": 0.0, "obj": 122, "x": [[[1, 0, 0, 0, 0, 0], [0, 0, 1, 0, 0, 0]], [[0, 0, 0, 1, 0, 0], [0, 0, 0, 0, 0, 1]], [[0, 1, 0, 0, 0, 0], [0, 0, 0, 0, 1, 0]]]}, "osp_lap_bnb_1st_arc": {"bnb_solver": "solve_osp_lap_bnb_2d_v3_3", "lap_solver": "scipy", "n_tree_nodes_stop_limit": Infinity, "obj": 122, "n_tree_nodes": 1, "n_lap_solved": 1, "exec_time": 0.0, "x": [[[1, 0, 0, 0, 0, 0], [0, 0, 1, 0, 0, 0]], [[0, 0, 0, 0, 1, 0], [0, 0, 0, 0, 0, 1]], [[0, 1, 0, 0, 0, 0], [0, 0, 0, 1, 0, 0]]]}, "osp_lap_bnb_hc_arc": {"bnb_solver": "solve_osp_lap_bnb_2d_v3_3", "lap_solver": "scipy", "n_tree_nodes_stop_limit": Infinity, "obj": 122, "n_tree_nodes": 1, "n_lap_solved": 1, "exec_time": 0.0, "x": [[[1, 0, 0, 0, 0, 0], [0, 0, 1, 0, 0, 0]], [[0, 0, 0, 0, 1, 0], [0, 0, 0, 0, 0, 1]], [[0, 1, 0, 0, 0, 0], [0, 0, 0, 1, 0, 0]]]}, "osp_lap_bnb_lc_arc": {"bnb_solver": "solve_osp_lap_bnb_2d_v3_3", "lap_solver": "scipy", "n_tree_nodes_stop_limit": Infinity, "obj": 122, "n_tree_nodes": 1, "n_lap_solved": 1, "exec_time": 0.0, "x": [[[1, 0, 0, 0, 0, 0], [0, 0, 1, 0, 0, 0]], [[0, 0, 0, 0, 1, 0], [0, 0, 0, 0, 0, 1]], [[0, 1, 0, 0, 0, 0], [0, 0, 0, 1, 0, 0]]]}, "osp_lap_bnb_lc_arc_utol": {"bnb_solver": "solve_osp_lap_bnb_2d_v3_3", "lap_solver": "scipy", "n_tree_nodes_stop_limit": Infinity, "obj": 122, "n_tree_nodes": 1, "n_lap_solved": 1, "exec_time": 0.0, "x": [[[1, 0, 0, 0, 0, 0], [0, 0, 1, 0, 0, 0]], [[0, 0, 0, 0, 1, 0], [0, 0, 0, 0, 0, 1]], [[0, 1, 0, 0, 0, 0], [0, 0, 0, 1, 0, 0]]]}, "osp_lap_bnb_lo_utol": {"bnb_solver": "solve_osp_lap_bnb_2d_v3_3", "lap_solver": "scipy", "n_tree_nodes_stop_limit": Infinity, "obj": 122, "n_tree_nodes": 1, "n_lap_solved": 1, "exec_time": 0.0, "x": [[[1, 0, 0, 0, 0, 0], [0, 0, 1, 0, 0, 0]], [[0, 0, 0, 0, 1, 0], [0, 0, 0, 0, 0, 1]], [[0, 1, 0, 0, 0, 0], [0, 0, 0, 1, 0, 0]]]}}}