{"id": "29b3ac8c522534c2381cb836225f68aa", "params": {"p": [2, 2, 2], "w": [21, 16, 1], "d1": [5, 5, 5], "d2": [6, 6, 6], "s1": [3, 2, 4], "s2": [3, 2, 5], "r": [2, 1, 3]}, "results": {"osp_blp": {"solver": "highs", "exec_time": 0.02, "obj": 39, "x": [[[0, 1, 0, 0, 0, 0], [0, 0, 0, 0, 1, 0]], [[1, 0, 0, 0, 0, 0], [0, 0, 0, 0, 0, 1]], [[0, 0, 1, 0, 0, 0], [0, 0, 0, 1, 0, 0]]]}, "osp_lap_bnb_1st_arc": {"bnb_solver": "solve_osp_lap_bnb_2d_v3_3", "lap_solver": "scipy", "n_tree_nodes_stop_limit": Infinity, "obj": 39, "n_tree_nodes": 1, "n_lap_solved": 1, "exec_time": 0.0, "x": [[[0, 1, 0, 0, 0, 0], [0, 0, 0, 0, 1, 0]], [[1, 0, 0, 0, 0, 0], [0, 0, 0, 0, 0, 1]], [[0, 0, 1, 0, 0, 0], [0, 0, 0, 1, 0, 0]]]}, "osp_lap_bnb_hc_arc": {"bnb_solver": "solve_osp_lap_bnb_2d_v3_3", "lap_solver": "scipy", "n_tree_nodes_stop_limit": Infinity, "obj": 39, "n_tree_nodes": 1, "n_lap_solved": 1, "exec_time": 0.0, "x": [[[0, 1, 0, 0, 0, 0], [0, 0, 0, 0, 1, 0]], [[1, 0, 0, 0, 0, 0], [0, 0, 0, 0, 0, 1]], [[0, 0, 1, 0, 0, 0], [0, 0, 0, 1, 0, 0]]]}, "osp_lap_bnb_lc_arc": {"bnb_solver": "solve_osp_lap_bnb_2d_v3_3", "lap_solver": "scipy", "n_tree_nodes_stop_limit": Infinity, "obj": 39, "n_tree_nodes": 1, "n_lap_solved": 1, "exec_time": 0.0, "x": [[[0, 1, 0, 0, 0, 0], [0, 0, 0, 0, 1, 0]], [[1, 0, 0, 0, 0, 0], [0, 0, 0, 0, 0, 1]], [[0, 0, 1, 0, 0, 0], [0, 0, 0, 1, 0, 0]]]}, "osp_lap_bnb_lc_arc_utol": {"bnb_solver": "solve_osp_lap_bnb_2d_v3_3", "lap_solver": "scipy", "n_tree_nodes_stop_limit": Infinity, "obj": 39, "n_tree_nodes": 1, "n_lap_solved": 1, "exec_time": 0.0, "x": [[[0, 1, 0, 0, 0, 0], [0, 0, 0, 0, 1, 0]], [[1, 0, 0, 0, 0, 0], [0, 0, 0, 0, 0, 1]], [[0, 0, 1, 0, 0, 0], [0, 0, 0, 1, 0, 0]]]}, "osp_lap_bnb_lo_utol": {"bnb_solver": "solve_osp_lap_bnb_2d_v3_3", "lap_solver": "scipy", "n_tree_nodes_stop_limit": Infinity, "obj": 39, "n_tree_nodes": 1, "n_lap_solved": 1, "exec_time": 0.0, "x": [[[0, 1, 0, 0, 0, 0], [0, 0, 0, 0, 1, 0]], [[1, 0, 0, 0, 0, 0], [0, 0, 0, 0, 0, 1]], [[0, 0, 1, 0, 0, 0], [0, 0, 0, 1, 0, 0]]]}}}