{"id": "31dc432104eb24c442cda1883d5c2fb6", "params": {"p": [2, 2, 2], "w": [1, 12, 29], "d1": [6, 6, 5], "d2": [6, 6, 6], "s1": [6, 3, 5], "s2": [6, 4, 5], "r": [1, 2, 3]}, "results": {"osp_blp": {"solver": "highs", "exec_time": 0.0, "obj": 33, "x": [[[1, 0, 0, 0, 0, 0], [0, 1, 0, 0, 0, 0]], [[0, 0, 1, 0, 0, 0], [0, 0, 0, 1, 0, 0]], [[0, 0, 0, 0, 1, 0], [0, 0, 0, 0, 0, 1]]]}, "osp_lap_bnb_1st_arc": {"bnb_solver": "solve_osp_lap_bnb_2d_v3_3", "lap_solver": "scipy", "n_tree_nodes_stop_limit": Infinity, "obj": 33, "n_tree_nodes": 1, "n_lap_solved": 1, "exec_time": 0.0, "x": [[[1, 0, 0, 0, 0, 0], [0, 1, 0, 0, 0, 0]], [[0, 0, 1, 0, 0, 0], [0, 0, 0, 1, 0, 0]], [[0, 0, 0, 0, 1, 0], [0, 0, 0, 0, 0, 1]]]}, "osp_lap_bnb_hc_arc": {"bnb_solver": "solve_osp_lap_bnb_2d_v3_3", "lap_solver": "scipy", "n_tree_nodes_stop_limit": Infinity, "obj": 33, "n_tree_nodes": 1, "n_lap_solved": 1, "exec_time": 0.0, "x": [[[1, 0, 0, 0, 0, 0], [0, 1, 0, 0, 0, 0]], [[0, 0, 1, 0, 0, 0], [0, 0, 0, 1, 0, 0]], [[0, 0, 0, 0, 1, 0], [0, 0, 0, 0, 0, 1]]]}, "osp_lap_bnb_lc_arc": {"bnb_solver": "solve_osp_lap_bnb_2d_v3_3", "lap_solver": "scipy", "n_tree_nodes_stop_limit": Infinity, "obj": 33, "n_tree_nodes": 1, "n_lap_solved": 1, "exec_time": 0.0, "x": [[[1, 0, 0, 0, 0, 0], [0, 1, 0, 0, 0, 0]], [[0, 0, 1, 0, 0, 0], [0, 0, 0, 1, 0, 0]], [[0, 0, 0, 0, 1, 0], [0, 0, 0, 0, 0, 1]]]}, "osp_lap_bnb_lc_arc_utol": {"bnb_solver": "solve_osp_lap_bnb_2d_v3_3", "lap_solver": "scipy", "n_tree_nodes_stop_limit": Infinity, "obj": 33, "n_tree_nodes": 1, "n_lap_solved": 1, "exec_time": 0.0, "x": [[[1, 0, 0, 0, 0, 0], [0, 1, 0, 0, 0, 0]], [[0, 0, 1, 0, 0, 0], [0, 0, 0, 1, 0, 0]], [[0, 0, 0, 0, 1, 0], [0, 0, 0, 0, 0, 1]]]}, "osp_lap_bnb_lo_utol": {"bnb_solver": "solve_osp_lap_bnb_2d_v3_3", "lap_solver": "scipy", "n_tree_nodes_stop_limit": Infinity, "obj": 33, "n_tree_nodes": 1, "n_lap_solved": 1, "exec_time": 0.0, "x": [[[1, 0, 0, 0, 0, 0], [0, 1, 0, 0, 0, 0]], [[0, 0, 1, 0, 0, 0], [0, 0, 0, 1, 0, 0]], [[0, 0, 0, 0, 1, 0], [0, 0, 0, 0, 0, 1]]]}}}