{"id": "3d9630a1f1fba8b9a906f67febc36582", "params": {"p": [2, 2, 2], "w": [19, 9, 5], "d1": [6, 5, 5], "d2": [6, 5, 6], "s1": [5, 3, 3], "s2": [5, 5, 3], "r": [1, 2, 3]}, "results": {"osp_blp": {"solver": "highs", "exec_time": 0.0, "obj": 90, "x": [[[1, 0, 0, 0, 0, 0], [0, 0, 0, 0, 0, 1]], [[0, 1, 0, 0, 0, 0], [0, 0, 0, 0, 1, 0]], [[0, 0, 1, 0, 0, 0], [0, 0, 0, 1, 0, 0]]]}, "osp_lap_bnb_1st_arc": {"bnb_solver": "solve_osp_lap_bnb_2d_v3_3", "lap_solver": "scipy", "n_tree_nodes_stop_limit": Infinity, "obj": 90, "n_tree_nodes": 1, "n_lap_solved": 1, "exec_time": 0.0, "x": [[[1, 0, 0, 0, 0, 0], [0, 0, 0, 0, 0, 1]], [[0, 1, 0, 0, 0, 0], [0, 0, 0, 0, 1, 0]], [[0, 0, 1, 0, 0, 0], [0, 0, 0, 1, 0, 0]]]}, "osp_lap_bnb_hc_arc": {"bnb_solver": "solve_osp_lap_bnb_2d_v3_3", "lap_solver": "scipy", "n_tree_nodes_stop_limit": Infinity, "obj": 90, "n_tree_nodes": 1, "n_lap_solved": 1, "exec_time": 0.0, "x": [[[1, 0, 0, 0, 0, 0], [0, 0, 0, 0, 0, 1]], [[0, 1, 0, 0, 0, 0], [0, 0, 0, 0, 1, 0]], [[0, 0, 1, 0, 0, 0], [0, 0, 0, 1, 0, 0]]]}, "osp_lap_bnb_lc_arc": {"bnb_solver": "solve_osp_lap_bnb_2d_v3_3", "lap_solver": "scipy", "n_tree_nodes_stop_limit": Infinity, "obj": 90, "n_tree_nodes": 1, "n_lap_solved": 1, "exec_time": 0.0, "x": [[[1, 0, 0, 0, 0, 0], [0, 0, 0, 0, 0, 1]], [[0, 1, 0, 0, 0, 0], [0, 0, 0, 0, 1, 0]], [[0, 0, 1, 0, 0, 0], [0, 0, 0, 1, 0, 0]]]}, "osp_lap_bnb_lc_arc_utol": {"bnb_solver": "solve_osp_lap_bnb_2d_v3_3", "lap_solver": "scipy", "n_tree_nodes_stop_limit": Infinity, "obj": 90, "n_tree_nodes": 1, "n_lap_solved": 1, "exec_time": 0.0, "x": [[[1, 0, 0, 0, 0, 0], [0, 0, 0, 0, 0, 1]], [[0, 1, 0, 0, 0, 0], [0, 0, 0, 0, 1, 0]], [[0, 0, 1, 0, 0, 0], [0, 0, 0, 1, 0, 0]]]}, "osp_lap_bnb_lo_utol": {"bnb_solver": "solve_osp_lap_bnb_2d_v3_3", "lap_solver": "scipy", "n_tree_nodes_stop_limit": Infinity, "obj": 90, "n_tree_nodes": 1, "n_lap_solved": 1, "exec_time": 0.0, "x": [[[1, 0, 0, 0, 0, 0], [0, 0, 0, 0, 0, 1]], [[0, 1, 0, 0, 0, 0], [0, 0, 0, 0, 1, 0]], [[0, 0, 1, 0, 0, 0], [0, 0, 0, 1, 0, 0]]]}}}