{"id": "40b16c6b8a64077fd6191f42250be93c", "params": {"p": [2, 2, 2], "w": [9, 3, 22], "d1": [5, 5, 6], "d2": [5, 6, 6], "s1": [3, 4, 3], "s2": [4, 4, 6], "r": [3, 1, 2]}, "results": {"osp_blp": {"solver": "highs", "exec_time": 0.0, "obj": 18, "x": [[[0, 0, 0, 1, 0, 0], [0, 0, 0, 0, 1, 0]], [[1, 0, 0, 0, 0, 0], [0, 1, 0, 0, 0, 0]], [[0, 0, 1, 0, 0, 0], [0, 0, 0, 0, 0, 1]]]}, "osp_lap_bnb_1st_arc": {"bnb_solver": "solve_osp_lap_bnb_2d_v3_3", "lap_solver": "scipy", "n_tree_nodes_stop_limit": Infinity, "obj": 18, "n_tree_nodes": 1, "n_lap_solved": 1, "exec_time": 0.0, "x": [[[0, 0, 1, 0, 0, 0], [0, 0, 0, 0, 1, 0]], [[1, 0, 0, 0, 0, 0], [0, 1, 0, 0, 0, 0]], [[0, 0, 0, 1, 0, 0], [0, 0, 0, 0, 0, 1]]]}, "osp_lap_bnb_hc_arc": {"bnb_solver": "solve_osp_lap_bnb_2d_v3_3", "lap_solver": "scipy", "n_tree_nodes_stop_limit": Infinity, "obj": 18, "n_tree_nodes": 1, "n_lap_solved": 1, "exec_time": 0.0, "x": [[[0, 0, 1, 0, 0, 0], [0, 0, 0, 0, 1, 0]], [[1, 0, 0, 0, 0, 0], [0, 1, 0, 0, 0, 0]], [[0, 0, 0, 1, 0, 0], [0, 0, 0, 0, 0, 1]]]}, "osp_lap_bnb_lc_arc": {"bnb_solver": "solve_osp_lap_bnb_2d_v3_3", "lap_solver": "scipy", "n_tree_nodes_stop_limit": Infinity, "obj": 18, "n_tree_nodes": 1, "n_lap_solved": 1, "exec_time": 0.0, "x": [[[0, 0, 1, 0, 0, 0], [0, 0, 0, 0, 1, 0]], [[1, 0, 0, 0, 0, 0], [0, 1, 0, 0, 0, 0]], [[0, 0, 0, 1, 0, 0], [0, 0, 0, 0, 0, 1]]]}, "osp_lap_bnb_lc_arc_utol": {"bnb_solver": "solve_osp_lap_bnb_2d_v3_3", "lap_solver": "scipy", "n_tree_nodes_stop_limit": Infinity, "obj": 18, "n_tree_nodes": 1, "n_lap_solved": 1, "exec_time": 0.0, "x": [[[0, 0, 1, 0, 0, 0], [0, 0, 0, 0, 1, 0]], [[1, 0, 0, 0, 0, 0], [0, 1, 0, 0, 0, 0]], [[0, 0, 0, 1, 0, 0], [0, 0, 0, 0, 0, 1]]]}, "osp_lap_bnb_lo_utol": {"bnb_solver": "solve_osp_lap_bnb_2d_v3_3", "lap_solver": "scipy", "n_tree_nodes_stop_limit": Infinity, "obj": 18, "n_tree_nodes": 1, "n_lap_solved": 1, "exec_time": 0.0, "x": [[[0, 0, 1, 0, 0, 0], [0, 0, 0, 0, 1, 0]], [[1, 0, 0, 0, 0, 0], [0, 1, 0, 0, 0, 0]], [[0, 0, 0, 1, 0, 0], [0, 0, 0, 0, 0, 1]]]}}}