{"id": "43b780911dd1f8ce1332312f89b4a81f", "params": {"p": [2, 2, 2], "w": [4, 2, 20], "d1": [6, 6, 6], "d2": [6, 6, 6], "s1": [6, 5, 3], "s2": [6, 6, 5], "r": [1, 2, 3]}, "results": {"osp_blp": {"solver": "highs", "exec_time": 0.0, "obj": 34, "x": [[[1, 0, 0, 0, 0, 0], [0, 0, 0, 0, 1, 0]], [[0, 1, 0, 0, 0, 0], [0, 0, 0, 1, 0, 0]], [[0, 0, 1, 0, 0, 0], [0, 0, 0, 0, 0, 1]]]}, "osp_lap_bnb_1st_arc": {"bnb_solver": "solve_osp_lap_bnb_2d_v3_3", "lap_solver": "scipy", "n_tree_nodes_stop_limit": Infinity, "obj": 34, "n_tree_nodes": 1, "n_lap_solved": 1, "exec_time": 0.0, "x": [[[1, 0, 0, 0, 0, 0], [0, 0, 0, 0, 1, 0]], [[0, 1, 0, 0, 0, 0], [0, 0, 0, 1, 0, 0]], [[0, 0, 1, 0, 0, 0], [0, 0, 0, 0, 0, 1]]]}, "osp_lap_bnb_hc_arc": {"bnb_solver": "solve_osp_lap_bnb_2d_v3_3", "lap_solver": "scipy", "n_tree_nodes_stop_limit": Infinity, "obj": 34, "n_tree_nodes": 1, "n_lap_solved": 1, "exec_time": 0.0, "x": [[[1, 0, 0, 0, 0, 0], [0, 0, 0, 0, 1, 0]], [[0, 1, 0, 0, 0, 0], [0, 0, 0, 1, 0, 0]], [[0, 0, 1, 0, 0, 0], [0, 0, 0, 0, 0, 1]]]}, "osp_lap_bnb_lc_arc": {"bnb_solver": "solve_osp_lap_bnb_2d_v3_3", "lap_solver": "scipy", "n_tree_nodes_stop_limit": Infinity, "obj": 34, "n_tree_nodes": 1, "n_lap_solved": 1, "exec_time": 0.0, "x": [[[1, 0, 0, 0, 0, 0], [0, 0, 0, 0, 1, 0]], [[0, 1, 0, 0, 0, 0], [0, 0, 0, 1, 0, 0]], [[0, 0, 1, 0, 0, 0], [0, 0, 0, 0, 0, 1]]]}, "osp_lap_bnb_lc_arc_utol": {"bnb_solver": "solve_osp_lap_bnb_2d_v3_3", "lap_solver": "scipy", "n_tree_nodes_stop_limit": Infinity, "obj": 34, "n_tree_nodes": 1, "n_lap_solved": 1, "exec_time": 0.0, "x": [[[1, 0, 0, 0, 0, 0], [0, 0, 0, 0, 1, 0]], [[0, 1, 0, 0, 0, 0], [0, 0, 0, 1, 0, 0]], [[0, 0, 1, 0, 0, 0], [0, 0, 0, 0, 0, 1]]]}, "osp_lap_bnb_lo_utol": {"bnb_solver": "solve_osp_lap_bnb_2d_v3_3", "lap_solver": "scipy", "n_tree_nodes_stop_limit": Infinity, "obj": 34, "n_tree_nodes": 1, "n_lap_solved": 1, "exec_time": 0.0, "x": [[[1, 0, 0, 0, 0, 0], [0, 0, 0, 0, 1, 0]], [[0, 1, 0, 0, 0, 0], [0, 0, 0, 1, 0, 0]], [[0, 0, 1, 0, 0, 0], [0, 0, 0, 0, 0, 1]]]}}}