{"id": "480e80837959ea6e9e443de2424634b5", "params": {"p": [2, 2, 2], "w": [2, 20, 19], "d1": [5, 6, 5], "d2": [5, 6, 6], "s1": [2, 5, 3], "s2": [4, 6, 3], "r": [2, 1, 3]}, "results": {"osp_blp": {"solver": "highs", "exec_time": 0.0, "obj": 82, "x": [[[0, 1, 0, 0, 0, 0], [0, 0, 0, 1, 0, 0]], [[1, 0, 0, 0, 0, 0], [0, 0, 0, 0, 0, 1]], [[0, 0, 1, 0, 0, 0], [0, 0, 0, 0, 1, 0]]]}, "osp_lap_bnb_1st_arc": {"bnb_solver": "solve_osp_lap_bnb_2d_v3_3", "lap_solver": "scipy", "n_tree_nodes_stop_limit": Infinity, "obj": 82, "n_tree_nodes": 1, "n_lap_solved": 1, "exec_time": 0.0, "x": [[[0, 1, 0, 0, 0, 0], [0, 0, 0, 1, 0, 0]], [[1, 0, 0, 0, 0, 0], [0, 0, 0, 0, 0, 1]], [[0, 0, 1, 0, 0, 0], [0, 0, 0, 0, 1, 0]]]}, "osp_lap_bnb_hc_arc": {"bnb_solver": "solve_osp_lap_bnb_2d_v3_3", "lap_solver": "scipy", "n_tree_nodes_stop_limit": Infinity, "obj": 82, "n_tree_nodes": 1, "n_lap_solved": 1, "exec_time": 0.0, "x": [[[0, 1, 0, 0, 0, 0], [0, 0, 0, 1, 0, 0]], [[1, 0, 0, 0, 0, 0], [0, 0, 0, 0, 0, 1]], [[0, 0, 1, 0, 0, 0], [0, 0, 0, 0, 1, 0]]]}, "osp_lap_bnb_lc_arc": {"bnb_solver": "solve_osp_lap_bnb_2d_v3_3", "lap_solver": "scipy", "n_tree_nodes_stop_limit": Infinity, "obj": 82, "n_tree_nodes": 1, "n_lap_solved": 1, "exec_time": 0.0, "x": [[[0, 1, 0, 0, 0, 0], [0, 0, 0, 1, 0, 0]], [[1, 0, 0, 0, 0, 0], [0, 0, 0, 0, 0, 1]], [[0, 0, 1, 0, 0, 0], [0, 0, 0, 0, 1, 0]]]}, "osp_lap_bnb_lc_arc_utol": {"bnb_solver": "solve_osp_lap_bnb_2d_v3_3", "lap_solver": "scipy", "n_tree_nodes_stop_limit": Infinity, "obj": 82, "n_tree_nodes": 1, "n_lap_solved": 1, "exec_time": 0.0, "x": [[[0, 1, 0, 0, 0, 0], [0, 0, 0, 1, 0, 0]], [[1, 0, 0, 0, 0, 0], [0, 0, 0, 0, 0, 1]], [[0, 0, 1, 0, 0, 0], [0, 0, 0, 0, 1, 0]]]}, "osp_lap_bnb_lo_utol": {"bnb_solver": "solve_osp_lap_bnb_2d_v3_3", "lap_solver": "scipy", "n_tree_nodes_stop_limit": Infinity, "obj": 82, "n_tree_nodes": 1, "n_lap_solved": 1, "exec_time": 0.0, "x": [[[0, 1, 0, 0, 0, 0], [0, 0, 0, 1, 0, 0]], [[1, 0, 0, 0, 0, 0], [0, 0, 0, 0, 0, 1]], [[0, 0, 1, 0, 0, 0], [0, 0, 0, 0, 1, 0]]]}}}