{"id": "521a9e58f992a67ce600663f8478dea6", "params": {"p": [2, 2, 2], "w": [1, 28, 1], "d1": [6, 4, 6], "d2": [6, 4, 6], "s1": [4, 4, 2], "s2": [6, 4, 5], "r": [3, 2, 1]}, "results": {"osp_blp": {"solver": "highs", "exec_time": 0.0, "obj": 33, "x": [[[0, 0, 0, 0, 1, 0], [0, 0, 0, 0, 0, 1]], [[0, 0, 1, 0, 0, 0], [0, 0, 0, 1, 0, 0]], [[1, 0, 0, 0, 0, 0], [0, 1, 0, 0, 0, 0]]]}, "osp_lap_bnb_1st_arc": {"bnb_solver": "solve_osp_lap_bnb_2d_v3_3", "lap_solver": "scipy", "n_tree_nodes_stop_limit": Infinity, "obj": 33, "n_tree_nodes": 5, "n_lap_solved": 3, "exec_time": 0.0, "x": [[[0, 0, 0, 0, 1, 0], [0, 0, 0, 0, 0, 1]], [[0, 0, 1, 0, 0, 0], [0, 0, 0, 1, 0, 0]], [[1, 0, 0, 0, 0, 0], [0, 1, 0, 0, 0, 0]]]}, "osp_lap_bnb_hc_arc": {"bnb_solver": "solve_osp_lap_bnb_2d_v3_3", "lap_solver": "scipy", "n_tree_nodes_stop_limit": Infinity, "obj": 33, "n_tree_nodes": 5, "n_lap_solved": 3, "exec_time": 0.0, "x": [[[0, 0, 0, 0, 1, 0], [0, 0, 0, 0, 0, 1]], [[0, 0, 1, 0, 0, 0], [0, 0, 0, 1, 0, 0]], [[1, 0, 0, 0, 0, 0], [0, 1, 0, 0, 0, 0]]]}, "osp_lap_bnb_lc_arc": {"bnb_solver": "solve_osp_lap_bnb_2d_v3_3", "lap_solver": "scipy", "n_tree_nodes_stop_limit": Infinity, "obj": 33, "n_tree_nodes": 5, "n_lap_solved": 3, "exec_time": 0.0, "x": [[[0, 0, 0, 0, 1, 0], [0, 0, 0, 0, 0, 1]], [[0, 0, 1, 0, 0, 0], [0, 0, 0, 1, 0, 0]], [[1, 0, 0, 0, 0, 0], [0, 1, 0, 0, 0, 0]]]}, "osp_lap_bnb_lc_arc_utol": {"bnb_solver": "solve_osp_lap_bnb_2d_v3_3", "lap_solver": "scipy", "n_tree_nodes_stop_limit": Infinity, "obj": 33, "n_tree_nodes": 3, "n_lap_solved": 3, "exec_time": 0.0, "x": [[[0, 0, 0, 0, 1, 0], [0, 0, 0, 0, 0, 1]], [[0, 0, 1, 0, 0, 0], [0, 0, 0, 1, 0, 0]], [[1, 0, 0, 0, 0, 0], [0, 1, 0, 0, 0, 0]]]}, "osp_lap_bnb_lo_utol": {"bnb_solver": "solve_osp_lap_bnb_2d_v3_3", "lap_solver": "scipy", "n_tree_nodes_stop_limit": Infinity, "obj": 33, "n_tree_nodes": 3, "n_lap_solved": 4, "exec_time": 0.0, "x": [[[0, 0, 0, 0, 1, 0], [0, 0, 0, 0, 0, 1]], [[0, 0, 1, 0, 0, 0], [0, 0, 0, 1, 0, 0]], [[1, 0, 0, 0, 0, 0], [0, 1, 0, 0, 0, 0]]]}}}