{"id": "59389a1189301d239f9c9cdef91dc4e8", "params": {"p": [2, 2, 2], "w": [20, 9, 30], "d1": [6, 5, 6], "d2": [6, 6, 6], "s1": [5, 5, 3], "s2": [5, 5, 5], "r": [2, 3, 1]}, "results": {"osp_blp": {"solver": "highs", "exec_time": 0.0, "obj": 167, "x": [[[0, 1, 0, 0, 0, 0], [0, 0, 0, 0, 1, 0]], [[0, 0, 1, 0, 0, 0], [0, 0, 0, 1, 0, 0]], [[1, 0, 0, 0, 0, 0], [0, 0, 0, 0, 0, 1]]]}, "osp_lap_bnb_1st_arc": {"bnb_solver": "solve_osp_lap_bnb_2d_v3_3", "lap_solver": "scipy", "n_tree_nodes_stop_limit": Infinity, "obj": 167, "n_tree_nodes": 1, "n_lap_solved": 1, "exec_time": 0.0, "x": [[[0, 1, 0, 0, 0, 0], [0, 0, 0, 0, 1, 0]], [[0, 0, 1, 0, 0, 0], [0, 0, 0, 1, 0, 0]], [[1, 0, 0, 0, 0, 0], [0, 0, 0, 0, 0, 1]]]}, "osp_lap_bnb_hc_arc": {"bnb_solver": "solve_osp_lap_bnb_2d_v3_3", "lap_solver": "scipy", "n_tree_nodes_stop_limit": Infinity, "obj": 167, "n_tree_nodes": 1, "n_lap_solved": 1, "exec_time": 0.0, "x": [[[0, 1, 0, 0, 0, 0], [0, 0, 0, 0, 1, 0]], [[0, 0, 1, 0, 0, 0], [0, 0, 0, 1, 0, 0]], [[1, 0, 0, 0, 0, 0], [0, 0, 0, 0, 0, 1]]]}, "osp_lap_bnb_lc_arc": {"bnb_solver": "solve_osp_lap_bnb_2d_v3_3", "lap_solver": "scipy", "n_tree_nodes_stop_limit": Infinity, "obj": 167, "n_tree_nodes": 1, "n_lap_solved": 1, "exec_time": 0.0, "x": [[[0, 1, 0, 0, 0, 0], [0, 0, 0, 0, 1, 0]], [[0, 0, 1, 0, 0, 0], [0, 0, 0, 1, 0, 0]], [[1, 0, 0, 0, 0, 0], [0, 0, 0, 0, 0, 1]]]}, "osp_lap_bnb_lc_arc_utol": {"bnb_solver": "solve_osp_lap_bnb_2d_v3_3", "lap_solver": "scipy", "n_tree_nodes_stop_limit": Infinity, "obj": 167, "n_tree_nodes": 1, "n_lap_solved": 1, "exec_time": 0.0, "x": [[[0, 1, 0, 0, 0, 0], [0, 0, 0, 0, 1, 0]], [[0, 0, 1, 0, 0, 0], [0, 0, 0, 1, 0, 0]], [[1, 0, 0, 0, 0, 0], [0, 0, 0, 0, 0, 1]]]}, "osp_lap_bnb_lo_utol": {"bnb_solver": "solve_osp_lap_bnb_2d_v3_3", "lap_solver": "scipy", "n_tree_nodes_stop_limit": Infinity, "obj": 167, "n_tree_nodes": 1, "n_lap_solved": 1, "exec_time": 0.0, "x": [[[0, 1, 0, 0, 0, 0], [0, 0, 0, 0, 1, 0]], [[0, 0, 1, 0, 0, 0], [0, 0, 0, 1, 0, 0]], [[1, 0, 0, 0, 0, 0], [0, 0, 0, 0, 0, 1]]]}}}