{"id": "5d0cc48f04a6ec4ee5ef32c07ea67d9a", "params": {"p": [2, 2, 2], "w": [21, 8, 7], "d1": [5, 6, 6], "d2": [5, 6, 6], "s1": [3, 5, 5], "s2": [5, 5, 5], "r": [3, 1, 2]}, "results": {"osp_blp": {"solver": "highs", "exec_time": 0.0, "obj": 67, "x": [[[0, 0, 1, 0, 0, 0], [0, 0, 0, 0, 1, 0]], [[1, 0, 0, 0, 0, 0], [0, 0, 0, 0, 0, 1]], [[0, 1, 0, 0, 0, 0], [0, 0, 0, 1, 0, 0]]]}, "osp_lap_bnb_1st_arc": {"bnb_solver": "solve_osp_lap_bnb_2d_v3_3", "lap_solver": "scipy", "n_tree_nodes_stop_limit": Infinity, "obj": 67, "n_tree_nodes": 1, "n_lap_solved": 1, "exec_time": 0.0, "x": [[[0, 0, 1, 0, 0, 0], [0, 0, 0, 0, 1, 0]], [[1, 0, 0, 0, 0, 0], [0, 0, 0, 0, 0, 1]], [[0, 1, 0, 0, 0, 0], [0, 0, 0, 1, 0, 0]]]}, "osp_lap_bnb_hc_arc": {"bnb_solver": "solve_osp_lap_bnb_2d_v3_3", "lap_solver": "scipy", "n_tree_nodes_stop_limit": Infinity, "obj": 67, "n_tree_nodes": 1, "n_lap_solved": 1, "exec_time": 0.0, "x": [[[0, 0, 1, 0, 0, 0], [0, 0, 0, 0, 1, 0]], [[1, 0, 0, 0, 0, 0], [0, 0, 0, 0, 0, 1]], [[0, 1, 0, 0, 0, 0], [0, 0, 0, 1, 0, 0]]]}, "osp_lap_bnb_lc_arc": {"bnb_solver": "solve_osp_lap_bnb_2d_v3_3", "lap_solver": "scipy", "n_tree_nodes_stop_limit": Infinity, "obj": 67, "n_tree_nodes": 1, "n_lap_solved": 1, "exec_time": 0.0, "x": [[[0, 0, 1, 0, 0, 0], [0, 0, 0, 0, 1, 0]], [[1, 0, 0, 0, 0, 0], [0, 0, 0, 0, 0, 1]], [[0, 1, 0, 0, 0, 0], [0, 0, 0, 1, 0, 0]]]}, "osp_lap_bnb_lc_arc_utol": {"bnb_solver": "solve_osp_lap_bnb_2d_v3_3", "lap_solver": "scipy", "n_tree_nodes_stop_limit": Infinity, "obj": 67, "n_tree_nodes": 1, "n_lap_solved": 1, "exec_time": 0.0, "x": [[[0, 0, 1, 0, 0, 0], [0, 0, 0, 0, 1, 0]], [[1, 0, 0, 0, 0, 0], [0, 0, 0, 0, 0, 1]], [[0, 1, 0, 0, 0, 0], [0, 0, 0, 1, 0, 0]]]}, "osp_lap_bnb_lo_utol": {"bnb_solver": "solve_osp_lap_bnb_2d_v3_3", "lap_solver": "scipy", "n_tree_nodes_stop_limit": Infinity, "obj": 67, "n_tree_nodes": 1, "n_lap_solved": 1, "exec_time": 0.0, "x": [[[0, 0, 1, 0, 0, 0], [0, 0, 0, 0, 1, 0]], [[1, 0, 0, 0, 0, 0], [0, 0, 0, 0, 0, 1]], [[0, 1, 0, 0, 0, 0], [0, 0, 0, 1, 0, 0]]]}}}