{"id": "5f5bd76a3f0f5862bd3dccaafba24476", "params": {"p": [2, 2, 2], "w": [23, 23, 4], "d1": [5, 5, 4], "d2": [5, 6, 5], "s1": [5, 4, 3], "s2": [5, 4, 3], "r": [3, 2, 1]}, "results": {"osp_blp": {"solver": "highs", "exec_time": 0.0, "obj": 62, "x": [[[0, 0, 0, 1, 0, 0], [0, 0, 0, 0, 1, 0]], [[0, 0, 1, 0, 0, 0], [0, 0, 0, 0, 0, 1]], [[1, 0, 0, 0, 0, 0], [0, 1, 0, 0, 0, 0]]]}, "osp_lap_bnb_1st_arc": {"bnb_solver": "solve_osp_lap_bnb_2d_v3_3", "lap_solver": "scipy", "n_tree_nodes_stop_limit": Infinity, "obj": 62, "n_tree_nodes": 1, "n_lap_solved": 1, "exec_time": 0.0, "x": [[[0, 0, 1, 0, 0, 0], [0, 0, 0, 0, 1, 0]], [[0, 0, 0, 1, 0, 0], [0, 0, 0, 0, 0, 1]], [[1, 0, 0, 0, 0, 0], [0, 1, 0, 0, 0, 0]]]}, "osp_lap_bnb_hc_arc": {"bnb_solver": "solve_osp_lap_bnb_2d_v3_3", "lap_solver": "scipy", "n_tree_nodes_stop_limit": Infinity, "obj": 62, "n_tree_nodes": 1, "n_lap_solved": 1, "exec_time": 0.0, "x": [[[0, 0, 1, 0, 0, 0], [0, 0, 0, 0, 1, 0]], [[0, 0, 0, 1, 0, 0], [0, 0, 0, 0, 0, 1]], [[1, 0, 0, 0, 0, 0], [0, 1, 0, 0, 0, 0]]]}, "osp_lap_bnb_lc_arc": {"bnb_solver": "solve_osp_lap_bnb_2d_v3_3", "lap_solver": "scipy", "n_tree_nodes_stop_limit": Infinity, "obj": 62, "n_tree_nodes": 1, "n_lap_solved": 1, "exec_time": 0.0, "x": [[[0, 0, 1, 0, 0, 0], [0, 0, 0, 0, 1, 0]], [[0, 0, 0, 1, 0, 0], [0, 0, 0, 0, 0, 1]], [[1, 0, 0, 0, 0, 0], [0, 1, 0, 0, 0, 0]]]}, "osp_lap_bnb_lc_arc_utol": {"bnb_solver": "solve_osp_lap_bnb_2d_v3_3", "lap_solver": "scipy", "n_tree_nodes_stop_limit": Infinity, "obj": 62, "n_tree_nodes": 1, "n_lap_solved": 1, "exec_time": 0.0, "x": [[[0, 0, 1, 0, 0, 0], [0, 0, 0, 0, 1, 0]], [[0, 0, 0, 1, 0, 0], [0, 0, 0, 0, 0, 1]], [[1, 0, 0, 0, 0, 0], [0, 1, 0, 0, 0, 0]]]}, "osp_lap_bnb_lo_utol": {"bnb_solver": "solve_osp_lap_bnb_2d_v3_3", "lap_solver": "scipy", "n_tree_nodes_stop_limit": Infinity, "obj": 62, "n_tree_nodes": 1, "n_lap_solved": 1, "exec_time": 0.0, "x": [[[0, 0, 1, 0, 0, 0], [0, 0, 0, 0, 1, 0]], [[0, 0, 0, 1, 0, 0], [0, 0, 0, 0, 0, 1]], [[1, 0, 0, 0, 0, 0], [0, 1, 0, 0, 0, 0]]]}}}