{"id": "60e25ec0b22396b65f80f69fd666371d", "params": {"p": [2, 2, 2], "w": [17, 2, 12], "d1": [4, 4, 5], "d2": [5, 6, 5], "s1": [3, 4, 5], "s2": [4, 4, 5], "r": [2, 1, 3]}, "results": {"osp_blp": {"solver": "highs", "exec_time": 0.0, "obj": 22, "x": [[[0, 0, 1, 0, 0, 0], [0, 0, 0, 1, 0, 0]], [[1, 0, 0, 0, 0, 0], [0, 1, 0, 0, 0, 0]], [[0, 0, 0, 0, 1, 0], [0, 0, 0, 0, 0, 1]]]}, "osp_lap_bnb_1st_arc": {"bnb_solver": "solve_osp_lap_bnb_2d_v3_3", "lap_solver": "scipy", "n_tree_nodes_stop_limit": Infinity, "obj": 22, "n_tree_nodes": 1, "n_lap_solved": 1, "exec_time": 0.0, "x": [[[0, 0, 1, 0, 0, 0], [0, 0, 0, 1, 0, 0]], [[1, 0, 0, 0, 0, 0], [0, 1, 0, 0, 0, 0]], [[0, 0, 0, 0, 1, 0], [0, 0, 0, 0, 0, 1]]]}, "osp_lap_bnb_hc_arc": {"bnb_solver": "solve_osp_lap_bnb_2d_v3_3", "lap_solver": "scipy", "n_tree_nodes_stop_limit": Infinity, "obj": 22, "n_tree_nodes": 1, "n_lap_solved": 1, "exec_time": 0.0, "x": [[[0, 0, 1, 0, 0, 0], [0, 0, 0, 1, 0, 0]], [[1, 0, 0, 0, 0, 0], [0, 1, 0, 0, 0, 0]], [[0, 0, 0, 0, 1, 0], [0, 0, 0, 0, 0, 1]]]}, "osp_lap_bnb_lc_arc": {"bnb_solver": "solve_osp_lap_bnb_2d_v3_3", "lap_solver": "scipy", "n_tree_nodes_stop_limit": Infinity, "obj": 22, "n_tree_nodes": 1, "n_lap_solved": 1, "exec_time": 0.0, "x": [[[0, 0, 1, 0, 0, 0], [0, 0, 0, 1, 0, 0]], [[1, 0, 0, 0, 0, 0], [0, 1, 0, 0, 0, 0]], [[0, 0, 0, 0, 1, 0], [0, 0, 0, 0, 0, 1]]]}, "osp_lap_bnb_lc_arc_utol": {"bnb_solver": "solve_osp_lap_bnb_2d_v3_3", "lap_solver": "scipy", "n_tree_nodes_stop_limit": Infinity, "obj": 22, "n_tree_nodes": 1, "n_lap_solved": 1, "exec_time": 0.0, "x": [[[0, 0, 1, 0, 0, 0], [0, 0, 0, 1, 0, 0]], [[1, 0, 0, 0, 0, 0], [0, 1, 0, 0, 0, 0]], [[0, 0, 0, 0, 1, 0], [0, 0, 0, 0, 0, 1]]]}, "osp_lap_bnb_lo_utol": {"bnb_solver": "solve_osp_lap_bnb_2d_v3_3", "lap_solver": "scipy", "n_tree_nodes_stop_limit": Infinity, "obj": 22, "n_tree_nodes": 1, "n_lap_solved": 1, "exec_time": 0.0, "x": [[[0, 0, 1, 0, 0, 0], [0, 0, 0, 1, 0, 0]], [[1, 0, 0, 0, 0, 0], [0, 1, 0, 0, 0, 0]], [[0, 0, 0, 0, 1, 0], [0, 0, 0, 0, 0, 1]]]}}}