{"id": "6fba718e2d39a8a0f6355f4f470530dc", "params": {"p": [2, 2, 2], "w": [16, 26, 17], "d1": [3, 6, 6], "d2": [5, 6, 6], "s1": [1, 2, 3], "s2": [2, 5, 3], "r": [1, 2, 3]}, "results": {"osp_blp": {"solver": "highs", "exec_time": 0.02, "obj": 17, "x": [[[1, 0, 0, 0, 0, 0], [0, 0, 0, 1, 0, 0]], [[0, 1, 0, 0, 0, 0], [0, 0, 0, 0, 0, 1]], [[0, 0, 1, 0, 0, 0], [0, 0, 0, 0, 1, 0]]]}, "osp_lap_bnb_1st_arc": {"bnb_solver": "solve_osp_lap_bnb_2d_v3_3", "lap_solver": "scipy", "n_tree_nodes_stop_limit": Infinity, "obj": 17, "n_tree_nodes": 1, "n_lap_solved": 1, "exec_time": 0.0, "x": [[[1, 0, 0, 0, 0, 0], [0, 0, 0, 1, 0, 0]], [[0, 1, 0, 0, 0, 0], [0, 0, 0, 0, 0, 1]], [[0, 0, 1, 0, 0, 0], [0, 0, 0, 0, 1, 0]]]}, "osp_lap_bnb_hc_arc": {"bnb_solver": "solve_osp_lap_bnb_2d_v3_3", "lap_solver": "scipy", "n_tree_nodes_stop_limit": Infinity, "obj": 17, "n_tree_nodes": 1, "n_lap_solved": 1, "exec_time": 0.0, "x": [[[1, 0, 0, 0, 0, 0], [0, 0, 0, 1, 0, 0]], [[0, 1, 0, 0, 0, 0], [0, 0, 0, 0, 0, 1]], [[0, 0, 1, 0, 0, 0], [0, 0, 0, 0, 1, 0]]]}, "osp_lap_bnb_lc_arc": {"bnb_solver": "solve_osp_lap_bnb_2d_v3_3", "lap_solver": "scipy", "n_tree_nodes_stop_limit": Infinity, "obj": 17, "n_tree_nodes": 1, "n_lap_solved": 1, "exec_time": 0.0, "x": [[[1, 0, 0, 0, 0, 0], [0, 0, 0, 1, 0, 0]], [[0, 1, 0, 0, 0, 0], [0, 0, 0, 0, 0, 1]], [[0, 0, 1, 0, 0, 0], [0, 0, 0, 0, 1, 0]]]}, "osp_lap_bnb_lc_arc_utol": {"bnb_solver": "solve_osp_lap_bnb_2d_v3_3", "lap_solver": "scipy", "n_tree_nodes_stop_limit": Infinity, "obj": 17, "n_tree_nodes": 1, "n_lap_solved": 1, "exec_time": 0.0, "x": [[[1, 0, 0, 0, 0, 0], [0, 0, 0, 1, 0, 0]], [[0, 1, 0, 0, 0, 0], [0, 0, 0, 0, 0, 1]], [[0, 0, 1, 0, 0, 0], [0, 0, 0, 0, 1, 0]]]}, "osp_lap_bnb_lo_utol": {"bnb_solver": "solve_osp_lap_bnb_2d_v3_3", "lap_solver": "scipy", "n_tree_nodes_stop_limit": Infinity, "obj": 17, "n_tree_nodes": 1, "n_lap_solved": 1, "exec_time": 0.0, "x": [[[1, 0, 0, 0, 0, 0], [0, 0, 0, 1, 0, 0]], [[0, 1, 0, 0, 0, 0], [0, 0, 0, 0, 0, 1]], [[0, 0, 1, 0, 0, 0], [0, 0, 0, 0, 1, 0]]]}}}